type	participant.participant_id	data_file_name	data_file_type	data_file_description	data_file_format	data_file_size	data_file_checksum_value	data_file_checksum_type	data_file_compression_status
data_file	CTDC-SUBJECT-105359	CTDC_files-example-097	Clinical Report	Details about the contents of the file	pdf	197.96	61959bc5c2b131b30ec6cd34acd497d105	md5sum	Uncompressed
data_file	CTDC-SUBJECT-105359	CTDC_files-example-098	File Collection	Details about the contents of the file	docx	806.25	61959bc5c2b131b30ec6cd34acd497d106	md5sum	Unknown
data_file	CTDC-SUBJECT-115563	CTDC_files-example-117	File Collection	Details about the contents of the file	pdf	235.19	61959bc5c2b131b30ec6cd34acd497d125	md5sum	Uncompressed
data_file	CTDC-SUBJECT-115563	CTDC_files-example-118	Variant Call File	Details about the contents of the file	gz	913.89	61959bc5c2b131b30ec6cd34acd497d126	md5sum	Uncompressed
data_file	CTDC-SUBJECT-116372	CTDC_files-example-127	Variant Call File	Details about the contents of the file	zip	34.02	61959bc5c2b131b30ec6cd34acd497d135	md5sum	Unknown
data_file	CTDC-SUBJECT-116372	CTDC_files-example-128	File Collection	Details about the contents of the file	gz	919.2	61959bc5c2b131b30ec6cd34acd497d136	md5sum	Uncompressed
data_file	CTDC-SUBJECT-144313	CTDC_files-example-121	Variant Call File	Details about the contents of the file	pdf	274.47	61959bc5c2b131b30ec6cd34acd497d129	md5sum	Compressed
data_file	CTDC-SUBJECT-144313	CTDC_files-example-122	File Collection	Details about the contents of the file	pdf	639.21	61959bc5c2b131b30ec6cd34acd497d130	md5sum	Unknown
data_file	CTDC-SUBJECT-159850	CTDC_files-example-093	File Collection	Details about the contents of the file	gz	580.38	61959bc5c2b131b30ec6cd34acd497d101	md5sum	Unknown
data_file	CTDC-SUBJECT-159850	CTDC_files-example-094	Variant Call File	Details about the contents of the file	docx	204.65	61959bc5c2b131b30ec6cd34acd497d102	md5sum	Compressed
data_file	CTDC-SUBJECT-161315	CTDC_files-example-079	Variant Report	Details about the contents of the file	docx	601.79	61959bc5c2b131b30ec6cd34acd497d87	md5sum	Unknown
data_file	CTDC-SUBJECT-163620	CTDC_files-example-018	Variant Report	Details about the contents of the file	gz	821.26	61959bc5c2b131b30ec6cd34acd497d26	md5sum	Uncompressed
data_file	CTDC-SUBJECT-165330	CTDC_files-example-007	Variant Report	Details about the contents of the file	docx	461.14	61959bc5c2b131b30ec6cd34acd497d15	md5sum	Unknown
data_file	CTDC-SUBJECT-180549	CTDC_files-example-068	Clinical Report	Details about the contents of the file	gz	155.72	61959bc5c2b131b30ec6cd34acd497d76	md5sum	Uncompressed
data_file	CTDC-SUBJECT-189635	CTDC_files-example-133	File Collection	Details about the contents of the file	gz	670.84	61959bc5c2b131b30ec6cd34acd497d141	md5sum	Compressed
data_file	CTDC-SUBJECT-189635	CTDC_files-example-134	Variant Call File	Details about the contents of the file	vcf	347.09	61959bc5c2b131b30ec6cd34acd497d142	md5sum	Uncompressed
data_file	CTDC-SUBJECT-192223	CTDC_files-example-025	File Collection	Details about the contents of the file	gz	820.08	61959bc5c2b131b30ec6cd34acd497d33	md5sum	Uncompressed
data_file	CTDC-SUBJECT-202893	CTDC_files-example-087	File Collection	Details about the contents of the file	pdf	896.8	61959bc5c2b131b30ec6cd34acd497d95	md5sum	Uncompressed
data_file	CTDC-SUBJECT-206266	CTDC_files-example-078	File Collection	Details about the contents of the file	zip	928.93	61959bc5c2b131b30ec6cd34acd497d86	md5sum	Unknown
data_file	CTDC-SUBJECT-210323	CTDC_files-example-042	Variant Report	Details about the contents of the file	vcf	557.65	61959bc5c2b131b30ec6cd34acd497d50	md5sum	Unknown
data_file	CTDC-SUBJECT-211748	CTDC_files-example-105	File Collection	Details about the contents of the file	pdf	746.9	61959bc5c2b131b30ec6cd34acd497d113	md5sum	Compressed
data_file	CTDC-SUBJECT-211748	CTDC_files-example-106	File Collection	Details about the contents of the file	pdf	570.14	61959bc5c2b131b30ec6cd34acd497d114	md5sum	Compressed
data_file	CTDC-SUBJECT-221047	CTDC_files-example-145	Clinical Report	Details about the contents of the file	gz	305.91	61959bc5c2b131b30ec6cd34acd497d153	md5sum	Compressed
data_file	CTDC-SUBJECT-221047	CTDC_files-example-146	Variant Report	Details about the contents of the file	vcf	436.85	61959bc5c2b131b30ec6cd34acd497d154	md5sum	Compressed
data_file	CTDC-SUBJECT-221942	CTDC_files-example-089	Clinical Report	Details about the contents of the file	pdf	832.56	61959bc5c2b131b30ec6cd34acd497d97	md5sum	Compressed
data_file	CTDC-SUBJECT-247208	CTDC_files-example-149	Variant Call File	Details about the contents of the file	docx	619.03	61959bc5c2b131b30ec6cd34acd497d157	md5sum	Compressed
data_file	CTDC-SUBJECT-247208	CTDC_files-example-150	Variant Call File	Details about the contents of the file	pdf	507.55	61959bc5c2b131b30ec6cd34acd497d158	md5sum	Unknown
data_file	CTDC-SUBJECT-249982	CTDC_files-example-062	Variant Report	Details about the contents of the file	gz	441.37	61959bc5c2b131b30ec6cd34acd497d70	md5sum	Unknown
data_file	CTDC-SUBJECT-252950	CTDC_files-example-075	Variant Call File	Details about the contents of the file	vcf	213.7	61959bc5c2b131b30ec6cd34acd497d83	md5sum	Uncompressed
data_file	CTDC-SUBJECT-254053	CTDC_files-example-057	File Collection	Details about the contents of the file	gz	405.13	61959bc5c2b131b30ec6cd34acd497d65	md5sum	Unknown
data_file	CTDC-SUBJECT-254303	CTDC_files-example-043	Variant Report	Details about the contents of the file	gz	552.92	61959bc5c2b131b30ec6cd34acd497d51	md5sum	Uncompressed
data_file	CTDC-SUBJECT-262510	CTDC_files-example-071	Clinical Report	Details about the contents of the file	zip	746.86	61959bc5c2b131b30ec6cd34acd497d79	md5sum	Uncompressed
data_file	CTDC-SUBJECT-265741	CTDC_files-example-065	Clinical Report	Details about the contents of the file	zip	230.39	61959bc5c2b131b30ec6cd34acd497d73	md5sum	Compressed
data_file	CTDC-SUBJECT-273839	CTDC_files-example-049	File Collection	Details about the contents of the file	docx	635.42	61959bc5c2b131b30ec6cd34acd497d57	md5sum	Compressed
data_file	CTDC-SUBJECT-288185	CTDC_files-example-005	Variant Call File	Details about the contents of the file	pdf	728.89	61959bc5c2b131b30ec6cd34acd497d13	md5sum	Uncompressed
data_file	CTDC-SUBJECT-293993	CTDC_files-example-051	Variant Report	Details about the contents of the file	docx	25.18	61959bc5c2b131b30ec6cd34acd497d59	md5sum	Compressed
data_file	CTDC-SUBJECT-296184	CTDC_files-example-052	Variant Call File	Details about the contents of the file	pdf	453.48	61959bc5c2b131b30ec6cd34acd497d60	md5sum	Compressed
data_file	CTDC-SUBJECT-301806	CTDC_files-example-091	Clinical Report	Details about the contents of the file	gz	499.22	61959bc5c2b131b30ec6cd34acd497d99	md5sum	Uncompressed
data_file	CTDC-SUBJECT-301806	CTDC_files-example-092	Clinical Report	Details about the contents of the file	docx	78.32	61959bc5c2b131b30ec6cd34acd497d100	md5sum	Unknown
data_file	CTDC-SUBJECT-310021	CTDC_files-example-021	Variant Call File	Details about the contents of the file	vcf	401.29	61959bc5c2b131b30ec6cd34acd497d29	md5sum	Uncompressed
data_file	CTDC-SUBJECT-323772	CTDC_files-example-099	Variant Call File	Details about the contents of the file	pdf	53.82	61959bc5c2b131b30ec6cd34acd497d107	md5sum	Uncompressed
data_file	CTDC-SUBJECT-323772	CTDC_files-example-100	Variant Call File	Details about the contents of the file	pdf	379.39	61959bc5c2b131b30ec6cd34acd497d108	md5sum	Unknown
data_file	CTDC-SUBJECT-328245	CTDC_files-example-019	Clinical Report	Details about the contents of the file	vcf	992.48	61959bc5c2b131b30ec6cd34acd497d27	md5sum	Uncompressed
data_file	CTDC-SUBJECT-328307	CTDC_files-example-029	File Collection	Details about the contents of the file	vcf	898.94	61959bc5c2b131b30ec6cd34acd497d37	md5sum	Compressed
data_file	CTDC-SUBJECT-336076	CTDC_files-example-048	Variant Report	Details about the contents of the file	docx	885.75	61959bc5c2b131b30ec6cd34acd497d56	md5sum	Uncompressed
data_file	CTDC-SUBJECT-343157	CTDC_files-example-001	Variant Report	Details about the contents of the file	zip	850.6	61959bc5c2b131b30ec6cd34acd497d9	md5sum	Compressed
data_file	CTDC-SUBJECT-379968	CTDC_files-example-084	File Collection	Details about the contents of the file	zip	238.04	61959bc5c2b131b30ec6cd34acd497d92	md5sum	Unknown
data_file	CTDC-SUBJECT-386686	CTDC_files-example-070	File Collection	Details about the contents of the file	vcf	700.64	61959bc5c2b131b30ec6cd34acd497d78	md5sum	Compressed
data_file	CTDC-SUBJECT-387207	CTDC_files-example-053	Variant Report	Details about the contents of the file	gz	843.26	61959bc5c2b131b30ec6cd34acd497d61	md5sum	Unknown
data_file	CTDC-SUBJECT-389624	CTDC_files-example-103	Variant Report	Details about the contents of the file	zip	197.85	61959bc5c2b131b30ec6cd34acd497d111	md5sum	Compressed
data_file	CTDC-SUBJECT-389624	CTDC_files-example-104	File Collection	Details about the contents of the file	pdf	60.31	61959bc5c2b131b30ec6cd34acd497d112	md5sum	Uncompressed
data_file	CTDC-SUBJECT-390783	CTDC_files-example-067	File Collection	Details about the contents of the file	gz	286.61	61959bc5c2b131b30ec6cd34acd497d75	md5sum	Uncompressed
data_file	CTDC-SUBJECT-405624	CTDC_files-example-037	Variant Report	Details about the contents of the file	docx	363.69	61959bc5c2b131b30ec6cd34acd497d45	md5sum	Compressed
data_file	CTDC-SUBJECT-408313	CTDC_files-example-085	Clinical Report	Details about the contents of the file	docx	827.42	61959bc5c2b131b30ec6cd34acd497d93	md5sum	Unknown
data_file	CTDC-SUBJECT-408391	CTDC_files-example-003	Variant Call File	Details about the contents of the file	pdf	90.4	61959bc5c2b131b30ec6cd34acd497d11	md5sum	Uncompressed
data_file	CTDC-SUBJECT-417394	CTDC_files-example-081	File Collection	Details about the contents of the file	zip	913.32	61959bc5c2b131b30ec6cd34acd497d89	md5sum	Unknown
data_file	CTDC-SUBJECT-423309	CTDC_files-example-055	Clinical Report	Details about the contents of the file	pdf	757.3	61959bc5c2b131b30ec6cd34acd497d63	md5sum	Uncompressed
data_file	CTDC-SUBJECT-433750	CTDC_files-example-119	Clinical Report	Details about the contents of the file	gz	33.56	61959bc5c2b131b30ec6cd34acd497d127	md5sum	Unknown
data_file	CTDC-SUBJECT-433750	CTDC_files-example-120	Clinical Report	Details about the contents of the file	pdf	896.92	61959bc5c2b131b30ec6cd34acd497d128	md5sum	Uncompressed
data_file	CTDC-SUBJECT-436957	CTDC_files-example-125	Variant Call File	Details about the contents of the file	pdf	328.15	61959bc5c2b131b30ec6cd34acd497d133	md5sum	Unknown
data_file	CTDC-SUBJECT-436957	CTDC_files-example-126	File Collection	Details about the contents of the file	zip	808.9	61959bc5c2b131b30ec6cd34acd497d134	md5sum	Unknown
data_file	CTDC-SUBJECT-443429	CTDC_files-example-032	File Collection	Details about the contents of the file	zip	978.69	61959bc5c2b131b30ec6cd34acd497d40	md5sum	Compressed
data_file	CTDC-SUBJECT-445414	CTDC_files-example-020	Variant Call File	Details about the contents of the file	pdf	622.87	61959bc5c2b131b30ec6cd34acd497d28	md5sum	Unknown
data_file	CTDC-SUBJECT-447893	CTDC_files-example-095	Variant Report	Details about the contents of the file	gz	91.84	61959bc5c2b131b30ec6cd34acd497d103	md5sum	Compressed
data_file	CTDC-SUBJECT-447893	CTDC_files-example-096	Clinical Report	Details about the contents of the file	pdf	495.81	61959bc5c2b131b30ec6cd34acd497d104	md5sum	Uncompressed
data_file	CTDC-SUBJECT-456180	CTDC_files-example-045	Clinical Report	Details about the contents of the file	pdf	315.81	61959bc5c2b131b30ec6cd34acd497d53	md5sum	Uncompressed
data_file	CTDC-SUBJECT-456210	CTDC_files-example-002	File Collection	Details about the contents of the file	pdf	343.41	61959bc5c2b131b30ec6cd34acd497d10	md5sum	Unknown
data_file	CTDC-SUBJECT-459688	CTDC_files-example-015	File Collection	Details about the contents of the file	zip	849.86	61959bc5c2b131b30ec6cd34acd497d23	md5sum	Compressed
data_file	CTDC-SUBJECT-463006	CTDC_files-example-066	Variant Call File	Details about the contents of the file	vcf	617.48	61959bc5c2b131b30ec6cd34acd497d74	md5sum	Compressed
data_file	CTDC-SUBJECT-476464	CTDC_files-example-111	Clinical Report	Details about the contents of the file	docx	601.67	61959bc5c2b131b30ec6cd34acd497d119	md5sum	Compressed
data_file	CTDC-SUBJECT-476464	CTDC_files-example-112	Clinical Report	Details about the contents of the file	vcf	769.21	61959bc5c2b131b30ec6cd34acd497d120	md5sum	Uncompressed
data_file	CTDC-SUBJECT-480486	CTDC_files-example-147	Variant Call File	Details about the contents of the file	docx	801.88	61959bc5c2b131b30ec6cd34acd497d155	md5sum	Uncompressed
data_file	CTDC-SUBJECT-480486	CTDC_files-example-148	File Collection	Details about the contents of the file	docx	319.28	61959bc5c2b131b30ec6cd34acd497d156	md5sum	Uncompressed
data_file	CTDC-SUBJECT-489761	CTDC_files-example-131	Clinical Report	Details about the contents of the file	pdf	141.09	61959bc5c2b131b30ec6cd34acd497d139	md5sum	Unknown
data_file	CTDC-SUBJECT-489761	CTDC_files-example-132	Variant Call File	Details about the contents of the file	gz	937.89	61959bc5c2b131b30ec6cd34acd497d140	md5sum	Compressed
data_file	CTDC-SUBJECT-496827	CTDC_files-example-073	Clinical Report	Details about the contents of the file	vcf	293.32	61959bc5c2b131b30ec6cd34acd497d81	md5sum	Unknown
data_file	CTDC-SUBJECT-498683	CTDC_files-example-083	File Collection	Details about the contents of the file	docx	242.64	61959bc5c2b131b30ec6cd34acd497d91	md5sum	Unknown
data_file	CTDC-SUBJECT-499991	CTDC_files-example-024	Variant Report	Details about the contents of the file	vcf	343.69	61959bc5c2b131b30ec6cd34acd497d32	md5sum	Uncompressed
data_file	CTDC-SUBJECT-506259	CTDC_files-example-030	File Collection	Details about the contents of the file	vcf	672.5	61959bc5c2b131b30ec6cd34acd497d38	md5sum	Uncompressed
data_file	CTDC-SUBJECT-506858	CTDC_files-example-039	Variant Call File	Details about the contents of the file	pdf	152.65	61959bc5c2b131b30ec6cd34acd497d47	md5sum	Uncompressed
data_file	CTDC-SUBJECT-508659	CTDC_files-example-036	Clinical Report	Details about the contents of the file	gz	664.5	61959bc5c2b131b30ec6cd34acd497d44	md5sum	Uncompressed
data_file	CTDC-SUBJECT-519269	CTDC_files-example-012	Variant Report	Details about the contents of the file	pdf	907.87	61959bc5c2b131b30ec6cd34acd497d20	md5sum	Compressed
data_file	CTDC-SUBJECT-527319	CTDC_files-example-004	File Collection	Details about the contents of the file	zip	512.38	61959bc5c2b131b30ec6cd34acd497d12	md5sum	Compressed
data_file	CTDC-SUBJECT-550851	CTDC_files-example-061	Clinical Report	Details about the contents of the file	gz	221.48	61959bc5c2b131b30ec6cd34acd497d69	md5sum	Compressed
data_file	CTDC-SUBJECT-554104	CTDC_files-example-063	File Collection	Details about the contents of the file	gz	805.95	61959bc5c2b131b30ec6cd34acd497d71	md5sum	Compressed
data_file	CTDC-SUBJECT-575176	CTDC_files-example-033	Variant Call File	Details about the contents of the file	pdf	18.3	61959bc5c2b131b30ec6cd34acd497d41	md5sum	Unknown
data_file	CTDC-SUBJECT-593393	CTDC_files-example-123	Clinical Report	Details about the contents of the file	vcf	417.74	61959bc5c2b131b30ec6cd34acd497d131	md5sum	Compressed
data_file	CTDC-SUBJECT-593393	CTDC_files-example-124	Clinical Report	Details about the contents of the file	gz	54.42	61959bc5c2b131b30ec6cd34acd497d132	md5sum	Unknown
data_file	CTDC-SUBJECT-622335	CTDC_files-example-072	Clinical Report	Details about the contents of the file	zip	538.5	61959bc5c2b131b30ec6cd34acd497d80	md5sum	Uncompressed
data_file	CTDC-SUBJECT-628752	CTDC_files-example-014	File Collection	Details about the contents of the file	zip	22.53	61959bc5c2b131b30ec6cd34acd497d22	md5sum	Uncompressed
data_file	CTDC-SUBJECT-636260	CTDC_files-example-016	Variant Call File	Details about the contents of the file	gz	279.22	61959bc5c2b131b30ec6cd34acd497d24	md5sum	Uncompressed
data_file	CTDC-SUBJECT-639280	CTDC_files-example-054	Clinical Report	Details about the contents of the file	docx	47.57	61959bc5c2b131b30ec6cd34acd497d62	md5sum	Compressed
data_file	CTDC-SUBJECT-640748	CTDC_files-example-028	Clinical Report	Details about the contents of the file	vcf	877.64	61959bc5c2b131b30ec6cd34acd497d36	md5sum	Compressed
data_file	CTDC-SUBJECT-640943	CTDC_files-example-009	File Collection	Details about the contents of the file	zip	333.69	61959bc5c2b131b30ec6cd34acd497d17	md5sum	Compressed
data_file	CTDC-SUBJECT-646347	CTDC_files-example-090	File Collection	Details about the contents of the file	vcf	415.94	61959bc5c2b131b30ec6cd34acd497d98	md5sum	Unknown
data_file	CTDC-SUBJECT-648259	CTDC_files-example-113	File Collection	Details about the contents of the file	zip	786.37	61959bc5c2b131b30ec6cd34acd497d121	md5sum	Compressed
data_file	CTDC-SUBJECT-648259	CTDC_files-example-114	Clinical Report	Details about the contents of the file	zip	550.16	61959bc5c2b131b30ec6cd34acd497d122	md5sum	Compressed
data_file	CTDC-SUBJECT-660757	CTDC_files-example-006	Clinical Report	Details about the contents of the file	gz	298.02	61959bc5c2b131b30ec6cd34acd497d14	md5sum	Unknown
data_file	CTDC-SUBJECT-668537	CTDC_files-example-101	Variant Report	Details about the contents of the file	vcf	264.75	61959bc5c2b131b30ec6cd34acd497d109	md5sum	Compressed
data_file	CTDC-SUBJECT-668537	CTDC_files-example-102	Variant Call File	Details about the contents of the file	zip	406.37	61959bc5c2b131b30ec6cd34acd497d110	md5sum	Compressed
data_file	CTDC-SUBJECT-681212	CTDC_files-example-088	File Collection	Details about the contents of the file	docx	657.24	61959bc5c2b131b30ec6cd34acd497d96	md5sum	Compressed
data_file	CTDC-SUBJECT-687307	CTDC_files-example-064	File Collection	Details about the contents of the file	zip	512.85	61959bc5c2b131b30ec6cd34acd497d72	md5sum	Uncompressed
data_file	CTDC-SUBJECT-701270	CTDC_files-example-047	Variant Report	Details about the contents of the file	pdf	367.62	61959bc5c2b131b30ec6cd34acd497d55	md5sum	Unknown
data_file	CTDC-SUBJECT-702420	CTDC_files-example-076	Variant Report	Details about the contents of the file	gz	454.95	61959bc5c2b131b30ec6cd34acd497d84	md5sum	Compressed
data_file	CTDC-SUBJECT-714422	CTDC_files-example-026	Variant Report	Details about the contents of the file	gz	982.75	61959bc5c2b131b30ec6cd34acd497d34	md5sum	Uncompressed
data_file	CTDC-SUBJECT-718374	CTDC_files-example-040	Variant Report	Details about the contents of the file	zip	474.74	61959bc5c2b131b30ec6cd34acd497d48	md5sum	Uncompressed
data_file	CTDC-SUBJECT-719750	CTDC_files-example-129	File Collection	Details about the contents of the file	vcf	931.46	61959bc5c2b131b30ec6cd34acd497d137	md5sum	Uncompressed
data_file	CTDC-SUBJECT-719750	CTDC_files-example-130	File Collection	Details about the contents of the file	vcf	78.74	61959bc5c2b131b30ec6cd34acd497d138	md5sum	Compressed
data_file	CTDC-SUBJECT-724275	CTDC_files-example-080	Clinical Report	Details about the contents of the file	gz	676.83	61959bc5c2b131b30ec6cd34acd497d88	md5sum	Unknown
data_file	CTDC-SUBJECT-724373	CTDC_files-example-056	Clinical Report	Details about the contents of the file	gz	719.44	61959bc5c2b131b30ec6cd34acd497d64	md5sum	Unknown
data_file	CTDC-SUBJECT-725631	CTDC_files-example-023	Variant Call File	Details about the contents of the file	gz	812.66	61959bc5c2b131b30ec6cd34acd497d31	md5sum	Unknown
data_file	CTDC-SUBJECT-741080	CTDC_files-example-143	Variant Call File	Details about the contents of the file	docx	592.98	61959bc5c2b131b30ec6cd34acd497d151	md5sum	Unknown
data_file	CTDC-SUBJECT-741080	CTDC_files-example-144	Variant Report	Details about the contents of the file	pdf	207.68	61959bc5c2b131b30ec6cd34acd497d152	md5sum	Uncompressed
data_file	CTDC-SUBJECT-743178	CTDC_files-example-077	Variant Report	Details about the contents of the file	gz	104.88	61959bc5c2b131b30ec6cd34acd497d85	md5sum	Uncompressed
data_file	CTDC-SUBJECT-774908	CTDC_files-example-060	File Collection	Details about the contents of the file	pdf	647.15	61959bc5c2b131b30ec6cd34acd497d68	md5sum	Compressed
data_file	CTDC-SUBJECT-777459	CTDC_files-example-041	Variant Report	Details about the contents of the file	pdf	909.91	61959bc5c2b131b30ec6cd34acd497d49	md5sum	Unknown
data_file	CTDC-SUBJECT-786247	CTDC_files-example-035	Clinical Report	Details about the contents of the file	vcf	374.1	61959bc5c2b131b30ec6cd34acd497d43	md5sum	Compressed
data_file	CTDC-SUBJECT-809540	CTDC_files-example-034	Clinical Report	Details about the contents of the file	vcf	934.36	61959bc5c2b131b30ec6cd34acd497d42	md5sum	Compressed
data_file	CTDC-SUBJECT-821817	CTDC_files-example-107	Clinical Report	Details about the contents of the file	gz	669.07	61959bc5c2b131b30ec6cd34acd497d115	md5sum	Uncompressed
data_file	CTDC-SUBJECT-821817	CTDC_files-example-108	Clinical Report	Details about the contents of the file	gz	513.65	61959bc5c2b131b30ec6cd34acd497d116	md5sum	Compressed
data_file	CTDC-SUBJECT-826378	CTDC_files-example-058	Variant Report	Details about the contents of the file	vcf	179.83	61959bc5c2b131b30ec6cd34acd497d66	md5sum	Unknown
data_file	CTDC-SUBJECT-836180	CTDC_files-example-044	Variant Report	Details about the contents of the file	docx	383.87	61959bc5c2b131b30ec6cd34acd497d52	md5sum	Compressed
data_file	CTDC-SUBJECT-837376	CTDC_files-example-008	File Collection	Details about the contents of the file	vcf	663.18	61959bc5c2b131b30ec6cd34acd497d16	md5sum	Unknown
data_file	CTDC-SUBJECT-839702	CTDC_files-example-086	Variant Report	Details about the contents of the file	gz	34.88	61959bc5c2b131b30ec6cd34acd497d94	md5sum	Uncompressed
data_file	CTDC-SUBJECT-846264	CTDC_files-example-038	File Collection	Details about the contents of the file	pdf	949.46	61959bc5c2b131b30ec6cd34acd497d46	md5sum	Unknown
data_file	CTDC-SUBJECT-850225	CTDC_files-example-031	Variant Report	Details about the contents of the file	pdf	273.04	61959bc5c2b131b30ec6cd34acd497d39	md5sum	Unknown
data_file	CTDC-SUBJECT-852840	CTDC_files-example-027	Variant Call File	Details about the contents of the file	vcf	290.25	61959bc5c2b131b30ec6cd34acd497d35	md5sum	Uncompressed
data_file	CTDC-SUBJECT-860750	CTDC_files-example-013	File Collection	Details about the contents of the file	pdf	906.77	61959bc5c2b131b30ec6cd34acd497d21	md5sum	Compressed
data_file	CTDC-SUBJECT-865958	CTDC_files-example-059	Clinical Report	Details about the contents of the file	gz	533.59	61959bc5c2b131b30ec6cd34acd497d67	md5sum	Uncompressed
data_file	CTDC-SUBJECT-880446	CTDC_files-example-082	File Collection	Details about the contents of the file	docx	105.16	61959bc5c2b131b30ec6cd34acd497d90	md5sum	Uncompressed
data_file	CTDC-SUBJECT-894501	CTDC_files-example-115	Variant Call File	Details about the contents of the file	docx	753.53	61959bc5c2b131b30ec6cd34acd497d123	md5sum	Uncompressed
data_file	CTDC-SUBJECT-894501	CTDC_files-example-116	File Collection	Details about the contents of the file	docx	872.87	61959bc5c2b131b30ec6cd34acd497d124	md5sum	Compressed
data_file	CTDC-SUBJECT-895243	CTDC_files-example-046	File Collection	Details about the contents of the file	vcf	817.89	61959bc5c2b131b30ec6cd34acd497d54	md5sum	Unknown
data_file	CTDC-SUBJECT-906674	CTDC_files-example-011	File Collection	Details about the contents of the file	zip	528.67	61959bc5c2b131b30ec6cd34acd497d19	md5sum	Uncompressed
data_file	CTDC-SUBJECT-908831	CTDC_files-example-017	Variant Call File	Details about the contents of the file	zip	930.5	61959bc5c2b131b30ec6cd34acd497d25	md5sum	Unknown
data_file	CTDC-SUBJECT-922456	CTDC_files-example-137	Variant Report	Details about the contents of the file	gz	932.43	61959bc5c2b131b30ec6cd34acd497d145	md5sum	Unknown
data_file	CTDC-SUBJECT-922456	CTDC_files-example-138	Variant Call File	Details about the contents of the file	zip	331.24	61959bc5c2b131b30ec6cd34acd497d146	md5sum	Uncompressed
data_file	CTDC-SUBJECT-924034	CTDC_files-example-141	Variant Call File	Details about the contents of the file	docx	940.7	61959bc5c2b131b30ec6cd34acd497d149	md5sum	Uncompressed
data_file	CTDC-SUBJECT-924034	CTDC_files-example-142	Clinical Report	Details about the contents of the file	vcf	498.53	61959bc5c2b131b30ec6cd34acd497d150	md5sum	Compressed
data_file	CTDC-SUBJECT-946167	CTDC_files-example-074	Variant Call File	Details about the contents of the file	gz	475.15	61959bc5c2b131b30ec6cd34acd497d82	md5sum	Compressed
data_file	CTDC-SUBJECT-954089	CTDC_files-example-022	Variant Call File	Details about the contents of the file	vcf	448.51	61959bc5c2b131b30ec6cd34acd497d30	md5sum	Uncompressed
data_file	CTDC-SUBJECT-956705	CTDC_files-example-010	Variant Report	Details about the contents of the file	vcf	414.04	61959bc5c2b131b30ec6cd34acd497d18	md5sum	Unknown
data_file	CTDC-SUBJECT-959503	CTDC_files-example-109	Variant Report	Details about the contents of the file	docx	315.33	61959bc5c2b131b30ec6cd34acd497d117	md5sum	Unknown
data_file	CTDC-SUBJECT-959503	CTDC_files-example-110	Clinical Report	Details about the contents of the file	pdf	257.47	61959bc5c2b131b30ec6cd34acd497d118	md5sum	Compressed
data_file	CTDC-SUBJECT-959628	CTDC_files-example-050	Variant Report	Details about the contents of the file	pdf	139.16	61959bc5c2b131b30ec6cd34acd497d58	md5sum	Unknown
data_file	CTDC-SUBJECT-969430	CTDC_files-example-139	File Collection	Details about the contents of the file	gz	635.48	61959bc5c2b131b30ec6cd34acd497d147	md5sum	Unknown
data_file	CTDC-SUBJECT-969430	CTDC_files-example-140	Variant Call File	Details about the contents of the file	vcf	469.22	61959bc5c2b131b30ec6cd34acd497d148	md5sum	Unknown
data_file	CTDC-SUBJECT-980511	CTDC_files-example-135	Variant Call File	Details about the contents of the file	pdf	479.79	61959bc5c2b131b30ec6cd34acd497d143	md5sum	Compressed
data_file	CTDC-SUBJECT-980511	CTDC_files-example-136	Variant Call File	Details about the contents of the file	vcf	685.8	61959bc5c2b131b30ec6cd34acd497d144	md5sum	Compressed
data_file	CTDC-SUBJECT-995809	CTDC_files-example-069	Variant Call File	Details about the contents of the file	zip	881.48	61959bc5c2b131b30ec6cd34acd497d77	md5sum	Compressed
