type	participant.participant_id	targeted_therapy_record_id	targeted_therapy	targeted_therapy_frequency	best_response_to_targeted_therapy
targeted_therapy	CTDC-SUBJECT-640748	CTDC-TARGETED-THERAPY-130847	Pomalidamide	Once a day (Q.D.)	Unknown
targeted_therapy	CTDC-SUBJECT-926826	CTDC-TARGETED-THERAPY-130848	Pomalidamide	every day (Q.D.)	Unknown
targeted_therapy	CTDC-SUBJECT-107225	CTDC-TARGETED-THERAPY-130849	Pomalidamide	three times a day (T.I.D)	Unknown
targeted_therapy	CTDC-SUBJECT-147802	CTDC-TARGETED-THERAPY-130850	Pomalidamide	Other	Unknown
targeted_therapy	CTDC-SUBJECT-328245	CTDC-TARGETED-THERAPY-136210	Enzalutamide	three times a day (T.I.D)	Not Assessed
targeted_therapy	CTDC-SUBJECT-210323	CTDC-TARGETED-THERAPY-136211	Enzalutamide	Other	Not Assessed
targeted_therapy	CTDC-SUBJECT-743178	CTDC-TARGETED-THERAPY-136212	Enzalutamide	Other	Not Assessed
targeted_therapy	CTDC-SUBJECT-105359	CTDC-TARGETED-THERAPY-136213	Enzalutamide	as needed (P.R.N)	Not Assessed
targeted_therapy	CTDC-SUBJECT-959503	CTDC-TARGETED-THERAPY-136214	Enzalutamide	every day (Q.D.)	Not Assessed
targeted_therapy	CTDC-SUBJECT-476464	CTDC-TARGETED-THERAPY-136215	Enzalutamide	every day (Q.D.)	Not Assessed
targeted_therapy	CTDC-SUBJECT-714422	CTDC-TARGETED-THERAPY-187425	Pomalidamide	twice a day (B.I.D)	Progressive Disease
targeted_therapy	CTDC-SUBJECT-443429	CTDC-TARGETED-THERAPY-187426	Pomalidamide	EVERY OTHER DAY (Q.O.D.)	Progressive Disease
targeted_therapy	CTDC-SUBJECT-865958	CTDC-TARGETED-THERAPY-187427	Pomalidamide	three times a day (T.I.D)	Progressive Disease
targeted_therapy	CTDC-SUBJECT-837376	CTDC-TARGETED-THERAPY-208692	Osimertinib	every day (Q.D.)	Not Evaluable
targeted_therapy	CTDC-SUBJECT-390087	CTDC-TARGETED-THERAPY-208693	Osimertinib	Other	Not Evaluable
targeted_therapy	CTDC-SUBJECT-588312	CTDC-TARGETED-THERAPY-234866	Durvalumab	Other	Not Assessed
targeted_therapy	CTDC-SUBJECT-588312	CTDC-TARGETED-THERAPY-234867	Durvalumab	twice a day (B.I.D)	Not Assessed
targeted_therapy	CTDC-SUBJECT-714422	CTDC-TARGETED-THERAPY-234868	Durvalumab	four times a day (Q.I.D)	Not Assessed
targeted_therapy	CTDC-SUBJECT-211748	CTDC-TARGETED-THERAPY-234869	Durvalumab	twice a day (B.I.D)	Not Assessed
targeted_therapy	CTDC-SUBJECT-527319	CTDC-TARGETED-THERAPY-244624	isatuximab-irfc	three times a day (T.I.D)	Unknown
targeted_therapy	CTDC-SUBJECT-575176	CTDC-TARGETED-THERAPY-244625	isatuximab-irfc	twice a day (B.I.D)	Unknown
targeted_therapy	CTDC-SUBJECT-405624	CTDC-TARGETED-THERAPY-244626	isatuximab-irfc	twice a day (B.I.D)	Unknown
targeted_therapy	CTDC-SUBJECT-639280	CTDC-TARGETED-THERAPY-244627	isatuximab-irfc	twice a day (B.I.D)	Unknown
targeted_therapy	CTDC-SUBJECT-554104	CTDC-TARGETED-THERAPY-244628	isatuximab-irfc	Other	Unknown
targeted_therapy	CTDC-SUBJECT-323772	CTDC-TARGETED-THERAPY-244629	isatuximab-irfc	three times a day (T.I.D)	Unknown
targeted_therapy	CTDC-SUBJECT-821817	CTDC-TARGETED-THERAPY-244630	isatuximab-irfc	Once a day (Q.D.)	Unknown
targeted_therapy	CTDC-SUBJECT-484915	CTDC-TARGETED-THERAPY-244631	isatuximab-irfc	Other	Unknown
targeted_therapy	CTDC-SUBJECT-947001	CTDC-TARGETED-THERAPY-244632	isatuximab-irfc	twice a day (B.I.D)	Unknown
targeted_therapy	CTDC-SUBJECT-588312	CTDC-TARGETED-THERAPY-244633	isatuximab-irfc	every day (Q.D.)	Unknown
targeted_therapy	CTDC-SUBJECT-527319	CTDC-TARGETED-THERAPY-261975	Binimetinib	EVERY OTHER DAY (Q.O.D.)	Unknown
targeted_therapy	CTDC-SUBJECT-387207	CTDC-TARGETED-THERAPY-261976	Binimetinib	every day (Q.D.)	Unknown
targeted_therapy	CTDC-SUBJECT-724275	CTDC-TARGETED-THERAPY-261977	Binimetinib	every day (Q.D.)	Unknown
targeted_therapy	CTDC-SUBJECT-221047	CTDC-TARGETED-THERAPY-261978	Binimetinib	three times a day (T.I.D)	Unknown
targeted_therapy	CTDC-SUBJECT-818301	CTDC-TARGETED-THERAPY-261979	Binimetinib	twice a day (B.I.D)	Unknown
targeted_therapy	CTDC-SUBJECT-589930	CTDC-TARGETED-THERAPY-261980	Binimetinib	Other	Unknown
targeted_therapy	CTDC-SUBJECT-852840	CTDC-TARGETED-THERAPY-281657	regorafenib	EVERY OTHER DAY (Q.O.D.)	Not Assessed
targeted_therapy	CTDC-SUBJECT-328245	CTDC-TARGETED-THERAPY-302109	Bicalutamide	every day (Q.D.)	Progressive Disease
targeted_therapy	CTDC-SUBJECT-417394	CTDC-TARGETED-THERAPY-302110	Bicalutamide	three times a day (T.I.D)	Progressive Disease
targeted_therapy	CTDC-SUBJECT-980511	CTDC-TARGETED-THERAPY-302111	Bicalutamide	Other	Progressive Disease
targeted_therapy	CTDC-SUBJECT-581720	CTDC-TARGETED-THERAPY-302112	Bicalutamide	every day (Q.D.)	Progressive Disease
targeted_therapy	CTDC-SUBJECT-288185	CTDC-TARGETED-THERAPY-302356	Cabazitaxel	as needed (P.R.N)	Too Early
targeted_therapy	CTDC-SUBJECT-786247	CTDC-TARGETED-THERAPY-302357	Cabazitaxel	three times a day (T.I.D)	Too Early
targeted_therapy	CTDC-SUBJECT-423309	CTDC-TARGETED-THERAPY-302358	Cabazitaxel	twice a day (B.I.D)	Too Early
targeted_therapy	CTDC-SUBJECT-826378	CTDC-TARGETED-THERAPY-302359	Cabazitaxel	twice a day (B.I.D)	Too Early
targeted_therapy	CTDC-SUBJECT-348141	CTDC-TARGETED-THERAPY-302360	Cabazitaxel	every day (Q.D.)	Too Early
targeted_therapy	CTDC-SUBJECT-640943	CTDC-TARGETED-THERAPY-312403	docetaxel	Once a day (Q.D.)	Complete Response
targeted_therapy	CTDC-SUBJECT-850225	CTDC-TARGETED-THERAPY-322486	dabrafenib	every day (Q.D.)	Too Early
targeted_therapy	CTDC-SUBJECT-895243	CTDC-TARGETED-THERAPY-322487	dabrafenib	four times a day (Q.I.D)	Too Early
targeted_therapy	CTDC-SUBJECT-959628	CTDC-TARGETED-THERAPY-322488	dabrafenib	as needed (P.R.N)	Too Early
targeted_therapy	CTDC-SUBJECT-550851	CTDC-TARGETED-THERAPY-322489	dabrafenib	four times a day (Q.I.D)	Too Early
targeted_therapy	CTDC-SUBJECT-681212	CTDC-TARGETED-THERAPY-322490	dabrafenib	three times a day (T.I.D)	Too Early
targeted_therapy	CTDC-SUBJECT-593393	CTDC-TARGETED-THERAPY-322491	dabrafenib	every day (Q.D.)	Too Early
targeted_therapy	CTDC-SUBJECT-956257	CTDC-TARGETED-THERAPY-322492	dabrafenib	Once a day (Q.D.)	Too Early
targeted_therapy	CTDC-SUBJECT-818301	CTDC-TARGETED-THERAPY-322493	dabrafenib	twice a day (B.I.D)	Too Early
targeted_therapy	CTDC-SUBJECT-375632	CTDC-TARGETED-THERAPY-322494	dabrafenib	Other	Too Early
targeted_therapy	CTDC-SUBJECT-811589	CTDC-TARGETED-THERAPY-322495	dabrafenib	twice a day (B.I.D)	Too Early
targeted_therapy	CTDC-SUBJECT-714422	CTDC-TARGETED-THERAPY-331635	Encorafenib + cetuximab	every day (Q.D.)	Not Evaluable
targeted_therapy	CTDC-SUBJECT-273839	CTDC-TARGETED-THERAPY-331636	Encorafenib + cetuximab	Other	Not Evaluable
targeted_therapy	CTDC-SUBJECT-687307	CTDC-TARGETED-THERAPY-331637	Encorafenib + cetuximab	EVERY OTHER DAY (Q.O.D.)	Not Evaluable
targeted_therapy	CTDC-SUBJECT-252950	CTDC-TARGETED-THERAPY-331638	Encorafenib + cetuximab	every day (Q.D.)	Not Evaluable
targeted_therapy	CTDC-SUBJECT-445414	CTDC-TARGETED-THERAPY-362334	carfilzomib	every day (Q.D.)	Complete Response
targeted_therapy	CTDC-SUBJECT-575176	CTDC-TARGETED-THERAPY-362335	carfilzomib	as needed (P.R.N)	Complete Response
targeted_therapy	CTDC-SUBJECT-506858	CTDC-TARGETED-THERAPY-362336	carfilzomib	twice a day (B.I.D)	Complete Response
targeted_therapy	CTDC-SUBJECT-718374	CTDC-TARGETED-THERAPY-362337	carfilzomib	Once a day (Q.D.)	Complete Response
targeted_therapy	CTDC-SUBJECT-254053	CTDC-TARGETED-THERAPY-362338	carfilzomib	twice a day (B.I.D)	Complete Response
targeted_therapy	CTDC-SUBJECT-550851	CTDC-TARGETED-THERAPY-362339	carfilzomib	twice a day (B.I.D)	Complete Response
targeted_therapy	CTDC-SUBJECT-262510	CTDC-TARGETED-THERAPY-362340	carfilzomib	Once a day (Q.D.)	Complete Response
targeted_therapy	CTDC-SUBJECT-724275	CTDC-TARGETED-THERAPY-362341	carfilzomib	every day (Q.D.)	Complete Response
targeted_therapy	CTDC-SUBJECT-221942	CTDC-TARGETED-THERAPY-362342	carfilzomib	Once a day (Q.D.)	Complete Response
targeted_therapy	CTDC-SUBJECT-969430	CTDC-TARGETED-THERAPY-362343	carfilzomib	Once a day (Q.D.)	Complete Response
targeted_therapy	CTDC-SUBJECT-818301	CTDC-TARGETED-THERAPY-362344	carfilzomib	every day (Q.D.)	Complete Response
targeted_therapy	CTDC-SUBJECT-107225	CTDC-TARGETED-THERAPY-362345	carfilzomib	every day (Q.D.)	Complete Response
targeted_therapy	CTDC-SUBJECT-453504	CTDC-TARGETED-THERAPY-362346	carfilzomib	twice a day (B.I.D)	Complete Response
targeted_therapy	CTDC-SUBJECT-484915	CTDC-TARGETED-THERAPY-362347	carfilzomib	Once a day (Q.D.)	Complete Response
targeted_therapy	CTDC-SUBJECT-192223	CTDC-TARGETED-THERAPY-391346	Revlimib	four times a day (Q.I.D)	Stable Disease
targeted_therapy	CTDC-SUBJECT-254303	CTDC-TARGETED-THERAPY-391347	Revlimib	Other	Stable Disease
targeted_therapy	CTDC-SUBJECT-262510	CTDC-TARGETED-THERAPY-391348	Revlimib	every day (Q.D.)	Stable Disease
targeted_therapy	CTDC-SUBJECT-880446	CTDC-TARGETED-THERAPY-391349	Revlimib	twice a day (B.I.D)	Stable Disease
targeted_therapy	CTDC-SUBJECT-498683	CTDC-TARGETED-THERAPY-391350	Revlimib	three times a day (T.I.D)	Stable Disease
targeted_therapy	CTDC-SUBJECT-581720	CTDC-TARGETED-THERAPY-391351	Revlimib	every day (Q.D.)	Stable Disease
targeted_therapy	CTDC-SUBJECT-328307	CTDC-TARGETED-THERAPY-404600	Abiraterone	three times a day (T.I.D)	Stable Disease
targeted_therapy	CTDC-SUBJECT-554104	CTDC-TARGETED-THERAPY-404601	Abiraterone	three times a day (T.I.D)	Stable Disease
targeted_therapy	CTDC-SUBJECT-839702	CTDC-TARGETED-THERAPY-404602	Abiraterone	every day (Q.D.)	Stable Disease
targeted_therapy	CTDC-SUBJECT-105359	CTDC-TARGETED-THERAPY-404603	Abiraterone	twice a day (B.I.D)	Stable Disease
targeted_therapy	CTDC-SUBJECT-821817	CTDC-TARGETED-THERAPY-404604	Abiraterone	every day (Q.D.)	Stable Disease
targeted_therapy	CTDC-SUBJECT-144313	CTDC-TARGETED-THERAPY-404605	Abiraterone	every day (Q.D.)	Stable Disease
targeted_therapy	CTDC-SUBJECT-947001	CTDC-TARGETED-THERAPY-404606	Abiraterone	three times a day (T.I.D)	Stable Disease
targeted_therapy	CTDC-SUBJECT-956705	CTDC-TARGETED-THERAPY-430785	Durvalumab	every day (Q.D.)	Unknown
targeted_therapy	CTDC-SUBJECT-508659	CTDC-TARGETED-THERAPY-430786	Durvalumab	Once a day (Q.D.)	Unknown
targeted_therapy	CTDC-SUBJECT-777459	CTDC-TARGETED-THERAPY-430787	Durvalumab	three times a day (T.I.D)	Unknown
targeted_therapy	CTDC-SUBJECT-701270	CTDC-TARGETED-THERAPY-430788	Durvalumab	twice a day (B.I.D)	Unknown
targeted_therapy	CTDC-SUBJECT-296184	CTDC-TARGETED-THERAPY-430789	Durvalumab	as needed (P.R.N)	Unknown
targeted_therapy	CTDC-SUBJECT-622335	CTDC-TARGETED-THERAPY-430790	Durvalumab	every day (Q.D.)	Unknown
targeted_therapy	CTDC-SUBJECT-894501	CTDC-TARGETED-THERAPY-430791	Durvalumab	Once a day (Q.D.)	Unknown
targeted_therapy	CTDC-SUBJECT-922456	CTDC-TARGETED-THERAPY-430792	Durvalumab	four times a day (Q.I.D)	Unknown
targeted_therapy	CTDC-SUBJECT-390087	CTDC-TARGETED-THERAPY-430793	Durvalumab	Once a day (Q.D.)	Unknown
targeted_therapy	CTDC-SUBJECT-588312	CTDC-TARGETED-THERAPY-430794	Durvalumab	Other	Unknown
targeted_therapy	CTDC-SUBJECT-581720	CTDC-TARGETED-THERAPY-430795	Durvalumab	every day (Q.D.)	Unknown
targeted_therapy	CTDC-SUBJECT-725631	CTDC-TARGETED-THERAPY-439484	Cabazitaxel	as needed (P.R.N)	Progressive Disease
targeted_therapy	CTDC-SUBJECT-496827	CTDC-TARGETED-THERAPY-439485	Cabazitaxel	twice a day (B.I.D)	Progressive Disease
targeted_therapy	CTDC-SUBJECT-498683	CTDC-TARGETED-THERAPY-439486	Cabazitaxel	every day (Q.D.)	Progressive Disease
targeted_therapy	CTDC-SUBJECT-408313	CTDC-TARGETED-THERAPY-439487	Cabazitaxel	EVERY OTHER DAY (Q.O.D.)	Progressive Disease
targeted_therapy	CTDC-SUBJECT-105359	CTDC-TARGETED-THERAPY-439488	Cabazitaxel	twice a day (B.I.D)	Progressive Disease
targeted_therapy	CTDC-SUBJECT-668537	CTDC-TARGETED-THERAPY-439489	Cabazitaxel	as needed (P.R.N)	Progressive Disease
targeted_therapy	CTDC-SUBJECT-192223	CTDC-TARGETED-THERAPY-449980	Encorafenib + cetuximab	twice a day (B.I.D)	Not Assessed
targeted_therapy	CTDC-SUBJECT-724373	CTDC-TARGETED-THERAPY-449981	Encorafenib + cetuximab	twice a day (B.I.D)	Not Assessed
targeted_therapy	CTDC-SUBJECT-826378	CTDC-TARGETED-THERAPY-449982	Encorafenib + cetuximab	twice a day (B.I.D)	Not Assessed
targeted_therapy	CTDC-SUBJECT-408313	CTDC-TARGETED-THERAPY-449983	Encorafenib + cetuximab	every day (Q.D.)	Not Assessed
targeted_therapy	CTDC-SUBJECT-648259	CTDC-TARGETED-THERAPY-449984	Encorafenib + cetuximab	every day (Q.D.)	Not Assessed
targeted_therapy	CTDC-SUBJECT-506259	CTDC-TARGETED-THERAPY-458327	Binimetinib	twice a day (B.I.D)	Partial Response
targeted_therapy	CTDC-SUBJECT-221942	CTDC-TARGETED-THERAPY-458328	Binimetinib	Other	Partial Response
targeted_therapy	CTDC-SUBJECT-954089	CTDC-TARGETED-THERAPY-495496	Selinexor	as needed (P.R.N)	Progressive Disease
targeted_therapy	CTDC-SUBJECT-809540	CTDC-TARGETED-THERAPY-495497	Selinexor	every day (Q.D.)	Progressive Disease
targeted_therapy	CTDC-SUBJECT-423309	CTDC-TARGETED-THERAPY-495498	Selinexor	every day (Q.D.)	Progressive Disease
targeted_therapy	CTDC-SUBJECT-262510	CTDC-TARGETED-THERAPY-495499	Selinexor	Other	Progressive Disease
targeted_therapy	CTDC-SUBJECT-880100	CTDC-TARGETED-THERAPY-495500	Selinexor	Other	Progressive Disease
targeted_therapy	CTDC-SUBJECT-580164	CTDC-TARGETED-THERAPY-495501	Selinexor	every day (Q.D.)	Progressive Disease
targeted_therapy	CTDC-SUBJECT-406843	CTDC-TARGETED-THERAPY-495502	Selinexor	four times a day (Q.I.D)	Progressive Disease
targeted_therapy	CTDC-SUBJECT-811589	CTDC-TARGETED-THERAPY-495503	Selinexor	as needed (P.R.N)	Progressive Disease
targeted_therapy	CTDC-SUBJECT-459688	CTDC-TARGETED-THERAPY-498457	nivolumab	three times a day (T.I.D)	Unknown
targeted_therapy	CTDC-SUBJECT-206266	CTDC-TARGETED-THERAPY-498458	nivolumab	EVERY OTHER DAY (Q.O.D.)	Unknown
targeted_therapy	CTDC-SUBJECT-894501	CTDC-TARGETED-THERAPY-498459	nivolumab	every day (Q.D.)	Unknown
targeted_therapy	CTDC-SUBJECT-906674	CTDC-TARGETED-THERAPY-521808	regorafenib	as needed (P.R.N)	Partial Response
targeted_therapy	CTDC-SUBJECT-456180	CTDC-TARGETED-THERAPY-521809	regorafenib	Other	Partial Response
targeted_therapy	CTDC-SUBJECT-273839	CTDC-TARGETED-THERAPY-521810	regorafenib	Other	Partial Response
targeted_therapy	CTDC-SUBJECT-959628	CTDC-TARGETED-THERAPY-521811	regorafenib	twice a day (B.I.D)	Partial Response
targeted_therapy	CTDC-SUBJECT-774908	CTDC-TARGETED-THERAPY-521812	regorafenib	twice a day (B.I.D)	Partial Response
targeted_therapy	CTDC-SUBJECT-554104	CTDC-TARGETED-THERAPY-521813	regorafenib	every day (Q.D.)	Partial Response
targeted_therapy	CTDC-SUBJECT-687307	CTDC-TARGETED-THERAPY-521814	regorafenib	Once a day (Q.D.)	Partial Response
targeted_therapy	CTDC-SUBJECT-622335	CTDC-TARGETED-THERAPY-521815	regorafenib	twice a day (B.I.D)	Partial Response
targeted_therapy	CTDC-SUBJECT-946167	CTDC-TARGETED-THERAPY-521816	regorafenib	twice a day (B.I.D)	Partial Response
targeted_therapy	CTDC-SUBJECT-498683	CTDC-TARGETED-THERAPY-521817	regorafenib	twice a day (B.I.D)	Partial Response
targeted_therapy	CTDC-SUBJECT-301806	CTDC-TARGETED-THERAPY-521818	regorafenib	as needed (P.R.N)	Partial Response
targeted_therapy	CTDC-SUBJECT-447893	CTDC-TARGETED-THERAPY-521819	regorafenib	Once a day (Q.D.)	Partial Response
targeted_therapy	CTDC-SUBJECT-323772	CTDC-TARGETED-THERAPY-521820	regorafenib	every day (Q.D.)	Partial Response
targeted_therapy	CTDC-SUBJECT-115563	CTDC-TARGETED-THERAPY-521821	regorafenib	every day (Q.D.)	Partial Response
targeted_therapy	CTDC-SUBJECT-489761	CTDC-TARGETED-THERAPY-521822	regorafenib	three times a day (T.I.D)	Partial Response
targeted_therapy	CTDC-SUBJECT-390087	CTDC-TARGETED-THERAPY-521823	regorafenib	twice a day (B.I.D)	Partial Response
targeted_therapy	CTDC-SUBJECT-880100	CTDC-TARGETED-THERAPY-521824	regorafenib	twice a day (B.I.D)	Partial Response
targeted_therapy	CTDC-SUBJECT-241144	CTDC-TARGETED-THERAPY-521825	regorafenib	twice a day (B.I.D)	Partial Response
targeted_therapy	CTDC-SUBJECT-484915	CTDC-TARGETED-THERAPY-521826	regorafenib	Other	Partial Response
targeted_therapy	CTDC-SUBJECT-196654	CTDC-TARGETED-THERAPY-521827	regorafenib	every day (Q.D.)	Partial Response
targeted_therapy	CTDC-SUBJECT-811589	CTDC-TARGETED-THERAPY-521828	regorafenib	Other	Partial Response
targeted_therapy	CTDC-SUBJECT-588312	CTDC-TARGETED-THERAPY-521829	regorafenib	as needed (P.R.N)	Partial Response
targeted_therapy	CTDC-SUBJECT-163620	CTDC-TARGETED-THERAPY-535436	ipilimumab	as needed (P.R.N)	Not Evaluable
targeted_therapy	CTDC-SUBJECT-575176	CTDC-TARGETED-THERAPY-535437	ipilimumab	Once a day (Q.D.)	Not Evaluable
targeted_therapy	CTDC-SUBJECT-262510	CTDC-TARGETED-THERAPY-535438	ipilimumab	Other	Not Evaluable
targeted_therapy	CTDC-SUBJECT-436957	CTDC-TARGETED-THERAPY-535439	ipilimumab	Other	Not Evaluable
targeted_therapy	CTDC-SUBJECT-956257	CTDC-TARGETED-THERAPY-535440	ipilimumab	Other	Not Evaluable
targeted_therapy	CTDC-SUBJECT-660757	CTDC-TARGETED-THERAPY-562127	enzalutamide	as needed (P.R.N)	Not Assessed
targeted_therapy	CTDC-SUBJECT-390783	CTDC-TARGETED-THERAPY-562128	enzalutamide	every day (Q.D.)	Not Assessed
targeted_therapy	CTDC-SUBJECT-956257	CTDC-TARGETED-THERAPY-562129	enzalutamide	as needed (P.R.N)	Not Assessed
targeted_therapy	CTDC-SUBJECT-818301	CTDC-TARGETED-THERAPY-562130	enzalutamide	three times a day (T.I.D)	Not Assessed
targeted_therapy	CTDC-SUBJECT-288185	CTDC-TARGETED-THERAPY-610485	revlimide	Once a day (Q.D.)	Not Assessed
targeted_therapy	CTDC-SUBJECT-636260	CTDC-TARGETED-THERAPY-615413	Midostaurin	as needed (P.R.N)	Not Assessed
targeted_therapy	CTDC-SUBJECT-336076	CTDC-TARGETED-THERAPY-615414	Midostaurin	twice a day (B.I.D)	Not Assessed
targeted_therapy	CTDC-SUBJECT-202893	CTDC-TARGETED-THERAPY-615415	Midostaurin	four times a day (Q.I.D)	Not Assessed
targeted_therapy	CTDC-SUBJECT-390087	CTDC-TARGETED-THERAPY-615416	Midostaurin	Other	Not Assessed
targeted_therapy	CTDC-SUBJECT-589930	CTDC-TARGETED-THERAPY-615417	Midostaurin	Other	Not Assessed
targeted_therapy	CTDC-SUBJECT-456210	CTDC-TARGETED-THERAPY-624901	osimertinib	every day (Q.D.)	Not Assessed
targeted_therapy	CTDC-SUBJECT-221942	CTDC-TARGETED-THERAPY-624902	osimertinib	Other	Not Assessed
targeted_therapy	CTDC-SUBJECT-880100	CTDC-TARGETED-THERAPY-624903	osimertinib	every day (Q.D.)	Not Assessed
targeted_therapy	CTDC-SUBJECT-328245	CTDC-TARGETED-THERAPY-638875	pembrolizumab	twice a day (B.I.D)	Complete Response
targeted_therapy	CTDC-SUBJECT-714422	CTDC-TARGETED-THERAPY-653299	Gemtuzumab ozogamicin	EVERY OTHER DAY (Q.O.D.)	Partial Response
targeted_therapy	CTDC-SUBJECT-389624	CTDC-TARGETED-THERAPY-653300	Gemtuzumab ozogamicin	as needed (P.R.N)	Partial Response
targeted_therapy	CTDC-SUBJECT-116372	CTDC-TARGETED-THERAPY-653301	Gemtuzumab ozogamicin	as needed (P.R.N)	Partial Response
targeted_therapy	CTDC-SUBJECT-980511	CTDC-TARGETED-THERAPY-653302	Gemtuzumab ozogamicin	three times a day (T.I.D)	Partial Response
targeted_therapy	CTDC-SUBJECT-328245	CTDC-TARGETED-THERAPY-678382	Anti-CD19 CAR T-Cell Therapy	four times a day (Q.I.D)	Too Early
targeted_therapy	CTDC-SUBJECT-433750	CTDC-TARGETED-THERAPY-678383	Anti-CD19 CAR T-Cell Therapy	Other	Too Early
targeted_therapy	CTDC-SUBJECT-880100	CTDC-TARGETED-THERAPY-678384	Anti-CD19 CAR T-Cell Therapy	Once a day (Q.D.)	Too Early
targeted_therapy	CTDC-SUBJECT-288185	CTDC-TARGETED-THERAPY-678385	enzalutamide	four times a day (Q.I.D)	Not Assessed
targeted_therapy	CTDC-SUBJECT-850225	CTDC-TARGETED-THERAPY-678386	enzalutamide	twice a day (B.I.D)	Not Assessed
targeted_therapy	CTDC-SUBJECT-774908	CTDC-TARGETED-THERAPY-678387	enzalutamide	three times a day (T.I.D)	Not Assessed
targeted_therapy	CTDC-SUBJECT-880446	CTDC-TARGETED-THERAPY-678388	enzalutamide	EVERY OTHER DAY (Q.O.D.)	Not Assessed
targeted_therapy	CTDC-SUBJECT-159850	CTDC-TARGETED-THERAPY-678389	enzalutamide	three times a day (T.I.D)	Not Assessed
targeted_therapy	CTDC-SUBJECT-323772	CTDC-TARGETED-THERAPY-678390	enzalutamide	Other	Not Assessed
targeted_therapy	CTDC-SUBJECT-316498	CTDC-TARGETED-THERAPY-678391	enzalutamide	every day (Q.D.)	Not Assessed
targeted_therapy	CTDC-SUBJECT-588312	CTDC-TARGETED-THERAPY-681728	enzalutamide	Once a day (Q.D.)	Not Assessed
targeted_therapy	CTDC-SUBJECT-908831	CTDC-TARGETED-THERAPY-697058	dabrafenib	as needed (P.R.N)	Too Early
targeted_therapy	CTDC-SUBJECT-346190	CTDC-TARGETED-THERAPY-697059	dabrafenib	as needed (P.R.N)	Too Early
targeted_therapy	CTDC-SUBJECT-725631	CTDC-TARGETED-THERAPY-698172	Atezolizumab	every day (Q.D.)	Too Early
targeted_therapy	CTDC-SUBJECT-628752	CTDC-TARGETED-THERAPY-704959	Enzalutamide	Other	Stable Disease
targeted_therapy	CTDC-SUBJECT-456210	CTDC-TARGETED-THERAPY-705919	Revlimid	twice a day (B.I.D)	Too Early
targeted_therapy	CTDC-SUBJECT-954089	CTDC-TARGETED-THERAPY-710787	Carfilzomib	Once a day (Q.D.)	Complete Response
targeted_therapy	CTDC-SUBJECT-959628	CTDC-TARGETED-THERAPY-710788	Carfilzomib	Other	Complete Response
targeted_therapy	CTDC-SUBJECT-180549	CTDC-TARGETED-THERAPY-710789	Carfilzomib	Once a day (Q.D.)	Complete Response
targeted_therapy	CTDC-SUBJECT-496827	CTDC-TARGETED-THERAPY-710790	Carfilzomib	every day (Q.D.)	Complete Response
targeted_therapy	CTDC-SUBJECT-161315	CTDC-TARGETED-THERAPY-710791	Carfilzomib	Other	Complete Response
targeted_therapy	CTDC-SUBJECT-379968	CTDC-TARGETED-THERAPY-710792	Carfilzomib	Once a day (Q.D.)	Complete Response
targeted_therapy	CTDC-SUBJECT-115563	CTDC-TARGETED-THERAPY-710793	Carfilzomib	Other	Complete Response
targeted_therapy	CTDC-SUBJECT-189635	CTDC-TARGETED-THERAPY-710794	Carfilzomib	twice a day (B.I.D)	Complete Response
targeted_therapy	CTDC-SUBJECT-247208	CTDC-TARGETED-THERAPY-710795	Carfilzomib	Other	Complete Response
targeted_therapy	CTDC-SUBJECT-880100	CTDC-TARGETED-THERAPY-710796	Carfilzomib	four times a day (Q.I.D)	Complete Response
targeted_therapy	CTDC-SUBJECT-649082	CTDC-TARGETED-THERAPY-710797	Carfilzomib	twice a day (B.I.D)	Complete Response
targeted_therapy	CTDC-SUBJECT-362134	CTDC-TARGETED-THERAPY-710798	Carfilzomib	every day (Q.D.)	Complete Response
targeted_therapy	CTDC-SUBJECT-718208	CTDC-TARGETED-THERAPY-710799	Carfilzomib	three times a day (T.I.D)	Complete Response
targeted_therapy	CTDC-SUBJECT-328245	CTDC-TARGETED-THERAPY-791970	regorafenib	Other	Progressive Disease
targeted_therapy	CTDC-SUBJECT-456210	CTDC-TARGETED-THERAPY-792988	Abiraterone	twice a day (B.I.D)	Complete Response
targeted_therapy	CTDC-SUBJECT-809540	CTDC-TARGETED-THERAPY-792989	Abiraterone	twice a day (B.I.D)	Complete Response
targeted_therapy	CTDC-SUBJECT-580164	CTDC-TARGETED-THERAPY-792990	Abiraterone	Once a day (Q.D.)	Complete Response
targeted_therapy	CTDC-SUBJECT-484915	CTDC-TARGETED-THERAPY-792991	Abiraterone	as needed (P.R.N)	Complete Response
targeted_therapy	CTDC-SUBJECT-554104	CTDC-TARGETED-THERAPY-822340	Encorafenib + cetuximab	as needed (P.R.N)	Progressive Disease
targeted_therapy	CTDC-SUBJECT-554104	CTDC-TARGETED-THERAPY-822341	Encorafenib + cetuximab	three times a day (T.I.D)	Progressive Disease
targeted_therapy	CTDC-SUBJECT-995809	CTDC-TARGETED-THERAPY-822342	Encorafenib + cetuximab	three times a day (T.I.D)	Progressive Disease
targeted_therapy	CTDC-SUBJECT-946167	CTDC-TARGETED-THERAPY-822343	Encorafenib + cetuximab	every day (Q.D.)	Progressive Disease
targeted_therapy	CTDC-SUBJECT-922456	CTDC-TARGETED-THERAPY-822344	Encorafenib + cetuximab	as needed (P.R.N)	Progressive Disease
targeted_therapy	CTDC-SUBJECT-725631	CTDC-TARGETED-THERAPY-827671	regorafenib	Other	Partial Response
targeted_therapy	CTDC-SUBJECT-646347	CTDC-TARGETED-THERAPY-827672	regorafenib	twice a day (B.I.D)	Partial Response
targeted_therapy	CTDC-SUBJECT-480486	CTDC-TARGETED-THERAPY-827673	regorafenib	twice a day (B.I.D)	Partial Response
targeted_therapy	CTDC-SUBJECT-310021	CTDC-TARGETED-THERAPY-839773	Atezolizumab	four times a day (Q.I.D)	Not Evaluable
targeted_therapy	CTDC-SUBJECT-895243	CTDC-TARGETED-THERAPY-839774	Atezolizumab	four times a day (Q.I.D)	Not Evaluable
targeted_therapy	CTDC-SUBJECT-774908	CTDC-TARGETED-THERAPY-839775	Atezolizumab	every day (Q.D.)	Not Evaluable
targeted_therapy	CTDC-SUBJECT-924034	CTDC-TARGETED-THERAPY-839776	Atezolizumab	every day (Q.D.)	Not Evaluable
targeted_therapy	CTDC-SUBJECT-880100	CTDC-TARGETED-THERAPY-839777	Atezolizumab	Once a day (Q.D.)	Not Evaluable
targeted_therapy	CTDC-SUBJECT-445414	CTDC-TARGETED-THERAPY-855241	Nivolumab and Ipilimumab Combination Immunotherapy	as needed (P.R.N)	Stable Disease
targeted_therapy	CTDC-SUBJECT-405624	CTDC-TARGETED-THERAPY-855242	Nivolumab and Ipilimumab Combination Immunotherapy	Once a day (Q.D.)	Stable Disease
targeted_therapy	CTDC-SUBJECT-506858	CTDC-TARGETED-THERAPY-855243	Nivolumab and Ipilimumab Combination Immunotherapy	three times a day (T.I.D)	Stable Disease
targeted_therapy	CTDC-SUBJECT-946167	CTDC-TARGETED-THERAPY-855244	Nivolumab and Ipilimumab Combination Immunotherapy	every day (Q.D.)	Stable Disease
targeted_therapy	CTDC-SUBJECT-894501	CTDC-TARGETED-THERAPY-855245	Nivolumab and Ipilimumab Combination Immunotherapy	EVERY OTHER DAY (Q.O.D.)	Stable Disease
targeted_therapy	CTDC-SUBJECT-741080	CTDC-TARGETED-THERAPY-855246	Nivolumab and Ipilimumab Combination Immunotherapy	twice a day (B.I.D)	Stable Disease
targeted_therapy	CTDC-SUBJECT-221047	CTDC-TARGETED-THERAPY-855247	Nivolumab and Ipilimumab Combination Immunotherapy	every day (Q.D.)	Stable Disease
targeted_therapy	CTDC-SUBJECT-880100	CTDC-TARGETED-THERAPY-855248	Nivolumab and Ipilimumab Combination Immunotherapy	EVERY OTHER DAY (Q.O.D.)	Stable Disease
targeted_therapy	CTDC-SUBJECT-196654	CTDC-TARGETED-THERAPY-855249	Nivolumab and Ipilimumab Combination Immunotherapy	every day (Q.D.)	Stable Disease
targeted_therapy	CTDC-SUBJECT-837376	CTDC-TARGETED-THERAPY-869014	panitumumab	three times a day (T.I.D)	Stable Disease
targeted_therapy	CTDC-SUBJECT-296184	CTDC-TARGETED-THERAPY-869015	panitumumab	Other	Stable Disease
targeted_therapy	CTDC-SUBJECT-554104	CTDC-TARGETED-THERAPY-869016	panitumumab	twice a day (B.I.D)	Stable Disease
targeted_therapy	CTDC-SUBJECT-159850	CTDC-TARGETED-THERAPY-869017	panitumumab	Other	Stable Disease
targeted_therapy	CTDC-SUBJECT-445414	CTDC-TARGETED-THERAPY-881989	dabrafenib	Once a day (Q.D.)	Unknown
targeted_therapy	CTDC-SUBJECT-519269	CTDC-TARGETED-THERAPY-882789	Pomalidamide	three times a day (T.I.D)	Not Evaluable
targeted_therapy	CTDC-SUBJECT-408391	CTDC-TARGETED-THERAPY-914959	Bevacizumab	Other	Less than partial response
targeted_therapy	CTDC-SUBJECT-809540	CTDC-TARGETED-THERAPY-914960	Bevacizumab	twice a day (B.I.D)	Less than partial response
targeted_therapy	CTDC-SUBJECT-554104	CTDC-TARGETED-THERAPY-914961	Bevacizumab	twice a day (B.I.D)	Less than partial response
targeted_therapy	CTDC-SUBJECT-498683	CTDC-TARGETED-THERAPY-914962	Bevacizumab	as needed (P.R.N)	Less than partial response
targeted_therapy	CTDC-SUBJECT-593393	CTDC-TARGETED-THERAPY-914963	Bevacizumab	Once a day (Q.D.)	Less than partial response
targeted_therapy	CTDC-SUBJECT-719750	CTDC-TARGETED-THERAPY-914964	Bevacizumab	Other	Less than partial response
targeted_therapy	CTDC-SUBJECT-741080	CTDC-TARGETED-THERAPY-914965	Bevacizumab	Once a day (Q.D.)	Less than partial response
targeted_therapy	CTDC-SUBJECT-390087	CTDC-TARGETED-THERAPY-914966	Bevacizumab	twice a day (B.I.D)	Less than partial response
targeted_therapy	CTDC-SUBJECT-316498	CTDC-TARGETED-THERAPY-914967	Bevacizumab	twice a day (B.I.D)	Less than partial response
targeted_therapy	CTDC-SUBJECT-880100	CTDC-TARGETED-THERAPY-914968	Bevacizumab	four times a day (Q.I.D)	Less than partial response
targeted_therapy	CTDC-SUBJECT-908831	CTDC-TARGETED-THERAPY-922439	pomalidomide	EVERY OTHER DAY (Q.O.D.)	Unknown
targeted_therapy	CTDC-SUBJECT-254303	CTDC-TARGETED-THERAPY-922440	pomalidomide	Once a day (Q.D.)	Unknown
targeted_therapy	CTDC-SUBJECT-959628	CTDC-TARGETED-THERAPY-922441	pomalidomide	twice a day (B.I.D)	Unknown
targeted_therapy	CTDC-SUBJECT-774908	CTDC-TARGETED-THERAPY-922442	pomalidomide	twice a day (B.I.D)	Unknown
targeted_therapy	CTDC-SUBJECT-646347	CTDC-TARGETED-THERAPY-922443	pomalidomide	Once a day (Q.D.)	Unknown
targeted_therapy	CTDC-SUBJECT-389624	CTDC-TARGETED-THERAPY-922444	pomalidomide	twice a day (B.I.D)	Unknown
targeted_therapy	CTDC-SUBJECT-436957	CTDC-TARGETED-THERAPY-922445	pomalidomide	twice a day (B.I.D)	Unknown
targeted_therapy	CTDC-SUBJECT-880100	CTDC-TARGETED-THERAPY-922446	pomalidomide	every day (Q.D.)	Unknown
targeted_therapy	CTDC-SUBJECT-860750	CTDC-TARGETED-THERAPY-941705	docetaxel	Other	Less than partial response
targeted_therapy	CTDC-SUBJECT-846264	CTDC-TARGETED-THERAPY-941706	docetaxel	Once a day (Q.D.)	Less than partial response
targeted_therapy	CTDC-SUBJECT-836180	CTDC-TARGETED-THERAPY-941707	docetaxel	twice a day (B.I.D)	Less than partial response
targeted_therapy	CTDC-SUBJECT-463006	CTDC-TARGETED-THERAPY-941708	docetaxel	as needed (P.R.N)	Less than partial response
targeted_therapy	CTDC-SUBJECT-386686	CTDC-TARGETED-THERAPY-941709	docetaxel	twice a day (B.I.D)	Less than partial response
targeted_therapy	CTDC-SUBJECT-262510	CTDC-TARGETED-THERAPY-941710	docetaxel	three times a day (T.I.D)	Less than partial response
targeted_therapy	CTDC-SUBJECT-702420	CTDC-TARGETED-THERAPY-941711	docetaxel	Other	Less than partial response
targeted_therapy	CTDC-SUBJECT-159850	CTDC-TARGETED-THERAPY-941712	docetaxel	Once a day (Q.D.)	Less than partial response
targeted_therapy	CTDC-SUBJECT-648259	CTDC-TARGETED-THERAPY-941713	docetaxel	as needed (P.R.N)	Less than partial response
targeted_therapy	CTDC-SUBJECT-341676	CTDC-TARGETED-THERAPY-941714	docetaxel	as needed (P.R.N)	Less than partial response
targeted_therapy	CTDC-SUBJECT-718208	CTDC-TARGETED-THERAPY-941715	docetaxel	Other	Less than partial response
targeted_therapy	CTDC-SUBJECT-343157	CTDC-TARGETED-THERAPY-942632	belantamab mafodotin	three times a day (T.I.D)	Stable Disease
targeted_therapy	CTDC-SUBJECT-249982	CTDC-TARGETED-THERAPY-942633	belantamab mafodotin	every day (Q.D.)	Stable Disease
targeted_therapy	CTDC-SUBJECT-265741	CTDC-TARGETED-THERAPY-942634	belantamab mafodotin	twice a day (B.I.D)	Stable Disease
targeted_therapy	CTDC-SUBJECT-648259	CTDC-TARGETED-THERAPY-942635	belantamab mafodotin	every day (Q.D.)	Stable Disease
targeted_therapy	CTDC-SUBJECT-719750	CTDC-TARGETED-THERAPY-942636	belantamab mafodotin	as needed (P.R.N)	Stable Disease
targeted_therapy	CTDC-SUBJECT-144844	CTDC-TARGETED-THERAPY-942637	belantamab mafodotin	Other	Stable Disease
targeted_therapy	CTDC-SUBJECT-375632	CTDC-TARGETED-THERAPY-942638	belantamab mafodotin	as needed (P.R.N)	Stable Disease
targeted_therapy	CTDC-SUBJECT-328307	CTDC-TARGETED-THERAPY-948800	Nivolumab Immunotherapy	EVERY OTHER DAY (Q.O.D.)	Not Assessed
targeted_therapy	CTDC-SUBJECT-390783	CTDC-TARGETED-THERAPY-948801	Nivolumab Immunotherapy	four times a day (Q.I.D)	Not Assessed
targeted_therapy	CTDC-SUBJECT-433750	CTDC-TARGETED-THERAPY-948802	Nivolumab Immunotherapy	Other	Not Assessed
targeted_therapy	CTDC-SUBJECT-922456	CTDC-TARGETED-THERAPY-949336	Encorafenib + cetuximab	Other	Progressive Disease
targeted_therapy	CTDC-SUBJECT-640748	CTDC-TARGETED-THERAPY-949337	Encorafenib + cetuximab	three times a day (T.I.D)	Progressive Disease
targeted_therapy	CTDC-SUBJECT-405624	CTDC-TARGETED-THERAPY-949338	Encorafenib + cetuximab	twice a day (B.I.D)	Progressive Disease
targeted_therapy	CTDC-SUBJECT-293993	CTDC-TARGETED-THERAPY-949340	Encorafenib + cetuximab	Once a day (Q.D.)	Progressive Disease
targeted_therapy	CTDC-SUBJECT-165330	CTDC-TARGETED-THERAPY-957227	lenalidomide	three times a day (T.I.D)	Progressive Disease
targeted_therapy	CTDC-SUBJECT-640943	CTDC-TARGETED-THERAPY-963547	carfilzomib	as needed (P.R.N)	Unknown
targeted_therapy	CTDC-SUBJECT-499991	CTDC-TARGETED-THERAPY-970149	Bevacizumab	Once a day (Q.D.)	Partial Response
targeted_therapy	CTDC-SUBJECT-262510	CTDC-TARGETED-THERAPY-970150	Bevacizumab	every day (Q.D.)	Partial Response
targeted_therapy	CTDC-SUBJECT-123051	CTDC-TARGETED-THERAPY-970151	Bevacizumab	as needed (P.R.N)	Partial Response
targeted_therapy	CTDC-SUBJECT-328245	CTDC-TARGETED-THERAPY-970152	Lenalidomide	as needed (P.R.N)	Too Early
targeted_therapy	CTDC-SUBJECT-622335	CTDC-TARGETED-THERAPY-970153	Lenalidomide	three times a day (T.I.D)	Too Early
targeted_therapy	CTDC-SUBJECT-880446	CTDC-TARGETED-THERAPY-970154	Lenalidomide	every day (Q.D.)	Too Early
targeted_therapy	CTDC-SUBJECT-323772	CTDC-TARGETED-THERAPY-970155	Lenalidomide	as needed (P.R.N)	Too Early
targeted_therapy	CTDC-SUBJECT-406843	CTDC-TARGETED-THERAPY-970156	Lenalidomide	every day (Q.D.)	Too Early
targeted_therapy	CTDC-SUBJECT-640943	CTDC-TARGETED-THERAPY-977523	regorafenib	twice a day (B.I.D)	Too Early
targeted_therapy	CTDC-SUBJECT-575176	CTDC-TARGETED-THERAPY-977524	regorafenib	twice a day (B.I.D)	Too Early
targeted_therapy	CTDC-SUBJECT-387207	CTDC-TARGETED-THERAPY-977525	regorafenib	as needed (P.R.N)	Too Early
targeted_therapy	CTDC-SUBJECT-946167	CTDC-TARGETED-THERAPY-977526	regorafenib	twice a day (B.I.D)	Too Early
targeted_therapy	CTDC-SUBJECT-668537	CTDC-TARGETED-THERAPY-977527	regorafenib	Other	Too Early
targeted_therapy	CTDC-SUBJECT-476464	CTDC-TARGETED-THERAPY-977528	regorafenib	twice a day (B.I.D)	Too Early
targeted_therapy	CTDC-SUBJECT-956257	CTDC-TARGETED-THERAPY-977529	regorafenib	Other	Too Early
targeted_therapy	CTDC-SUBJECT-880100	CTDC-TARGETED-THERAPY-977530	regorafenib	twice a day (B.I.D)	Too Early
targeted_therapy	CTDC-SUBJECT-848158	CTDC-TARGETED-THERAPY-977531	regorafenib	three times a day (T.I.D)	Too Early
targeted_therapy	CTDC-SUBJECT-362134	CTDC-TARGETED-THERAPY-977532	regorafenib	four times a day (Q.I.D)	Too Early
targeted_therapy	CTDC-SUBJECT-169598	CTDC-TARGETED-THERAPY-977533	regorafenib	twice a day (B.I.D)	Too Early
targeted_therapy	CTDC-SUBJECT-588312	CTDC-TARGETED-THERAPY-977534	regorafenib	twice a day (B.I.D)	Too Early
targeted_therapy	CTDC-SUBJECT-894501	CTDC-TARGETED-THERAPY-995731	isatuximab-irfc	twice a day (B.I.D)	Unknown
targeted_therapy	CTDC-SUBJECT-894501	CTDC-TARGETED-THERAPY-995732	isatuximab-irfc	EVERY OTHER DAY (Q.O.D.)	Unknown
targeted_therapy	CTDC-SUBJECT-316498	CTDC-TARGETED-THERAPY-995733	isatuximab-irfc	Once a day (Q.D.)	Unknown
targeted_therapy	CTDC-SUBJECT-811589	CTDC-TARGETED-THERAPY-995734	isatuximab-irfc	Once a day (Q.D.)	Unknown
targeted_therapy	CTDC-SUBJECT-343157	CTDC-TARGETED-THERAPY-995735	isatuximab-irfc	twice a day (B.I.D)	Unknown
targeted_therapy	CTDC-SUBJECT-459688	CTDC-TARGETED-THERAPY-999125	belantamab mafodotin	three times a day (T.I.D)	Partial Response
