type	participant.participant_id	non_targeted_therapy_record_id	non_targeted_therapy	non_targeted_therapy_start_date	best_response_to_non_targeted_therapy
non_targeted_therapy	CTDC-SUBJECT-459688	CTDC-NON-TARGETED-THERAPY-123898	carboplatin, etoposide	813	Unknown
non_targeted_therapy	CTDC-SUBJECT-210323	CTDC-NON-TARGETED-THERAPY-123899	carboplatin, etoposide	798	Unknown
non_targeted_therapy	CTDC-SUBJECT-646347	CTDC-NON-TARGETED-THERAPY-123900	carboplatin, etoposide	798	Unknown
non_targeted_therapy	CTDC-SUBJECT-894501	CTDC-NON-TARGETED-THERAPY-123901	carboplatin, etoposide	787	Unknown
non_targeted_therapy	CTDC-SUBJECT-165330	CTDC-NON-TARGETED-THERAPY-149870	fluorouracil	448	Less than partial response
non_targeted_therapy	CTDC-SUBJECT-850225	CTDC-NON-TARGETED-THERAPY-149871	fluorouracil	967	Less than partial response
non_targeted_therapy	CTDC-SUBJECT-508659	CTDC-NON-TARGETED-THERAPY-149872	fluorouracil	463	Less than partial response
non_targeted_therapy	CTDC-SUBJECT-506858	CTDC-NON-TARGETED-THERAPY-149873	fluorouracil	798	Less than partial response
non_targeted_therapy	CTDC-SUBJECT-210323	CTDC-NON-TARGETED-THERAPY-149874	fluorouracil	463	Less than partial response
non_targeted_therapy	CTDC-SUBJECT-423309	CTDC-NON-TARGETED-THERAPY-149875	fluorouracil	12	Less than partial response
non_targeted_therapy	CTDC-SUBJECT-550851	CTDC-NON-TARGETED-THERAPY-149876	fluorouracil	235	Less than partial response
non_targeted_therapy	CTDC-SUBJECT-417394	CTDC-NON-TARGETED-THERAPY-149877	fluorouracil	745	Less than partial response
non_targeted_therapy	CTDC-SUBJECT-646347	CTDC-NON-TARGETED-THERAPY-149878	fluorouracil	463	Less than partial response
non_targeted_therapy	CTDC-SUBJECT-189635	CTDC-NON-TARGETED-THERAPY-149879	fluorouracil	463	Less than partial response
non_targeted_therapy	CTDC-SUBJECT-922456	CTDC-NON-TARGETED-THERAPY-149880	fluorouracil	542	Less than partial response
non_targeted_therapy	CTDC-SUBJECT-969430	CTDC-NON-TARGETED-THERAPY-149881	fluorouracil	576	Less than partial response
non_targeted_therapy	CTDC-SUBJECT-144844	CTDC-NON-TARGETED-THERAPY-149882	fluorouracil	928	Less than partial response
non_targeted_therapy	CTDC-SUBJECT-926826	CTDC-NON-TARGETED-THERAPY-149883	fluorouracil	775	Less than partial response
non_targeted_therapy	CTDC-SUBJECT-580164	CTDC-NON-TARGETED-THERAPY-149884	fluorouracil	465	Less than partial response
non_targeted_therapy	CTDC-SUBJECT-947001	CTDC-NON-TARGETED-THERAPY-149885	fluorouracil	798	Less than partial response
non_targeted_therapy	CTDC-SUBJECT-581720	CTDC-NON-TARGETED-THERAPY-149886	fluorouracil	928	Less than partial response
non_targeted_therapy	CTDC-SUBJECT-328245	CTDC-NON-TARGETED-THERAPY-164463	cyclophosphamide	38	Less than partial response
non_targeted_therapy	CTDC-SUBJECT-192223	CTDC-NON-TARGETED-THERAPY-164464	cyclophosphamide	235	Less than partial response
non_targeted_therapy	CTDC-SUBJECT-293993	CTDC-NON-TARGETED-THERAPY-164465	cyclophosphamide	967	Less than partial response
non_targeted_therapy	CTDC-SUBJECT-433750	CTDC-NON-TARGETED-THERAPY-164466	cyclophosphamide	661	Less than partial response
non_targeted_therapy	CTDC-SUBJECT-719750	CTDC-NON-TARGETED-THERAPY-164467	cyclophosphamide	775	Less than partial response
non_targeted_therapy	CTDC-SUBJECT-348141	CTDC-NON-TARGETED-THERAPY-164468	cyclophosphamide	798	Less than partial response
non_targeted_therapy	CTDC-SUBJECT-954089	CTDC-NON-TARGETED-THERAPY-205300	leuprolide	649	Unknown
non_targeted_therapy	CTDC-SUBJECT-144313	CTDC-NON-TARGETED-THERAPY-205301	leuprolide	798	Unknown
non_targeted_therapy	CTDC-SUBJECT-640943	CTDC-NON-TARGETED-THERAPY-216564	lurbinectedin	755	Stable Disease
non_targeted_therapy	CTDC-SUBJECT-852840	CTDC-NON-TARGETED-THERAPY-216565	lurbinectedin	38	Stable Disease
non_targeted_therapy	CTDC-SUBJECT-640748	CTDC-NON-TARGETED-THERAPY-216566	lurbinectedin	755	Stable Disease
non_targeted_therapy	CTDC-SUBJECT-506259	CTDC-NON-TARGETED-THERAPY-216567	lurbinectedin	273	Stable Disease
non_targeted_therapy	CTDC-SUBJECT-443429	CTDC-NON-TARGETED-THERAPY-216568	lurbinectedin	12	Stable Disease
non_targeted_therapy	CTDC-SUBJECT-210323	CTDC-NON-TARGETED-THERAPY-216569	lurbinectedin	12	Stable Disease
non_targeted_therapy	CTDC-SUBJECT-210323	CTDC-NON-TARGETED-THERAPY-216570	lurbinectedin	967	Stable Disease
non_targeted_therapy	CTDC-SUBJECT-959628	CTDC-NON-TARGETED-THERAPY-216571	lurbinectedin	447	Stable Disease
non_targeted_therapy	CTDC-SUBJECT-387207	CTDC-NON-TARGETED-THERAPY-216572	lurbinectedin	463	Stable Disease
non_targeted_therapy	CTDC-SUBJECT-387207	CTDC-NON-TARGETED-THERAPY-216573	lurbinectedin	235	Stable Disease
non_targeted_therapy	CTDC-SUBJECT-774908	CTDC-NON-TARGETED-THERAPY-216574	lurbinectedin	12	Stable Disease
non_targeted_therapy	CTDC-SUBJECT-554104	CTDC-NON-TARGETED-THERAPY-216575	lurbinectedin	576	Stable Disease
non_targeted_therapy	CTDC-SUBJECT-687307	CTDC-NON-TARGETED-THERAPY-216576	lurbinectedin	386	Stable Disease
non_targeted_therapy	CTDC-SUBJECT-463006	CTDC-NON-TARGETED-THERAPY-216577	lurbinectedin	649	Stable Disease
non_targeted_therapy	CTDC-SUBJECT-995809	CTDC-NON-TARGETED-THERAPY-216578	lurbinectedin	42	Stable Disease
non_targeted_therapy	CTDC-SUBJECT-995809	CTDC-NON-TARGETED-THERAPY-216579	lurbinectedin	928	Stable Disease
non_targeted_therapy	CTDC-SUBJECT-206266	CTDC-NON-TARGETED-THERAPY-216580	lurbinectedin	755	Stable Disease
non_targeted_therapy	CTDC-SUBJECT-417394	CTDC-NON-TARGETED-THERAPY-216581	lurbinectedin	919	Stable Disease
non_targeted_therapy	CTDC-SUBJECT-839702	CTDC-NON-TARGETED-THERAPY-216582	lurbinectedin	42	Stable Disease
non_targeted_therapy	CTDC-SUBJECT-221942	CTDC-NON-TARGETED-THERAPY-216583	lurbinectedin	517	Stable Disease
non_targeted_therapy	CTDC-SUBJECT-476464	CTDC-NON-TARGETED-THERAPY-216584	lurbinectedin	775	Stable Disease
non_targeted_therapy	CTDC-SUBJECT-980511	CTDC-NON-TARGETED-THERAPY-216585	lurbinectedin	291	Stable Disease
non_targeted_therapy	CTDC-SUBJECT-980511	CTDC-NON-TARGETED-THERAPY-216586	lurbinectedin	787	Stable Disease
non_targeted_therapy	CTDC-SUBJECT-924034	CTDC-NON-TARGETED-THERAPY-216587	lurbinectedin	12	Stable Disease
non_targeted_therapy	CTDC-SUBJECT-741080	CTDC-NON-TARGETED-THERAPY-216588	lurbinectedin	42	Stable Disease
non_targeted_therapy	CTDC-SUBJECT-221047	CTDC-NON-TARGETED-THERAPY-216589	lurbinectedin	448	Stable Disease
non_targeted_therapy	CTDC-SUBJECT-480486	CTDC-NON-TARGETED-THERAPY-216590	lurbinectedin	273	Stable Disease
non_targeted_therapy	CTDC-SUBJECT-956257	CTDC-NON-TARGETED-THERAPY-216591	lurbinectedin	576	Stable Disease
non_targeted_therapy	CTDC-SUBJECT-956257	CTDC-NON-TARGETED-THERAPY-216592	lurbinectedin	42	Stable Disease
non_targeted_therapy	CTDC-SUBJECT-880100	CTDC-NON-TARGETED-THERAPY-216593	lurbinectedin	235	Stable Disease
non_targeted_therapy	CTDC-SUBJECT-348141	CTDC-NON-TARGETED-THERAPY-216594	lurbinectedin	542	Stable Disease
non_targeted_therapy	CTDC-SUBJECT-123051	CTDC-NON-TARGETED-THERAPY-216595	lurbinectedin	542	Stable Disease
non_targeted_therapy	CTDC-SUBJECT-362134	CTDC-NON-TARGETED-THERAPY-216596	lurbinectedin	967	Stable Disease
non_targeted_therapy	CTDC-SUBJECT-406843	CTDC-NON-TARGETED-THERAPY-216597	lurbinectedin	775	Stable Disease
non_targeted_therapy	CTDC-SUBJECT-406843	CTDC-NON-TARGETED-THERAPY-216598	lurbinectedin	787	Stable Disease
non_targeted_therapy	CTDC-SUBJECT-107225	CTDC-NON-TARGETED-THERAPY-216599	lurbinectedin	787	Stable Disease
non_targeted_therapy	CTDC-SUBJECT-519269	CTDC-NON-TARGETED-THERAPY-225622	doxorubicin	249	Progressive Disease
non_targeted_therapy	CTDC-SUBJECT-954089	CTDC-NON-TARGETED-THERAPY-230855	hydroxyurea	798	Unknown
non_targeted_therapy	CTDC-SUBJECT-247208	CTDC-NON-TARGETED-THERAPY-230856	hydroxyurea	447	Unknown
non_targeted_therapy	CTDC-SUBJECT-906674	CTDC-NON-TARGETED-THERAPY-268601	Doxorubicin plus Vincristine Combination Therapy	745	Partial Response
non_targeted_therapy	CTDC-SUBJECT-273839	CTDC-NON-TARGETED-THERAPY-268602	Doxorubicin plus Vincristine Combination Therapy	291	Partial Response
non_targeted_therapy	CTDC-SUBJECT-387207	CTDC-NON-TARGETED-THERAPY-268603	Doxorubicin plus Vincristine Combination Therapy	798	Partial Response
non_targeted_therapy	CTDC-SUBJECT-423309	CTDC-NON-TARGETED-THERAPY-268604	Doxorubicin plus Vincristine Combination Therapy	386	Partial Response
non_targeted_therapy	CTDC-SUBJECT-447893	CTDC-NON-TARGETED-THERAPY-268605	Doxorubicin plus Vincristine Combination Therapy	755	Partial Response
non_targeted_therapy	CTDC-SUBJECT-211748	CTDC-NON-TARGETED-THERAPY-268606	Doxorubicin plus Vincristine Combination Therapy	463	Partial Response
non_targeted_therapy	CTDC-SUBJECT-221047	CTDC-NON-TARGETED-THERAPY-268607	Doxorubicin plus Vincristine Combination Therapy	787	Partial Response
non_targeted_therapy	CTDC-SUBJECT-445414	CTDC-NON-TARGETED-THERAPY-307049	bicalutamide	299	Not Evaluable
non_targeted_therapy	CTDC-SUBJECT-273839	CTDC-NON-TARGETED-THERAPY-307050	bicalutamide	302	Not Evaluable
non_targeted_therapy	CTDC-SUBJECT-436957	CTDC-NON-TARGETED-THERAPY-307051	bicalutamide	12	Not Evaluable
non_targeted_therapy	CTDC-SUBJECT-456210	CTDC-NON-TARGETED-THERAPY-307052	leucovorin	542	Not Evaluable
non_targeted_therapy	CTDC-SUBJECT-254303	CTDC-NON-TARGETED-THERAPY-307053	leucovorin	42	Not Evaluable
non_targeted_therapy	CTDC-SUBJECT-946167	CTDC-NON-TARGETED-THERAPY-307054	leucovorin	291	Not Evaluable
non_targeted_therapy	CTDC-SUBJECT-323772	CTDC-NON-TARGETED-THERAPY-307055	leucovorin	42	Not Evaluable
non_targeted_therapy	CTDC-SUBJECT-115563	CTDC-NON-TARGETED-THERAPY-307056	leucovorin	787	Not Evaluable
non_targeted_therapy	CTDC-SUBJECT-922456	CTDC-NON-TARGETED-THERAPY-307057	leucovorin	967	Not Evaluable
non_targeted_therapy	CTDC-SUBJECT-453504	CTDC-NON-TARGETED-THERAPY-307058	leucovorin	273	Not Evaluable
non_targeted_therapy	CTDC-SUBJECT-588312	CTDC-NON-TARGETED-THERAPY-307059	leucovorin	249	Not Evaluable
non_targeted_therapy	CTDC-SUBJECT-581720	CTDC-NON-TARGETED-THERAPY-307060	leucovorin	798	Not Evaluable
non_targeted_therapy	CTDC-SUBJECT-163620	CTDC-NON-TARGETED-THERAPY-394295	Doxorubicin plus Vincristine Combination Therapy	12	Stable Disease
non_targeted_therapy	CTDC-SUBJECT-575176	CTDC-NON-TARGETED-THERAPY-394296	Doxorubicin plus Vincristine Combination Therapy	590	Stable Disease
non_targeted_therapy	CTDC-SUBJECT-646347	CTDC-NON-TARGETED-THERAPY-394297	Doxorubicin plus Vincristine Combination Therapy	576	Stable Disease
non_targeted_therapy	CTDC-SUBJECT-389624	CTDC-NON-TARGETED-THERAPY-394298	Doxorubicin plus Vincristine Combination Therapy	291	Stable Disease
non_targeted_therapy	CTDC-SUBJECT-348141	CTDC-NON-TARGETED-THERAPY-394299	Doxorubicin plus Vincristine Combination Therapy	12	Stable Disease
non_targeted_therapy	CTDC-SUBJECT-628752	CTDC-NON-TARGETED-THERAPY-396214	lenalidomide	337	Less than partial response
non_targeted_therapy	CTDC-SUBJECT-777459	CTDC-NON-TARGETED-THERAPY-396215	lenalidomide	967	Less than partial response
non_targeted_therapy	CTDC-SUBJECT-959503	CTDC-NON-TARGETED-THERAPY-396216	lenalidomide	798	Less than partial response
non_targeted_therapy	CTDC-SUBJECT-123051	CTDC-NON-TARGETED-THERAPY-396217	lenalidomide	967	Less than partial response
non_targeted_therapy	CTDC-SUBJECT-406843	CTDC-NON-TARGETED-THERAPY-396218	lenalidomide	203	Less than partial response
non_targeted_therapy	CTDC-SUBJECT-589930	CTDC-NON-TARGETED-THERAPY-396219	lenalidomide	12	Less than partial response
non_targeted_therapy	CTDC-SUBJECT-636260	CTDC-NON-TARGETED-THERAPY-420419	melphalan	157	Not Evaluable
non_targeted_therapy	CTDC-SUBJECT-210323	CTDC-NON-TARGETED-THERAPY-420420	melphalan	447	Not Evaluable
non_targeted_therapy	CTDC-SUBJECT-293993	CTDC-NON-TARGETED-THERAPY-420421	melphalan	337	Not Evaluable
non_targeted_therapy	CTDC-SUBJECT-724373	CTDC-NON-TARGETED-THERAPY-420422	melphalan	203	Not Evaluable
non_targeted_therapy	CTDC-SUBJECT-206266	CTDC-NON-TARGETED-THERAPY-420423	melphalan	798	Not Evaluable
non_targeted_therapy	CTDC-SUBJECT-202893	CTDC-NON-TARGETED-THERAPY-420424	melphalan	775	Not Evaluable
non_targeted_therapy	CTDC-SUBJECT-926826	CTDC-NON-TARGETED-THERAPY-420425	melphalan	967	Not Evaluable
non_targeted_therapy	CTDC-SUBJECT-660757	CTDC-NON-TARGETED-THERAPY-422338	capecitabine	919	Not Evaluable
non_targeted_therapy	CTDC-SUBJECT-453504	CTDC-NON-TARGETED-THERAPY-422339	capecitabine	928	Not Evaluable
non_targeted_therapy	CTDC-SUBJECT-405624	CTDC-NON-TARGETED-THERAPY-425649	fluorouracil, irinotecan, leucovorin	386	Complete Response
non_targeted_therapy	CTDC-SUBJECT-846264	CTDC-NON-TARGETED-THERAPY-425650	fluorouracil, irinotecan, leucovorin	798	Complete Response
non_targeted_therapy	CTDC-SUBJECT-718374	CTDC-NON-TARGETED-THERAPY-425651	fluorouracil, irinotecan, leucovorin	928	Complete Response
non_targeted_therapy	CTDC-SUBJECT-336076	CTDC-NON-TARGETED-THERAPY-425652	fluorouracil, irinotecan, leucovorin	928	Complete Response
non_targeted_therapy	CTDC-SUBJECT-293993	CTDC-NON-TARGETED-THERAPY-425653	fluorouracil, irinotecan, leucovorin	12	Complete Response
non_targeted_therapy	CTDC-SUBJECT-293993	CTDC-NON-TARGETED-THERAPY-425654	fluorouracil, irinotecan, leucovorin	590	Complete Response
non_targeted_therapy	CTDC-SUBJECT-293993	CTDC-NON-TARGETED-THERAPY-425655	fluorouracil, irinotecan, leucovorin	967	Complete Response
non_targeted_therapy	CTDC-SUBJECT-724373	CTDC-NON-TARGETED-THERAPY-425656	fluorouracil, irinotecan, leucovorin	42	Complete Response
non_targeted_therapy	CTDC-SUBJECT-254053	CTDC-NON-TARGETED-THERAPY-425657	fluorouracil, irinotecan, leucovorin	787	Complete Response
non_targeted_therapy	CTDC-SUBJECT-865958	CTDC-NON-TARGETED-THERAPY-425658	fluorouracil, irinotecan, leucovorin	463	Complete Response
non_targeted_therapy	CTDC-SUBJECT-550851	CTDC-NON-TARGETED-THERAPY-425659	fluorouracil, irinotecan, leucovorin	235	Complete Response
non_targeted_therapy	CTDC-SUBJECT-390783	CTDC-NON-TARGETED-THERAPY-425660	fluorouracil, irinotecan, leucovorin	235	Complete Response
non_targeted_therapy	CTDC-SUBJECT-622335	CTDC-NON-TARGETED-THERAPY-425661	fluorouracil, irinotecan, leucovorin	463	Complete Response
non_targeted_therapy	CTDC-SUBJECT-724275	CTDC-NON-TARGETED-THERAPY-425662	fluorouracil, irinotecan, leucovorin	465	Complete Response
non_targeted_therapy	CTDC-SUBJECT-379968	CTDC-NON-TARGETED-THERAPY-425663	fluorouracil, irinotecan, leucovorin	235	Complete Response
non_targeted_therapy	CTDC-SUBJECT-159850	CTDC-NON-TARGETED-THERAPY-425664	fluorouracil, irinotecan, leucovorin	542	Complete Response
non_targeted_therapy	CTDC-SUBJECT-105359	CTDC-NON-TARGETED-THERAPY-425665	fluorouracil, irinotecan, leucovorin	463	Complete Response
non_targeted_therapy	CTDC-SUBJECT-105359	CTDC-NON-TARGETED-THERAPY-425666	fluorouracil, irinotecan, leucovorin	967	Complete Response
non_targeted_therapy	CTDC-SUBJECT-211748	CTDC-NON-TARGETED-THERAPY-425667	fluorouracil, irinotecan, leucovorin	576	Complete Response
non_targeted_therapy	CTDC-SUBJECT-894501	CTDC-NON-TARGETED-THERAPY-425668	fluorouracil, irinotecan, leucovorin	273	Complete Response
non_targeted_therapy	CTDC-SUBJECT-436957	CTDC-NON-TARGETED-THERAPY-425669	fluorouracil, irinotecan, leucovorin	609	Complete Response
non_targeted_therapy	CTDC-SUBJECT-116372	CTDC-NON-TARGETED-THERAPY-425670	fluorouracil, irinotecan, leucovorin	337	Complete Response
non_targeted_therapy	CTDC-SUBJECT-719750	CTDC-NON-TARGETED-THERAPY-425671	fluorouracil, irinotecan, leucovorin	649	Complete Response
non_targeted_therapy	CTDC-SUBJECT-144844	CTDC-NON-TARGETED-THERAPY-425672	fluorouracil, irinotecan, leucovorin	337	Complete Response
non_targeted_therapy	CTDC-SUBJECT-241144	CTDC-NON-TARGETED-THERAPY-425673	fluorouracil, irinotecan, leucovorin	273	Complete Response
non_targeted_therapy	CTDC-SUBJECT-123051	CTDC-NON-TARGETED-THERAPY-425674	fluorouracil, irinotecan, leucovorin	42	Complete Response
non_targeted_therapy	CTDC-SUBJECT-926826	CTDC-NON-TARGETED-THERAPY-425675	fluorouracil, irinotecan, leucovorin	291	Complete Response
non_targeted_therapy	CTDC-SUBJECT-453504	CTDC-NON-TARGETED-THERAPY-425676	fluorouracil, irinotecan, leucovorin	273	Complete Response
non_targeted_therapy	CTDC-SUBJECT-169598	CTDC-NON-TARGETED-THERAPY-425677	fluorouracil, irinotecan, leucovorin	928	Complete Response
non_targeted_therapy	CTDC-SUBJECT-147802	CTDC-NON-TARGETED-THERAPY-425678	fluorouracil, irinotecan, leucovorin	447	Complete Response
non_targeted_therapy	CTDC-SUBJECT-718208	CTDC-NON-TARGETED-THERAPY-425679	fluorouracil, irinotecan, leucovorin	576	Complete Response
non_targeted_therapy	CTDC-SUBJECT-456210	CTDC-NON-TARGETED-THERAPY-425680	fluorouracil, irinotecan, leucovorin	590	Complete Response
non_targeted_therapy	CTDC-SUBJECT-954089	CTDC-NON-TARGETED-THERAPY-425681	fluorouracil, irinotecan, leucovorin	787	Complete Response
non_targeted_therapy	CTDC-SUBJECT-860750	CTDC-NON-TARGETED-THERAPY-434619	daunorubicin	103	Too Early
non_targeted_therapy	CTDC-SUBJECT-249982	CTDC-NON-TARGETED-THERAPY-434620	daunorubicin	463	Too Early
non_targeted_therapy	CTDC-SUBJECT-519269	CTDC-NON-TARGETED-THERAPY-435475	oxaliplatin, fluorouracil, leucovorin	608	Complete Response
non_targeted_therapy	CTDC-SUBJECT-718374	CTDC-NON-TARGETED-THERAPY-435476	oxaliplatin, fluorouracil, leucovorin	798	Complete Response
non_targeted_therapy	CTDC-SUBJECT-161315	CTDC-NON-TARGETED-THERAPY-435477	oxaliplatin, fluorouracil, leucovorin	249	Complete Response
non_targeted_therapy	CTDC-SUBJECT-362134	CTDC-NON-TARGETED-THERAPY-435478	oxaliplatin, fluorouracil, leucovorin	576	Complete Response
non_targeted_therapy	CTDC-SUBJECT-408391	CTDC-NON-TARGETED-THERAPY-483955	fluorouracil	683	Not Evaluable
non_targeted_therapy	CTDC-SUBJECT-880100	CTDC-NON-TARGETED-THERAPY-483956	fluorouracil	967	Not Evaluable
non_targeted_therapy	CTDC-SUBJECT-837376	CTDC-NON-TARGETED-THERAPY-490364	irinotecan	472	Stable Disease
non_targeted_therapy	CTDC-SUBJECT-265741	CTDC-NON-TARGETED-THERAPY-490365	irinotecan	787	Stable Disease
non_targeted_therapy	CTDC-SUBJECT-252950	CTDC-NON-TARGETED-THERAPY-490366	irinotecan	448	Stable Disease
non_targeted_therapy	CTDC-SUBJECT-206266	CTDC-NON-TARGETED-THERAPY-490367	irinotecan	299	Stable Disease
non_targeted_therapy	CTDC-SUBJECT-417394	CTDC-NON-TARGETED-THERAPY-490368	irinotecan	386	Stable Disease
non_targeted_therapy	CTDC-SUBJECT-498683	CTDC-NON-TARGETED-THERAPY-490369	irinotecan	273	Stable Disease
non_targeted_therapy	CTDC-SUBJECT-202893	CTDC-NON-TARGETED-THERAPY-490370	irinotecan	798	Stable Disease
non_targeted_therapy	CTDC-SUBJECT-241144	CTDC-NON-TARGETED-THERAPY-490371	irinotecan	354	Stable Disease
non_targeted_therapy	CTDC-SUBJECT-484915	CTDC-NON-TARGETED-THERAPY-490372	irinotecan	42	Stable Disease
non_targeted_therapy	CTDC-SUBJECT-906674	CTDC-NON-TARGETED-THERAPY-496992	fludarabine	576	Not Assessed
non_targeted_therapy	CTDC-SUBJECT-906674	CTDC-NON-TARGETED-THERAPY-526829	carboplatin	465	Less than partial response
non_targeted_therapy	CTDC-SUBJECT-417394	CTDC-NON-TARGETED-THERAPY-526830	carboplatin	609	Less than partial response
non_targeted_therapy	CTDC-SUBJECT-593393	CTDC-NON-TARGETED-THERAPY-526831	carboplatin	775	Less than partial response
non_targeted_therapy	CTDC-SUBJECT-408391	CTDC-NON-TARGETED-THERAPY-572636	pemetrexed	381	Less than partial response
non_targeted_therapy	CTDC-SUBJECT-628752	CTDC-NON-TARGETED-THERAPY-578854	cyclophosphamide	463	Partial Response
non_targeted_therapy	CTDC-SUBJECT-210323	CTDC-NON-TARGETED-THERAPY-578855	cyclophosphamide	291	Partial Response
non_targeted_therapy	CTDC-SUBJECT-386686	CTDC-NON-TARGETED-THERAPY-578856	cyclophosphamide	447	Partial Response
non_targeted_therapy	CTDC-SUBJECT-954089	CTDC-NON-TARGETED-THERAPY-622298	cytarabine	291	Complete Response
non_targeted_therapy	CTDC-SUBJECT-336076	CTDC-NON-TARGETED-THERAPY-622299	cytarabine	755	Complete Response
non_targeted_therapy	CTDC-SUBJECT-906674	CTDC-NON-TARGETED-THERAPY-626775	Leucovorin Calcium/Irinotecan Hydrochloride	302	Progressive Disease
non_targeted_therapy	CTDC-SUBJECT-826378	CTDC-NON-TARGETED-THERAPY-626776	Leucovorin Calcium/Irinotecan Hydrochloride	235	Progressive Disease
non_targeted_therapy	CTDC-SUBJECT-180549	CTDC-NON-TARGETED-THERAPY-626777	Leucovorin Calcium/Irinotecan Hydrochloride	386	Progressive Disease
non_targeted_therapy	CTDC-SUBJECT-648259	CTDC-NON-TARGETED-THERAPY-626778	Leucovorin Calcium/Irinotecan Hydrochloride	775	Progressive Disease
non_targeted_therapy	CTDC-SUBJECT-144313	CTDC-NON-TARGETED-THERAPY-626779	Leucovorin Calcium/Irinotecan Hydrochloride	787	Progressive Disease
non_targeted_therapy	CTDC-SUBJECT-390087	CTDC-NON-TARGETED-THERAPY-626780	Leucovorin Calcium/Irinotecan Hydrochloride	12	Progressive Disease
non_targeted_therapy	CTDC-SUBJECT-375632	CTDC-NON-TARGETED-THERAPY-626781	Leucovorin Calcium/Irinotecan Hydrochloride	273	Progressive Disease
non_targeted_therapy	CTDC-SUBJECT-163620	CTDC-NON-TARGETED-THERAPY-631373	melphalan	517	Too Early
non_targeted_therapy	CTDC-SUBJECT-499991	CTDC-NON-TARGETED-THERAPY-631374	melphalan	609	Too Early
non_targeted_therapy	CTDC-SUBJECT-296184	CTDC-NON-TARGETED-THERAPY-631375	melphalan	576	Too Early
non_targeted_therapy	CTDC-SUBJECT-550851	CTDC-NON-TARGETED-THERAPY-631376	melphalan	967	Too Early
non_targeted_therapy	CTDC-SUBJECT-687307	CTDC-NON-TARGETED-THERAPY-631377	melphalan	463	Too Early
non_targeted_therapy	CTDC-SUBJECT-159850	CTDC-NON-TARGETED-THERAPY-631378	melphalan	798	Too Early
non_targeted_therapy	CTDC-SUBJECT-668537	CTDC-NON-TARGETED-THERAPY-631379	melphalan	755	Too Early
non_targeted_therapy	CTDC-SUBJECT-476464	CTDC-NON-TARGETED-THERAPY-631380	melphalan	273	Too Early
non_targeted_therapy	CTDC-SUBJECT-476464	CTDC-NON-TARGETED-THERAPY-631381	melphalan	354	Too Early
non_targeted_therapy	CTDC-SUBJECT-116372	CTDC-NON-TARGETED-THERAPY-631382	melphalan	273	Too Early
non_targeted_therapy	CTDC-SUBJECT-719750	CTDC-NON-TARGETED-THERAPY-631383	melphalan	273	Too Early
non_targeted_therapy	CTDC-SUBJECT-649082	CTDC-NON-TARGETED-THERAPY-631384	melphalan	967	Too Early
non_targeted_therapy	CTDC-SUBJECT-453504	CTDC-NON-TARGETED-THERAPY-631385	melphalan	235	Too Early
non_targeted_therapy	CTDC-SUBJECT-165330	CTDC-NON-TARGETED-THERAPY-653013	lenalidomide	787	Partial Response
non_targeted_therapy	CTDC-SUBJECT-379968	CTDC-NON-TARGETED-THERAPY-653014	lenalidomide	609	Partial Response
non_targeted_therapy	CTDC-SUBJECT-375632	CTDC-NON-TARGETED-THERAPY-653015	lenalidomide	542	Partial Response
non_targeted_therapy	CTDC-SUBJECT-906674	CTDC-NON-TARGETED-THERAPY-677723	fluorouracil, irinotecan, leucovorin	235	Too Early
non_targeted_therapy	CTDC-SUBJECT-640943	CTDC-NON-TARGETED-THERAPY-763840	fluorouracil, irinotecan, oxaliplatin, leucovorin	775	Less than partial response
non_targeted_therapy	CTDC-SUBJECT-725631	CTDC-NON-TARGETED-THERAPY-763841	fluorouracil, irinotecan, oxaliplatin, leucovorin	967	Less than partial response
non_targeted_therapy	CTDC-SUBJECT-850225	CTDC-NON-TARGETED-THERAPY-763842	fluorouracil, irinotecan, oxaliplatin, leucovorin	42	Less than partial response
non_targeted_therapy	CTDC-SUBJECT-508659	CTDC-NON-TARGETED-THERAPY-763843	fluorouracil, irinotecan, oxaliplatin, leucovorin	42	Less than partial response
non_targeted_therapy	CTDC-SUBJECT-777459	CTDC-NON-TARGETED-THERAPY-763844	fluorouracil, irinotecan, oxaliplatin, leucovorin	291	Less than partial response
non_targeted_therapy	CTDC-SUBJECT-946167	CTDC-NON-TARGETED-THERAPY-763845	fluorouracil, irinotecan, oxaliplatin, leucovorin	576	Less than partial response
non_targeted_therapy	CTDC-SUBJECT-681212	CTDC-NON-TARGETED-THERAPY-763846	fluorouracil, irinotecan, oxaliplatin, leucovorin	798	Less than partial response
non_targeted_therapy	CTDC-SUBJECT-480486	CTDC-NON-TARGETED-THERAPY-763847	fluorouracil, irinotecan, oxaliplatin, leucovorin	517	Less than partial response
non_targeted_therapy	CTDC-SUBJECT-956705	CTDC-NON-TARGETED-THERAPY-785658	bicalutamide	609	Unknown
non_targeted_therapy	CTDC-SUBJECT-850225	CTDC-NON-TARGETED-THERAPY-785659	bicalutamide	608	Unknown
non_targeted_therapy	CTDC-SUBJECT-718374	CTDC-NON-TARGETED-THERAPY-785660	bicalutamide	354	Unknown
non_targeted_therapy	CTDC-SUBJECT-895243	CTDC-NON-TARGETED-THERAPY-785661	bicalutamide	755	Unknown
non_targeted_therapy	CTDC-SUBJECT-701270	CTDC-NON-TARGETED-THERAPY-785662	bicalutamide	919	Unknown
non_targeted_therapy	CTDC-SUBJECT-273839	CTDC-NON-TARGETED-THERAPY-785663	bicalutamide	798	Unknown
non_targeted_therapy	CTDC-SUBJECT-296184	CTDC-NON-TARGETED-THERAPY-785664	bicalutamide	576	Unknown
non_targeted_therapy	CTDC-SUBJECT-724373	CTDC-NON-TARGETED-THERAPY-785665	bicalutamide	235	Unknown
non_targeted_therapy	CTDC-SUBJECT-743178	CTDC-NON-TARGETED-THERAPY-785666	bicalutamide	42	Unknown
non_targeted_therapy	CTDC-SUBJECT-724275	CTDC-NON-TARGETED-THERAPY-785667	bicalutamide	273	Unknown
non_targeted_therapy	CTDC-SUBJECT-681212	CTDC-NON-TARGETED-THERAPY-785668	bicalutamide	448	Unknown
non_targeted_therapy	CTDC-SUBJECT-301806	CTDC-NON-TARGETED-THERAPY-785669	bicalutamide	775	Unknown
non_targeted_therapy	CTDC-SUBJECT-159850	CTDC-NON-TARGETED-THERAPY-785670	bicalutamide	590	Unknown
non_targeted_therapy	CTDC-SUBJECT-821817	CTDC-NON-TARGETED-THERAPY-785671	bicalutamide	42	Unknown
non_targeted_therapy	CTDC-SUBJECT-144313	CTDC-NON-TARGETED-THERAPY-785672	bicalutamide	609	Unknown
non_targeted_therapy	CTDC-SUBJECT-922456	CTDC-NON-TARGETED-THERAPY-785673	bicalutamide	42	Unknown
non_targeted_therapy	CTDC-SUBJECT-480486	CTDC-NON-TARGETED-THERAPY-785674	bicalutamide	967	Unknown
non_targeted_therapy	CTDC-SUBJECT-316498	CTDC-NON-TARGETED-THERAPY-785675	bicalutamide	291	Unknown
non_targeted_therapy	CTDC-SUBJECT-649082	CTDC-NON-TARGETED-THERAPY-785676	bicalutamide	967	Unknown
non_targeted_therapy	CTDC-SUBJECT-926826	CTDC-NON-TARGETED-THERAPY-785677	bicalutamide	38	Unknown
non_targeted_therapy	CTDC-SUBJECT-848158	CTDC-NON-TARGETED-THERAPY-785678	bicalutamide	798	Unknown
non_targeted_therapy	CTDC-SUBJECT-169598	CTDC-NON-TARGETED-THERAPY-785679	bicalutamide	12	Unknown
non_targeted_therapy	CTDC-SUBJECT-718208	CTDC-NON-TARGETED-THERAPY-785680	bicalutamide	42	Unknown
non_targeted_therapy	CTDC-SUBJECT-163620	CTDC-NON-TARGETED-THERAPY-823508	doxorubicin	273	Too Early
non_targeted_therapy	CTDC-SUBJECT-702420	CTDC-NON-TARGETED-THERAPY-823509	doxorubicin	775	Too Early
non_targeted_therapy	CTDC-SUBJECT-922456	CTDC-NON-TARGETED-THERAPY-823510	doxorubicin	661	Too Early
non_targeted_therapy	CTDC-SUBJECT-169598	CTDC-NON-TARGETED-THERAPY-823511	doxorubicin	12	Too Early
non_targeted_therapy	CTDC-SUBJECT-628752	CTDC-NON-TARGETED-THERAPY-828628	firmagon	49	Not Evaluable
non_targeted_therapy	CTDC-SUBJECT-456180	CTDC-NON-TARGETED-THERAPY-828629	firmagon	919	Not Evaluable
non_targeted_therapy	CTDC-SUBJECT-221047	CTDC-NON-TARGETED-THERAPY-828630	firmagon	542	Not Evaluable
non_targeted_therapy	CTDC-SUBJECT-581720	CTDC-NON-TARGETED-THERAPY-828631	firmagon	49	Not Evaluable
non_targeted_therapy	CTDC-SUBJECT-628752	CTDC-NON-TARGETED-THERAPY-852346	autologous stem cell transplant	928	Not Assessed
non_targeted_therapy	CTDC-SUBJECT-850225	CTDC-NON-TARGETED-THERAPY-852347	autologous stem cell transplant	775	Not Assessed
non_targeted_therapy	CTDC-SUBJECT-390783	CTDC-NON-TARGETED-THERAPY-852348	autologous stem cell transplant	12	Not Assessed
non_targeted_therapy	CTDC-SUBJECT-417394	CTDC-NON-TARGETED-THERAPY-852349	autologous stem cell transplant	928	Not Assessed
non_targeted_therapy	CTDC-SUBJECT-880446	CTDC-NON-TARGETED-THERAPY-852350	autologous stem cell transplant	609	Not Assessed
non_targeted_therapy	CTDC-SUBJECT-169598	CTDC-NON-TARGETED-THERAPY-852351	autologous stem cell transplant	609	Not Assessed
non_targeted_therapy	CTDC-SUBJECT-147802	CTDC-NON-TARGETED-THERAPY-852352	autologous stem cell transplant	683	Not Assessed
non_targeted_therapy	CTDC-SUBJECT-310021	CTDC-NON-TARGETED-THERAPY-861637	fludarabine	203	Too Early
non_targeted_therapy	CTDC-SUBJECT-714422	CTDC-NON-TARGETED-THERAPY-861638	fludarabine	775	Too Early
non_targeted_therapy	CTDC-SUBJECT-809540	CTDC-NON-TARGETED-THERAPY-861639	fludarabine	755	Too Early
non_targeted_therapy	CTDC-SUBJECT-786247	CTDC-NON-TARGETED-THERAPY-861640	fludarabine	967	Too Early
non_targeted_therapy	CTDC-SUBJECT-508659	CTDC-NON-TARGETED-THERAPY-861641	fludarabine	235	Too Early
non_targeted_therapy	CTDC-SUBJECT-405624	CTDC-NON-TARGETED-THERAPY-861642	fludarabine	235	Too Early
non_targeted_therapy	CTDC-SUBJECT-336076	CTDC-NON-TARGETED-THERAPY-861643	fludarabine	609	Too Early
non_targeted_therapy	CTDC-SUBJECT-273839	CTDC-NON-TARGETED-THERAPY-861644	fludarabine	576	Too Early
non_targeted_therapy	CTDC-SUBJECT-639280	CTDC-NON-TARGETED-THERAPY-861645	fludarabine	42	Too Early
non_targeted_therapy	CTDC-SUBJECT-946167	CTDC-NON-TARGETED-THERAPY-861646	fludarabine	42	Too Early
non_targeted_therapy	CTDC-SUBJECT-743178	CTDC-NON-TARGETED-THERAPY-861647	fludarabine	42	Too Early
non_targeted_therapy	CTDC-SUBJECT-743178	CTDC-NON-TARGETED-THERAPY-861648	fludarabine	609	Too Early
non_targeted_therapy	CTDC-SUBJECT-206266	CTDC-NON-TARGETED-THERAPY-861649	fludarabine	609	Too Early
non_targeted_therapy	CTDC-SUBJECT-417394	CTDC-NON-TARGETED-THERAPY-861650	fludarabine	542	Too Early
non_targeted_therapy	CTDC-SUBJECT-417394	CTDC-NON-TARGETED-THERAPY-861651	fludarabine	354	Too Early
non_targeted_therapy	CTDC-SUBJECT-202893	CTDC-NON-TARGETED-THERAPY-861652	fludarabine	775	Too Early
non_targeted_therapy	CTDC-SUBJECT-894501	CTDC-NON-TARGETED-THERAPY-861653	fludarabine	12	Too Early
non_targeted_therapy	CTDC-SUBJECT-489761	CTDC-NON-TARGETED-THERAPY-861654	fludarabine	787	Too Early
non_targeted_therapy	CTDC-SUBJECT-123051	CTDC-NON-TARGETED-THERAPY-861655	fludarabine	42	Too Early
non_targeted_therapy	CTDC-SUBJECT-123051	CTDC-NON-TARGETED-THERAPY-861656	fludarabine	235	Too Early
non_targeted_therapy	CTDC-SUBJECT-926826	CTDC-NON-TARGETED-THERAPY-861657	fludarabine	42	Too Early
non_targeted_therapy	CTDC-SUBJECT-848158	CTDC-NON-TARGETED-THERAPY-861658	fludarabine	38	Too Early
non_targeted_therapy	CTDC-SUBJECT-196654	CTDC-NON-TARGETED-THERAPY-861659	fludarabine	967	Too Early
non_targeted_therapy	CTDC-SUBJECT-811589	CTDC-NON-TARGETED-THERAPY-861660	fludarabine	291	Too Early
non_targeted_therapy	CTDC-SUBJECT-956705	CTDC-NON-TARGETED-THERAPY-893268	Leucovorin Calcium/Fluorouracil/Oxaliplatin	967	Unknown
non_targeted_therapy	CTDC-SUBJECT-836180	CTDC-NON-TARGETED-THERAPY-893269	Leucovorin Calcium/Fluorouracil/Oxaliplatin	386	Unknown
non_targeted_therapy	CTDC-SUBJECT-848158	CTDC-NON-TARGETED-THERAPY-893270	Leucovorin Calcium/Fluorouracil/Oxaliplatin	465	Unknown
non_targeted_therapy	CTDC-SUBJECT-341676	CTDC-NON-TARGETED-THERAPY-893271	Leucovorin Calcium/Fluorouracil/Oxaliplatin	273	Unknown
non_targeted_therapy	CTDC-SUBJECT-408391	CTDC-NON-TARGETED-THERAPY-907009	capecitabine	354	Progressive Disease
non_targeted_therapy	CTDC-SUBJECT-908831	CTDC-NON-TARGETED-THERAPY-923151	CHOP	42	Less than partial response
non_targeted_therapy	CTDC-SUBJECT-506259	CTDC-NON-TARGETED-THERAPY-923152	CHOP	42	Less than partial response
non_targeted_therapy	CTDC-SUBJECT-850225	CTDC-NON-TARGETED-THERAPY-923153	CHOP	42	Less than partial response
non_targeted_therapy	CTDC-SUBJECT-702420	CTDC-NON-TARGETED-THERAPY-923154	CHOP	42	Less than partial response
non_targeted_therapy	CTDC-SUBJECT-498683	CTDC-NON-TARGETED-THERAPY-923155	CHOP	386	Less than partial response
non_targeted_therapy	CTDC-SUBJECT-144313	CTDC-NON-TARGETED-THERAPY-923156	CHOP	649	Less than partial response
non_targeted_therapy	CTDC-SUBJECT-718208	CTDC-NON-TARGETED-THERAPY-923157	CHOP	38	Less than partial response
non_targeted_therapy	CTDC-SUBJECT-527319	CTDC-NON-TARGETED-THERAPY-934548	fluorouracil	447	Not Assessed
non_targeted_therapy	CTDC-SUBJECT-463006	CTDC-NON-TARGETED-THERAPY-934549	fluorouracil	576	Not Assessed
non_targeted_therapy	CTDC-SUBJECT-408313	CTDC-NON-TARGETED-THERAPY-934550	fluorouracil	775	Not Assessed
non_targeted_therapy	CTDC-SUBJECT-445414	CTDC-NON-TARGETED-THERAPY-941351	hydroxyurea	386	Too Early
non_targeted_therapy	CTDC-SUBJECT-328307	CTDC-NON-TARGETED-THERAPY-941352	hydroxyurea	12	Too Early
non_targeted_therapy	CTDC-SUBJECT-346190	CTDC-NON-TARGETED-THERAPY-941353	hydroxyurea	381	Too Early
non_targeted_therapy	CTDC-SUBJECT-288185	CTDC-NON-TARGETED-THERAPY-999429	CHOP	661	Less than partial response
non_targeted_therapy	CTDC-SUBJECT-499991	CTDC-NON-TARGETED-THERAPY-999430	CHOP	354	Less than partial response
non_targeted_therapy	CTDC-SUBJECT-336076	CTDC-NON-TARGETED-THERAPY-999431	CHOP	683	Less than partial response
non_targeted_therapy	CTDC-SUBJECT-180549	CTDC-NON-TARGETED-THERAPY-999432	CHOP	12	Less than partial response
non_targeted_therapy	CTDC-SUBJECT-262510	CTDC-NON-TARGETED-THERAPY-999433	CHOP	447	Less than partial response
non_targeted_therapy	CTDC-SUBJECT-496827	CTDC-NON-TARGETED-THERAPY-999434	CHOP	787	Less than partial response
non_targeted_therapy	CTDC-SUBJECT-743178	CTDC-NON-TARGETED-THERAPY-999435	CHOP	103	Less than partial response
non_targeted_therapy	CTDC-SUBJECT-161315	CTDC-NON-TARGETED-THERAPY-999436	CHOP	745	Less than partial response
non_targeted_therapy	CTDC-SUBJECT-724275	CTDC-NON-TARGETED-THERAPY-999437	CHOP	798	Less than partial response
non_targeted_therapy	CTDC-SUBJECT-417394	CTDC-NON-TARGETED-THERAPY-999438	CHOP	542	Less than partial response
non_targeted_therapy	CTDC-SUBJECT-498683	CTDC-NON-TARGETED-THERAPY-999439	CHOP	798	Less than partial response
non_targeted_therapy	CTDC-SUBJECT-408313	CTDC-NON-TARGETED-THERAPY-999440	CHOP	813	Less than partial response
non_targeted_therapy	CTDC-SUBJECT-408313	CTDC-NON-TARGETED-THERAPY-999441	CHOP	12	Less than partial response
non_targeted_therapy	CTDC-SUBJECT-480486	CTDC-NON-TARGETED-THERAPY-999442	CHOP	967	Less than partial response
non_targeted_therapy	CTDC-SUBJECT-480486	CTDC-NON-TARGETED-THERAPY-999443	CHOP	775	Less than partial response
non_targeted_therapy	CTDC-SUBJECT-390087	CTDC-NON-TARGETED-THERAPY-999444	CHOP	291	Less than partial response
non_targeted_therapy	CTDC-SUBJECT-818301	CTDC-NON-TARGETED-THERAPY-999445	CHOP	38	Less than partial response
non_targeted_therapy	CTDC-SUBJECT-926826	CTDC-NON-TARGETED-THERAPY-999446	CHOP	755	Less than partial response
non_targeted_therapy	CTDC-SUBJECT-406843	CTDC-NON-TARGETED-THERAPY-999447	CHOP	967	Less than partial response
non_targeted_therapy	CTDC-SUBJECT-341676	CTDC-NON-TARGETED-THERAPY-999448	CHOP	798	Less than partial response
non_targeted_therapy	CTDC-SUBJECT-718208	CTDC-NON-TARGETED-THERAPY-999449	CHOP	967	Less than partial response
