type	participant.participant_id	radiological_procedure_record_id	radiological_procedure	radiation_dose	radiation_extent	radiotherapy_start_date	best_response_to_radiotherapy
radiotherapy	CTDC-SUBJECT-628752	CTDC-RADIOTHERAPY-195848	Whole Brain Radiation	48	56	204	Less than partial response
radiotherapy	CTDC-SUBJECT-809540	CTDC-RADIOTHERAPY-195849	Whole Brain Radiation	51	45	204	Less than partial response
radiotherapy	CTDC-SUBJECT-668537	CTDC-RADIOTHERAPY-195850	Whole Brain Radiation	48	56	204	Less than partial response
radiotherapy	CTDC-SUBJECT-476464	CTDC-RADIOTHERAPY-195851	Whole Brain Radiation	50	52	204	Less than partial response
radiotherapy	CTDC-SUBJECT-969430	CTDC-RADIOTHERAPY-195852	Whole Brain Radiation	59	57	204	Less than partial response
radiotherapy	CTDC-SUBJECT-144844	CTDC-RADIOTHERAPY-195853	Whole Brain Radiation	53	60	204	Less than partial response
radiotherapy	CTDC-SUBJECT-956257	CTDC-RADIOTHERAPY-195854	Whole Brain Radiation	49	52	204	Less than partial response
radiotherapy	CTDC-SUBJECT-241144	CTDC-RADIOTHERAPY-195855	Whole Brain Radiation	57	55	204	Less than partial response
radiotherapy	CTDC-SUBJECT-123051	CTDC-RADIOTHERAPY-195856	Whole Brain Radiation	58	60	204	Less than partial response
radiotherapy	CTDC-SUBJECT-636260	CTDC-RADIOTHERAPY-229369	CyberKnife	57	55	436	Not Assessed
radiotherapy	CTDC-SUBJECT-254303	CTDC-RADIOTHERAPY-229370	CyberKnife	49	52	436	Not Assessed
radiotherapy	CTDC-SUBJECT-980511	CTDC-RADIOTHERAPY-229371	CyberKnife	57	55	436	Not Assessed
radiotherapy	CTDC-SUBJECT-837376	CTDC-RADIOTHERAPY-229843	Palliative radiation to the pelvic mass	50	52	429	Not Evaluable
radiotherapy	CTDC-SUBJECT-786247	CTDC-RADIOTHERAPY-229844	Palliative radiation to the pelvic mass	48	56	429	Not Evaluable
radiotherapy	CTDC-SUBJECT-210323	CTDC-RADIOTHERAPY-229845	Palliative radiation to the pelvic mass	50	51	429	Not Evaluable
radiotherapy	CTDC-SUBJECT-296184	CTDC-RADIOTHERAPY-229846	Palliative radiation to the pelvic mass	57	55	429	Not Evaluable
radiotherapy	CTDC-SUBJECT-387207	CTDC-RADIOTHERAPY-229847	Palliative radiation to the pelvic mass	50	51	429	Not Evaluable
radiotherapy	CTDC-SUBJECT-639280	CTDC-RADIOTHERAPY-229848	Palliative radiation to the pelvic mass	49	59	429	Not Evaluable
radiotherapy	CTDC-SUBJECT-423309	CTDC-RADIOTHERAPY-229849	Palliative radiation to the pelvic mass	49	50	429	Not Evaluable
radiotherapy	CTDC-SUBJECT-554104	CTDC-RADIOTHERAPY-229850	Palliative radiation to the pelvic mass	49	59	429	Not Evaluable
radiotherapy	CTDC-SUBJECT-463006	CTDC-RADIOTHERAPY-229851	Palliative radiation to the pelvic mass	53	60	429	Not Evaluable
radiotherapy	CTDC-SUBJECT-252950	CTDC-RADIOTHERAPY-229852	Palliative radiation to the pelvic mass	59	57	429	Not Evaluable
radiotherapy	CTDC-SUBJECT-702420	CTDC-RADIOTHERAPY-229853	Palliative radiation to the pelvic mass	49	50	429	Not Evaluable
radiotherapy	CTDC-SUBJECT-681212	CTDC-RADIOTHERAPY-229854	Palliative radiation to the pelvic mass	53	60	429	Not Evaluable
radiotherapy	CTDC-SUBJECT-648259	CTDC-RADIOTHERAPY-229855	Palliative radiation to the pelvic mass	53	60	429	Not Evaluable
radiotherapy	CTDC-SUBJECT-144313	CTDC-RADIOTHERAPY-229856	Palliative radiation to the pelvic mass	58	59	429	Not Evaluable
radiotherapy	CTDC-SUBJECT-489761	CTDC-RADIOTHERAPY-229857	Palliative radiation to the pelvic mass	53	60	429	Not Evaluable
radiotherapy	CTDC-SUBJECT-926826	CTDC-RADIOTHERAPY-229858	Palliative radiation to the pelvic mass	58	60	429	Not Evaluable
radiotherapy	CTDC-SUBJECT-660757	CTDC-RADIOTHERAPY-251291	IGRT	59	46	222	Complete Response
radiotherapy	CTDC-SUBJECT-786247	CTDC-RADIOTHERAPY-251292	IGRT	50	51	222	Complete Response
radiotherapy	CTDC-SUBJECT-249982	CTDC-RADIOTHERAPY-251293	IGRT	50	51	222	Complete Response
radiotherapy	CTDC-SUBJECT-408313	CTDC-RADIOTHERAPY-251294	IGRT	59	57	222	Complete Response
radiotherapy	CTDC-SUBJECT-115563	CTDC-RADIOTHERAPY-251295	IGRT	53	60	222	Complete Response
radiotherapy	CTDC-SUBJECT-719750	CTDC-RADIOTHERAPY-251296	IGRT	59	57	222	Complete Response
radiotherapy	CTDC-SUBJECT-489761	CTDC-RADIOTHERAPY-251297	IGRT	58	60	222	Complete Response
radiotherapy	CTDC-SUBJECT-169598	CTDC-RADIOTHERAPY-251298	IGRT	57	55	222	Complete Response
radiotherapy	CTDC-SUBJECT-718208	CTDC-RADIOTHERAPY-251299	IGRT	48	56	222	Complete Response
radiotherapy	CTDC-SUBJECT-456210	CTDC-RADIOTHERAPY-293082	LOW DOSE RADIATION	52	48	984	Too Early
radiotherapy	CTDC-SUBJECT-288185	CTDC-RADIOTHERAPY-302611	Palliative Radiation Therapy	53	58	603	Progressive Disease
radiotherapy	CTDC-SUBJECT-908831	CTDC-RADIOTHERAPY-302612	Palliative Radiation Therapy	57	55	603	Progressive Disease
radiotherapy	CTDC-SUBJECT-163620	CTDC-RADIOTHERAPY-302613	Palliative Radiation Therapy	50	46	603	Progressive Disease
radiotherapy	CTDC-SUBJECT-836180	CTDC-RADIOTHERAPY-302614	Palliative Radiation Therapy	48	56	603	Progressive Disease
radiotherapy	CTDC-SUBJECT-743178	CTDC-RADIOTHERAPY-302615	Palliative Radiation Therapy	57	55	603	Progressive Disease
radiotherapy	CTDC-SUBJECT-880446	CTDC-RADIOTHERAPY-302616	Palliative Radiation Therapy	57	55	603	Progressive Disease
radiotherapy	CTDC-SUBJECT-980511	CTDC-RADIOTHERAPY-302617	Palliative Radiation Therapy	57	55	603	Progressive Disease
radiotherapy	CTDC-SUBJECT-316498	CTDC-RADIOTHERAPY-302618	Palliative Radiation Therapy	48	56	603	Progressive Disease
radiotherapy	CTDC-SUBJECT-848158	CTDC-RADIOTHERAPY-302619	Palliative Radiation Therapy	50	52	603	Progressive Disease
radiotherapy	CTDC-SUBJECT-169598	CTDC-RADIOTHERAPY-302620	Palliative Radiation Therapy	53	58	603	Progressive Disease
radiotherapy	CTDC-SUBJECT-408391	CTDC-RADIOTHERAPY-356648	Prophylactic Cranial Radiation	46	46	524	Progressive Disease
radiotherapy	CTDC-SUBJECT-310021	CTDC-RADIOTHERAPY-356649	Prophylactic Cranial Radiation	49	59	524	Progressive Disease
radiotherapy	CTDC-SUBJECT-265741	CTDC-RADIOTHERAPY-356650	Prophylactic Cranial Radiation	49	59	524	Progressive Disease
radiotherapy	CTDC-SUBJECT-724275	CTDC-RADIOTHERAPY-356651	Prophylactic Cranial Radiation	50	51	524	Progressive Disease
radiotherapy	CTDC-SUBJECT-147802	CTDC-RADIOTHERAPY-356652	Prophylactic Cranial Radiation	58	60	524	Progressive Disease
radiotherapy	CTDC-SUBJECT-860750	CTDC-RADIOTHERAPY-400595	External beam radiation delivered in 2 fractions to T5-T8.	58	59	48	Stable Disease
radiotherapy	CTDC-SUBJECT-459688	CTDC-RADIOTHERAPY-419458	Daily Radiation Treatment to R Lung/Nodes	58	60	839	Partial Response
radiotherapy	CTDC-SUBJECT-628752	CTDC-RADIOTHERAPY-436965	Yttrium 90 radio embolization Y90 Microspheres injection	51	45	687	Not Evaluable
radiotherapy	CTDC-SUBJECT-445414	CTDC-RADIOTHERAPY-436966	Yttrium 90 radio embolization Y90 Microspheres injection	58	60	687	Not Evaluable
radiotherapy	CTDC-SUBJECT-714422	CTDC-RADIOTHERAPY-436967	Yttrium 90 radio embolization Y90 Microspheres injection	49	59	687	Not Evaluable
radiotherapy	CTDC-SUBJECT-328307	CTDC-RADIOTHERAPY-436968	Yttrium 90 radio embolization Y90 Microspheres injection	57	55	687	Not Evaluable
radiotherapy	CTDC-SUBJECT-443429	CTDC-RADIOTHERAPY-436969	Yttrium 90 radio embolization Y90 Microspheres injection	48	56	687	Not Evaluable
radiotherapy	CTDC-SUBJECT-575176	CTDC-RADIOTHERAPY-436970	Yttrium 90 radio embolization Y90 Microspheres injection	52	48	687	Not Evaluable
radiotherapy	CTDC-SUBJECT-786247	CTDC-RADIOTHERAPY-436971	Yttrium 90 radio embolization Y90 Microspheres injection	53	58	687	Not Evaluable
radiotherapy	CTDC-SUBJECT-405624	CTDC-RADIOTHERAPY-436972	Yttrium 90 radio embolization Y90 Microspheres injection	57	55	687	Not Evaluable
radiotherapy	CTDC-SUBJECT-718374	CTDC-RADIOTHERAPY-436973	Yttrium 90 radio embolization Y90 Microspheres injection	50	52	687	Not Evaluable
radiotherapy	CTDC-SUBJECT-895243	CTDC-RADIOTHERAPY-436974	Yttrium 90 radio embolization Y90 Microspheres injection	49	59	687	Not Evaluable
radiotherapy	CTDC-SUBJECT-959628	CTDC-RADIOTHERAPY-436975	Yttrium 90 radio embolization Y90 Microspheres injection	58	60	687	Not Evaluable
radiotherapy	CTDC-SUBJECT-959628	CTDC-RADIOTHERAPY-436976	Yttrium 90 radio embolization Y90 Microspheres injection	53	58	687	Not Evaluable
radiotherapy	CTDC-SUBJECT-293993	CTDC-RADIOTHERAPY-436977	Yttrium 90 radio embolization Y90 Microspheres injection	49	59	687	Not Evaluable
radiotherapy	CTDC-SUBJECT-254053	CTDC-RADIOTHERAPY-436978	Yttrium 90 radio embolization Y90 Microspheres injection	58	59	687	Not Evaluable
radiotherapy	CTDC-SUBJECT-865958	CTDC-RADIOTHERAPY-436979	Yttrium 90 radio embolization Y90 Microspheres injection	57	55	687	Not Evaluable
radiotherapy	CTDC-SUBJECT-687307	CTDC-RADIOTHERAPY-436980	Yttrium 90 radio embolization Y90 Microspheres injection	49	57	687	Not Evaluable
radiotherapy	CTDC-SUBJECT-390783	CTDC-RADIOTHERAPY-436981	Yttrium 90 radio embolization Y90 Microspheres injection	58	60	687	Not Evaluable
radiotherapy	CTDC-SUBJECT-995809	CTDC-RADIOTHERAPY-436982	Yttrium 90 radio embolization Y90 Microspheres injection	48	56	687	Not Evaluable
radiotherapy	CTDC-SUBJECT-417394	CTDC-RADIOTHERAPY-436983	Yttrium 90 radio embolization Y90 Microspheres injection	48	56	687	Not Evaluable
radiotherapy	CTDC-SUBJECT-221942	CTDC-RADIOTHERAPY-436984	Yttrium 90 radio embolization Y90 Microspheres injection	49	59	687	Not Evaluable
radiotherapy	CTDC-SUBJECT-159850	CTDC-RADIOTHERAPY-436985	Yttrium 90 radio embolization Y90 Microspheres injection	48	56	687	Not Evaluable
radiotherapy	CTDC-SUBJECT-159850	CTDC-RADIOTHERAPY-436986	Yttrium 90 radio embolization Y90 Microspheres injection	59	57	687	Not Evaluable
radiotherapy	CTDC-SUBJECT-389624	CTDC-RADIOTHERAPY-436987	Yttrium 90 radio embolization Y90 Microspheres injection	57	55	687	Not Evaluable
radiotherapy	CTDC-SUBJECT-211748	CTDC-RADIOTHERAPY-436988	Yttrium 90 radio embolization Y90 Microspheres injection	48	56	687	Not Evaluable
radiotherapy	CTDC-SUBJECT-959503	CTDC-RADIOTHERAPY-436989	Yttrium 90 radio embolization Y90 Microspheres injection	57	55	687	Not Evaluable
radiotherapy	CTDC-SUBJECT-476464	CTDC-RADIOTHERAPY-436990	Yttrium 90 radio embolization Y90 Microspheres injection	51	45	687	Not Evaluable
radiotherapy	CTDC-SUBJECT-433750	CTDC-RADIOTHERAPY-436991	Yttrium 90 radio embolization Y90 Microspheres injection	58	60	687	Not Evaluable
radiotherapy	CTDC-SUBJECT-593393	CTDC-RADIOTHERAPY-436992	Yttrium 90 radio embolization Y90 Microspheres injection	58	60	687	Not Evaluable
radiotherapy	CTDC-SUBJECT-436957	CTDC-RADIOTHERAPY-436993	Yttrium 90 radio embolization Y90 Microspheres injection	53	60	687	Not Evaluable
radiotherapy	CTDC-SUBJECT-247208	CTDC-RADIOTHERAPY-436994	Yttrium 90 radio embolization Y90 Microspheres injection	48	56	687	Not Evaluable
radiotherapy	CTDC-SUBJECT-390087	CTDC-RADIOTHERAPY-436995	Yttrium 90 radio embolization Y90 Microspheres injection	48	56	687	Not Evaluable
radiotherapy	CTDC-SUBJECT-818301	CTDC-RADIOTHERAPY-436996	Yttrium 90 radio embolization Y90 Microspheres injection	53	58	687	Not Evaluable
radiotherapy	CTDC-SUBJECT-348141	CTDC-RADIOTHERAPY-436997	Yttrium 90 radio embolization Y90 Microspheres injection	57	55	687	Not Evaluable
radiotherapy	CTDC-SUBJECT-123051	CTDC-RADIOTHERAPY-436998	Yttrium 90 radio embolization Y90 Microspheres injection	58	59	687	Not Evaluable
radiotherapy	CTDC-SUBJECT-346190	CTDC-RADIOTHERAPY-436999	Yttrium 90 radio embolization Y90 Microspheres injection	58	60	687	Not Evaluable
radiotherapy	CTDC-SUBJECT-581720	CTDC-RADIOTHERAPY-437000	Yttrium 90 radio embolization Y90 Microspheres injection	49	59	687	Not Evaluable
radiotherapy	CTDC-SUBJECT-165330	CTDC-RADIOTHERAPY-446671	External beam radiation delivered in 2 fractions to T5-T8.	45	56	927	Too Early
radiotherapy	CTDC-SUBJECT-649082	CTDC-RADIOTHERAPY-446672	External beam radiation delivered in 2 fractions to T5-T8.	57	55	927	Too Early
radiotherapy	CTDC-SUBJECT-636260	CTDC-RADIOTHERAPY-510644	External Beam Radiation	52	56	861	Not Evaluable
radiotherapy	CTDC-SUBJECT-180549	CTDC-RADIOTHERAPY-510645	External Beam Radiation	50	51	861	Not Evaluable
radiotherapy	CTDC-SUBJECT-959503	CTDC-RADIOTHERAPY-510646	External Beam Radiation	49	59	861	Not Evaluable
radiotherapy	CTDC-SUBJECT-860750	CTDC-RADIOTHERAPY-568832	External beam radiation delivered in 2 fractions to T5-T8.	49	59	637	Less than partial response
radiotherapy	CTDC-SUBJECT-163620	CTDC-RADIOTHERAPY-568833	External beam radiation delivered in 2 fractions to T5-T8.	50	46	637	Less than partial response
radiotherapy	CTDC-SUBJECT-499991	CTDC-RADIOTHERAPY-568834	External beam radiation delivered in 2 fractions to T5-T8.	49	59	637	Less than partial response
radiotherapy	CTDC-SUBJECT-456180	CTDC-RADIOTHERAPY-568835	External beam radiation delivered in 2 fractions to T5-T8.	49	59	637	Less than partial response
radiotherapy	CTDC-SUBJECT-336076	CTDC-RADIOTHERAPY-568836	External beam radiation delivered in 2 fractions to T5-T8.	53	60	637	Less than partial response
radiotherapy	CTDC-SUBJECT-865958	CTDC-RADIOTHERAPY-568837	External beam radiation delivered in 2 fractions to T5-T8.	58	60	637	Less than partial response
radiotherapy	CTDC-SUBJECT-550851	CTDC-RADIOTHERAPY-568838	External beam radiation delivered in 2 fractions to T5-T8.	48	56	637	Less than partial response
radiotherapy	CTDC-SUBJECT-206266	CTDC-RADIOTHERAPY-568839	External beam radiation delivered in 2 fractions to T5-T8.	49	59	637	Less than partial response
radiotherapy	CTDC-SUBJECT-161315	CTDC-RADIOTHERAPY-568840	External beam radiation delivered in 2 fractions to T5-T8.	48	56	637	Less than partial response
radiotherapy	CTDC-SUBJECT-498683	CTDC-RADIOTHERAPY-568841	External beam radiation delivered in 2 fractions to T5-T8.	49	59	637	Less than partial response
radiotherapy	CTDC-SUBJECT-498683	CTDC-RADIOTHERAPY-568842	External beam radiation delivered in 2 fractions to T5-T8.	53	60	637	Less than partial response
radiotherapy	CTDC-SUBJECT-379968	CTDC-RADIOTHERAPY-568843	External beam radiation delivered in 2 fractions to T5-T8.	57	55	637	Less than partial response
radiotherapy	CTDC-SUBJECT-301806	CTDC-RADIOTHERAPY-568844	External beam radiation delivered in 2 fractions to T5-T8.	50	51	637	Less than partial response
radiotherapy	CTDC-SUBJECT-476464	CTDC-RADIOTHERAPY-568845	External beam radiation delivered in 2 fractions to T5-T8.	58	60	637	Less than partial response
radiotherapy	CTDC-SUBJECT-144313	CTDC-RADIOTHERAPY-568846	External beam radiation delivered in 2 fractions to T5-T8.	49	59	637	Less than partial response
radiotherapy	CTDC-SUBJECT-922456	CTDC-RADIOTHERAPY-568847	External beam radiation delivered in 2 fractions to T5-T8.	57	55	637	Less than partial response
radiotherapy	CTDC-SUBJECT-741080	CTDC-RADIOTHERAPY-568848	External beam radiation delivered in 2 fractions to T5-T8.	59	57	637	Less than partial response
radiotherapy	CTDC-SUBJECT-221047	CTDC-RADIOTHERAPY-568849	External beam radiation delivered in 2 fractions to T5-T8.	59	57	637	Less than partial response
radiotherapy	CTDC-SUBJECT-480486	CTDC-RADIOTHERAPY-568850	External beam radiation delivered in 2 fractions to T5-T8.	57	55	637	Less than partial response
radiotherapy	CTDC-SUBJECT-390087	CTDC-RADIOTHERAPY-568851	External beam radiation delivered in 2 fractions to T5-T8.	49	59	637	Less than partial response
radiotherapy	CTDC-SUBJECT-484915	CTDC-RADIOTHERAPY-568852	External beam radiation delivered in 2 fractions to T5-T8.	48	56	637	Less than partial response
radiotherapy	CTDC-SUBJECT-196654	CTDC-RADIOTHERAPY-568853	External beam radiation delivered in 2 fractions to T5-T8.	58	60	637	Less than partial response
radiotherapy	CTDC-SUBJECT-947001	CTDC-RADIOTHERAPY-568854	External beam radiation delivered in 2 fractions to T5-T8.	49	59	637	Less than partial response
radiotherapy	CTDC-SUBJECT-811589	CTDC-RADIOTHERAPY-568855	External beam radiation delivered in 2 fractions to T5-T8.	48	56	637	Less than partial response
radiotherapy	CTDC-SUBJECT-589930	CTDC-RADIOTHERAPY-568856	External beam radiation delivered in 2 fractions to T5-T8.	58	59	637	Less than partial response
radiotherapy	CTDC-SUBJECT-589930	CTDC-RADIOTHERAPY-568857	External beam radiation delivered in 2 fractions to T5-T8.	48	56	637	Less than partial response
radiotherapy	CTDC-SUBJECT-341676	CTDC-RADIOTHERAPY-568858	External beam radiation delivered in 2 fractions to T5-T8.	49	59	637	Less than partial response
radiotherapy	CTDC-SUBJECT-588312	CTDC-RADIOTHERAPY-568859	External beam radiation delivered in 2 fractions to T5-T8.	58	60	637	Less than partial response
radiotherapy	CTDC-SUBJECT-636260	CTDC-RADIOTHERAPY-602710	Salvage radiotherapy	53	60	768	Complete Response
radiotherapy	CTDC-SUBJECT-640748	CTDC-RADIOTHERAPY-602711	Salvage radiotherapy	49	59	768	Complete Response
radiotherapy	CTDC-SUBJECT-639280	CTDC-RADIOTHERAPY-602712	Salvage radiotherapy	49	52	768	Complete Response
radiotherapy	CTDC-SUBJECT-423309	CTDC-RADIOTHERAPY-602713	Salvage radiotherapy	53	60	768	Complete Response
radiotherapy	CTDC-SUBJECT-262510	CTDC-RADIOTHERAPY-602714	Salvage radiotherapy	49	59	768	Complete Response
radiotherapy	CTDC-SUBJECT-946167	CTDC-RADIOTHERAPY-602715	Salvage radiotherapy	57	55	768	Complete Response
radiotherapy	CTDC-SUBJECT-646347	CTDC-RADIOTHERAPY-602716	Salvage radiotherapy	57	55	768	Complete Response
radiotherapy	CTDC-SUBJECT-116372	CTDC-RADIOTHERAPY-602717	Salvage radiotherapy	57	55	768	Complete Response
radiotherapy	CTDC-SUBJECT-288185	CTDC-RADIOTHERAPY-616329	Palliative Radiotherapy	59	57	142	Stable Disease
radiotherapy	CTDC-SUBJECT-192223	CTDC-RADIOTHERAPY-616330	Palliative Radiotherapy	49	59	142	Stable Disease
radiotherapy	CTDC-SUBJECT-809540	CTDC-RADIOTHERAPY-616331	Palliative Radiotherapy	58	60	142	Stable Disease
radiotherapy	CTDC-SUBJECT-786247	CTDC-RADIOTHERAPY-616332	Palliative Radiotherapy	49	59	142	Stable Disease
radiotherapy	CTDC-SUBJECT-508659	CTDC-RADIOTHERAPY-616333	Palliative Radiotherapy	59	57	142	Stable Disease
radiotherapy	CTDC-SUBJECT-405624	CTDC-RADIOTHERAPY-616334	Palliative Radiotherapy	49	59	142	Stable Disease
radiotherapy	CTDC-SUBJECT-254303	CTDC-RADIOTHERAPY-616335	Palliative Radiotherapy	50	51	142	Stable Disease
radiotherapy	CTDC-SUBJECT-724373	CTDC-RADIOTHERAPY-616336	Palliative Radiotherapy	50	52	142	Stable Disease
radiotherapy	CTDC-SUBJECT-826378	CTDC-RADIOTHERAPY-616337	Palliative Radiotherapy	57	55	142	Stable Disease
radiotherapy	CTDC-SUBJECT-550851	CTDC-RADIOTHERAPY-616338	Palliative Radiotherapy	58	60	142	Stable Disease
radiotherapy	CTDC-SUBJECT-180549	CTDC-RADIOTHERAPY-616339	Palliative Radiotherapy	49	59	142	Stable Disease
radiotherapy	CTDC-SUBJECT-386686	CTDC-RADIOTHERAPY-616340	Palliative Radiotherapy	49	59	142	Stable Disease
radiotherapy	CTDC-SUBJECT-622335	CTDC-RADIOTHERAPY-616341	Palliative Radiotherapy	49	59	142	Stable Disease
radiotherapy	CTDC-SUBJECT-839702	CTDC-RADIOTHERAPY-616342	Palliative Radiotherapy	53	58	142	Stable Disease
radiotherapy	CTDC-SUBJECT-221942	CTDC-RADIOTHERAPY-616343	Palliative Radiotherapy	58	60	142	Stable Disease
radiotherapy	CTDC-SUBJECT-447893	CTDC-RADIOTHERAPY-616344	Palliative Radiotherapy	58	60	142	Stable Disease
radiotherapy	CTDC-SUBJECT-105359	CTDC-RADIOTHERAPY-616345	Palliative Radiotherapy	48	56	142	Stable Disease
radiotherapy	CTDC-SUBJECT-189635	CTDC-RADIOTHERAPY-616346	Palliative Radiotherapy	53	60	142	Stable Disease
radiotherapy	CTDC-SUBJECT-123051	CTDC-RADIOTHERAPY-616347	Palliative Radiotherapy	52	48	142	Stable Disease
radiotherapy	CTDC-SUBJECT-580164	CTDC-RADIOTHERAPY-616348	Palliative Radiotherapy	50	52	142	Stable Disease
radiotherapy	CTDC-SUBJECT-362134	CTDC-RADIOTHERAPY-616349	Palliative Radiotherapy	49	59	142	Stable Disease
radiotherapy	CTDC-SUBJECT-406843	CTDC-RADIOTHERAPY-616350	Palliative Radiotherapy	52	56	142	Stable Disease
radiotherapy	CTDC-SUBJECT-107225	CTDC-RADIOTHERAPY-616351	Palliative Radiotherapy	49	59	142	Stable Disease
radiotherapy	CTDC-SUBJECT-589930	CTDC-RADIOTHERAPY-616352	Palliative Radiotherapy	59	57	142	Stable Disease
radiotherapy	CTDC-SUBJECT-640943	CTDC-RADIOTHERAPY-631974	Yttrium 90 radio embolization Y90 Microspheres injection	50	51	511	Stable Disease
radiotherapy	CTDC-SUBJECT-328245	CTDC-RADIOTHERAPY-631975	Yttrium 90 radio embolization Y90 Microspheres injection	49	59	511	Stable Disease
radiotherapy	CTDC-SUBJECT-506259	CTDC-RADIOTHERAPY-631976	Yttrium 90 radio embolization Y90 Microspheres injection	51	45	511	Stable Disease
radiotherapy	CTDC-SUBJECT-850225	CTDC-RADIOTHERAPY-631977	Yttrium 90 radio embolization Y90 Microspheres injection	59	57	511	Stable Disease
radiotherapy	CTDC-SUBJECT-506858	CTDC-RADIOTHERAPY-631978	Yttrium 90 radio embolization Y90 Microspheres injection	49	50	511	Stable Disease
radiotherapy	CTDC-SUBJECT-946167	CTDC-RADIOTHERAPY-631979	Yttrium 90 radio embolization Y90 Microspheres injection	58	59	511	Stable Disease
radiotherapy	CTDC-SUBJECT-821817	CTDC-RADIOTHERAPY-631980	Yttrium 90 radio embolization Y90 Microspheres injection	50	52	511	Stable Disease
radiotherapy	CTDC-SUBJECT-818301	CTDC-RADIOTHERAPY-631981	Yttrium 90 radio embolization Y90 Microspheres injection	50	51	511	Stable Disease
radiotherapy	CTDC-SUBJECT-453504	CTDC-RADIOTHERAPY-631982	Yttrium 90 radio embolization Y90 Microspheres injection	48	56	511	Stable Disease
radiotherapy	CTDC-SUBJECT-527319	CTDC-RADIOTHERAPY-802640	IMRT	49	52	512	Progressive Disease
radiotherapy	CTDC-SUBJECT-954089	CTDC-RADIOTHERAPY-802641	IMRT	49	59	512	Progressive Disease
radiotherapy	CTDC-SUBJECT-725631	CTDC-RADIOTHERAPY-802642	IMRT	58	60	512	Progressive Disease
radiotherapy	CTDC-SUBJECT-846264	CTDC-RADIOTHERAPY-802643	IMRT	58	60	512	Progressive Disease
radiotherapy	CTDC-SUBJECT-456180	CTDC-RADIOTHERAPY-802644	IMRT	51	45	512	Progressive Disease
radiotherapy	CTDC-SUBJECT-880100	CTDC-RADIOTHERAPY-802645	IMRT	58	60	512	Progressive Disease
radiotherapy	CTDC-SUBJECT-818301	CTDC-RADIOTHERAPY-802646	IMRT	53	60	512	Progressive Disease
radiotherapy	CTDC-SUBJECT-628752	CTDC-RADIOTHERAPY-823148	Radiotherapy	49	59	558	Complete Response
radiotherapy	CTDC-SUBJECT-163620	CTDC-RADIOTHERAPY-823149	Radiotherapy	57	55	558	Complete Response
radiotherapy	CTDC-SUBJECT-852840	CTDC-RADIOTHERAPY-823150	Radiotherapy	49	52	558	Complete Response
radiotherapy	CTDC-SUBJECT-262510	CTDC-RADIOTHERAPY-823151	Radiotherapy	53	58	558	Complete Response
radiotherapy	CTDC-SUBJECT-894501	CTDC-RADIOTHERAPY-823152	Radiotherapy	49	59	558	Complete Response
radiotherapy	CTDC-SUBJECT-390087	CTDC-RADIOTHERAPY-823153	Radiotherapy	57	55	558	Complete Response
radiotherapy	CTDC-SUBJECT-956257	CTDC-RADIOTHERAPY-823154	Radiotherapy	49	59	558	Complete Response
radiotherapy	CTDC-SUBJECT-519269	CTDC-RADIOTHERAPY-848672	Prophylactic Cranial Radiation	49	50	732	Too Early
radiotherapy	CTDC-SUBJECT-273839	CTDC-RADIOTHERAPY-848673	Prophylactic Cranial Radiation	57	55	732	Too Early
radiotherapy	CTDC-SUBJECT-323772	CTDC-RADIOTHERAPY-848674	Prophylactic Cranial Radiation	48	56	732	Too Early
radiotherapy	CTDC-SUBJECT-580164	CTDC-RADIOTHERAPY-848675	Prophylactic Cranial Radiation	58	60	732	Too Early
radiotherapy	CTDC-SUBJECT-341676	CTDC-RADIOTHERAPY-848676	Prophylactic Cranial Radiation	49	59	732	Too Early
radiotherapy	CTDC-SUBJECT-956705	CTDC-RADIOTHERAPY-907036	Whole Brain Radiation	58	51	971	Not Assessed
radiotherapy	CTDC-SUBJECT-681212	CTDC-RADIOTHERAPY-907037	Whole Brain Radiation	48	56	971	Not Assessed
radiotherapy	CTDC-SUBJECT-343157	CTDC-RADIOTHERAPY-954032	Radiation Treatment	50	46	478	Not Assessed
radiotherapy	CTDC-SUBJECT-725631	CTDC-RADIOTHERAPY-954033	Radiation Treatment	53	58	478	Not Assessed
radiotherapy	CTDC-SUBJECT-777459	CTDC-RADIOTHERAPY-954034	Radiation Treatment	48	56	478	Not Assessed
radiotherapy	CTDC-SUBJECT-202893	CTDC-RADIOTHERAPY-954035	Radiation Treatment	52	48	478	Not Assessed
radiotherapy	CTDC-SUBJECT-926826	CTDC-RADIOTHERAPY-954036	Radiation Treatment	49	59	478	Not Assessed
radiotherapy	CTDC-SUBJECT-375632	CTDC-RADIOTHERAPY-954037	Radiation Treatment	49	59	478	Not Assessed
radiotherapy	CTDC-SUBJECT-718208	CTDC-RADIOTHERAPY-954038	Radiation Treatment	59	57	478	Not Assessed
radiotherapy	CTDC-SUBJECT-906674	CTDC-RADIOTHERAPY-991994	Whole Brain Radiation	49	57	765	Complete Response
radiotherapy	CTDC-SUBJECT-809540	CTDC-RADIOTHERAPY-991995	Whole Brain Radiation	52	48	765	Complete Response
radiotherapy	CTDC-SUBJECT-701270	CTDC-RADIOTHERAPY-991996	Whole Brain Radiation	53	60	765	Complete Response
radiotherapy	CTDC-SUBJECT-774908	CTDC-RADIOTHERAPY-991997	Whole Brain Radiation	58	60	765	Complete Response
radiotherapy	CTDC-SUBJECT-496827	CTDC-RADIOTHERAPY-991998	Whole Brain Radiation	58	60	765	Complete Response
radiotherapy	CTDC-SUBJECT-821817	CTDC-RADIOTHERAPY-991999	Whole Brain Radiation	58	60	765	Complete Response
radiotherapy	CTDC-SUBJECT-924034	CTDC-RADIOTHERAPY-992000	Whole Brain Radiation	57	55	765	Complete Response
