type	participant.participant_id	data_file_name	data_file_type	data_file_description	data_file_format	data_file_size	data_file_checksum_value	data_file_checksum_type	data_file_compression_status	data_file_uuid
data_file	CTDC-SUBJECT-105359	CTDC_files-example-097	Clinical Report	Details about the contents of the file	pdf	197.96	61959bc5c2b131b30ec6cd34acd497d105	md5sum	Uncompressed	258ec57f-6902-5bee-b704-82771d70695a
data_file	CTDC-SUBJECT-105359	CTDC_files-example-098	File Collection	Details about the contents of the file	docx	806.25	61959bc5c2b131b30ec6cd34acd497d106	md5sum	Unknown	6ff68663-563d-5dce-a41d-cd2d98d20463
data_file	CTDC-SUBJECT-115563	CTDC_files-example-117	File Collection	Details about the contents of the file	pdf	235.19	61959bc5c2b131b30ec6cd34acd497d125	md5sum	Uncompressed	bcd160dc-8f46-583f-b260-a59e4f32a56b
data_file	CTDC-SUBJECT-115563	CTDC_files-example-118	Variant Call File	Details about the contents of the file	gz	913.89	61959bc5c2b131b30ec6cd34acd497d126	md5sum	Uncompressed	107bf316-b226-59b3-959a-2b00a7f35e3f
data_file	CTDC-SUBJECT-116372	CTDC_files-example-127	Variant Call File	Details about the contents of the file	zip	34.02	61959bc5c2b131b30ec6cd34acd497d135	md5sum	Unknown	1848421e-e33f-5465-966a-f3c3fb3b4649
data_file	CTDC-SUBJECT-116372	CTDC_files-example-128	File Collection	Details about the contents of the file	gz	919.2	61959bc5c2b131b30ec6cd34acd497d136	md5sum	Uncompressed	94f5014c-0987-5a54-8978-264a5f5f0a56
data_file	CTDC-SUBJECT-144313	CTDC_files-example-121	Variant Call File	Details about the contents of the file	pdf	274.47	61959bc5c2b131b30ec6cd34acd497d129	md5sum	Compressed	c43b8a61-2e4a-5fb1-8db1-99bc2b315040
data_file	CTDC-SUBJECT-144313	CTDC_files-example-122	File Collection	Details about the contents of the file	pdf	639.21	61959bc5c2b131b30ec6cd34acd497d130	md5sum	Unknown	0af50ac9-1e73-53f5-ad02-f5f72da6e0eb
data_file	CTDC-SUBJECT-159850	CTDC_files-example-093	File Collection	Details about the contents of the file	gz	580.38	61959bc5c2b131b30ec6cd34acd497d101	md5sum	Unknown	84fcc5f3-2c9e-5824-a92f-580cc91083cd
data_file	CTDC-SUBJECT-159850	CTDC_files-example-094	Variant Call File	Details about the contents of the file	docx	204.65	61959bc5c2b131b30ec6cd34acd497d102	md5sum	Compressed	a8ed666c-1a7d-5163-a038-d487fb63f7d2
data_file	CTDC-SUBJECT-161315	CTDC_files-example-079	Variant Report	Details about the contents of the file	docx	601.79	61959bc5c2b131b30ec6cd34acd497d87	md5sum	Unknown	f9e15438-1d07-5ff0-8df2-06c475963263
data_file	CTDC-SUBJECT-163620	CTDC_files-example-018	Variant Report	Details about the contents of the file	gz	821.26	61959bc5c2b131b30ec6cd34acd497d26	md5sum	Uncompressed	56a74ce7-3306-5217-b125-bd62f3c870de
data_file	CTDC-SUBJECT-165330	CTDC_files-example-007	Variant Report	Details about the contents of the file	docx	461.14	61959bc5c2b131b30ec6cd34acd497d15	md5sum	Unknown	d2cfcc12-e130-58e7-a9b4-631ad03801ce
data_file	CTDC-SUBJECT-180549	CTDC_files-example-068	Clinical Report	Details about the contents of the file	gz	155.72	61959bc5c2b131b30ec6cd34acd497d76	md5sum	Uncompressed	aeac697e-b3cb-5441-bec1-3fc91b449e0a
data_file	CTDC-SUBJECT-189635	CTDC_files-example-133	File Collection	Details about the contents of the file	gz	670.84	61959bc5c2b131b30ec6cd34acd497d141	md5sum	Compressed	8f687fbb-4e36-5496-9ed7-955ce983bae5
data_file	CTDC-SUBJECT-189635	CTDC_files-example-134	Variant Call File	Details about the contents of the file	vcf	347.09	61959bc5c2b131b30ec6cd34acd497d142	md5sum	Uncompressed	30d74048-b56c-5e1d-907d-2b4c81642d37
data_file	CTDC-SUBJECT-192223	CTDC_files-example-025	File Collection	Details about the contents of the file	gz	820.08	61959bc5c2b131b30ec6cd34acd497d33	md5sum	Uncompressed	6850a76a-b5f5-5e99-af0d-23ac0274e82d
data_file	CTDC-SUBJECT-202893	CTDC_files-example-087	File Collection	Details about the contents of the file	pdf	896.8	61959bc5c2b131b30ec6cd34acd497d95	md5sum	Uncompressed	284157d4-a128-5fb9-bb3c-bf844f42eb0f
data_file	CTDC-SUBJECT-206266	CTDC_files-example-078	File Collection	Details about the contents of the file	zip	928.93	61959bc5c2b131b30ec6cd34acd497d86	md5sum	Unknown	9f15ede6-4ecb-567f-a77a-338d186615d0
data_file	CTDC-SUBJECT-210323	CTDC_files-example-042	Variant Report	Details about the contents of the file	vcf	557.65	61959bc5c2b131b30ec6cd34acd497d50	md5sum	Unknown	1a51f324-317e-5c5f-b8a1-165f5a2ffb8a
data_file	CTDC-SUBJECT-211748	CTDC_files-example-105	File Collection	Details about the contents of the file	pdf	746.9	61959bc5c2b131b30ec6cd34acd497d113	md5sum	Compressed	7417df34-ddaa-542d-b571-68be561e7f47
data_file	CTDC-SUBJECT-211748	CTDC_files-example-106	File Collection	Details about the contents of the file	pdf	570.14	61959bc5c2b131b30ec6cd34acd497d114	md5sum	Compressed	79717c28-8560-5e40-92a6-132c25d2ddfe
data_file	CTDC-SUBJECT-221047	CTDC_files-example-145	Clinical Report	Details about the contents of the file	gz	305.91	61959bc5c2b131b30ec6cd34acd497d153	md5sum	Compressed	fac6d958-5774-5542-92aa-e77307b3e100
data_file	CTDC-SUBJECT-221047	CTDC_files-example-146	Variant Report	Details about the contents of the file	vcf	436.85	61959bc5c2b131b30ec6cd34acd497d154	md5sum	Compressed	12227c8c-6fda-559e-b8ba-85cdf03cb1ca
data_file	CTDC-SUBJECT-221942	CTDC_files-example-089	Clinical Report	Details about the contents of the file	pdf	832.56	61959bc5c2b131b30ec6cd34acd497d97	md5sum	Compressed	aba1f4c9-1985-5946-9d7f-93073111e61a
data_file	CTDC-SUBJECT-247208	CTDC_files-example-149	Variant Call File	Details about the contents of the file	docx	619.03	61959bc5c2b131b30ec6cd34acd497d157	md5sum	Compressed	334d9629-5260-54f0-aaac-1166f66fd643
data_file	CTDC-SUBJECT-247208	CTDC_files-example-150	Variant Call File	Details about the contents of the file	pdf	507.55	61959bc5c2b131b30ec6cd34acd497d158	md5sum	Unknown	c98ce552-1b44-509c-acc8-b0c44704db7d
data_file	CTDC-SUBJECT-249982	CTDC_files-example-062	Variant Report	Details about the contents of the file	gz	441.37	61959bc5c2b131b30ec6cd34acd497d70	md5sum	Unknown	cb8791c4-d69c-55f9-801a-8633596ff1c8
data_file	CTDC-SUBJECT-252950	CTDC_files-example-075	Variant Call File	Details about the contents of the file	vcf	213.7	61959bc5c2b131b30ec6cd34acd497d83	md5sum	Uncompressed	337123c9-421e-58c4-b398-27508e85fe5e
data_file	CTDC-SUBJECT-254053	CTDC_files-example-057	File Collection	Details about the contents of the file	gz	405.13	61959bc5c2b131b30ec6cd34acd497d65	md5sum	Unknown	781a7c55-7886-5a18-a75c-89d496357235
data_file	CTDC-SUBJECT-254303	CTDC_files-example-043	Variant Report	Details about the contents of the file	gz	552.92	61959bc5c2b131b30ec6cd34acd497d51	md5sum	Uncompressed	d847733d-8c33-5204-bd76-51a3c4b45407
data_file	CTDC-SUBJECT-262510	CTDC_files-example-071	Clinical Report	Details about the contents of the file	zip	746.86	61959bc5c2b131b30ec6cd34acd497d79	md5sum	Uncompressed	1692c226-35a4-5b88-acfe-88a315af4239
data_file	CTDC-SUBJECT-265741	CTDC_files-example-065	Clinical Report	Details about the contents of the file	zip	230.39	61959bc5c2b131b30ec6cd34acd497d73	md5sum	Compressed	bfafddc4-e2f2-5ebc-8891-79cd20eea796
data_file	CTDC-SUBJECT-273839	CTDC_files-example-049	File Collection	Details about the contents of the file	docx	635.42	61959bc5c2b131b30ec6cd34acd497d57	md5sum	Compressed	31a75deb-8d6f-5c80-85b5-331120329650
data_file	CTDC-SUBJECT-288185	CTDC_files-example-005	Variant Call File	Details about the contents of the file	pdf	728.89	61959bc5c2b131b30ec6cd34acd497d13	md5sum	Uncompressed	eaab2b16-0626-5add-9877-120bfe4b92be
data_file	CTDC-SUBJECT-293993	CTDC_files-example-051	Variant Report	Details about the contents of the file	docx	25.18	61959bc5c2b131b30ec6cd34acd497d59	md5sum	Compressed	3f34d17f-0b4d-5178-bb93-8ad807090110
data_file	CTDC-SUBJECT-296184	CTDC_files-example-052	Variant Call File	Details about the contents of the file	pdf	453.48	61959bc5c2b131b30ec6cd34acd497d60	md5sum	Compressed	dac0f142-58eb-5309-b621-d6d6507a16fa
data_file	CTDC-SUBJECT-301806	CTDC_files-example-091	Clinical Report	Details about the contents of the file	gz	499.22	61959bc5c2b131b30ec6cd34acd497d99	md5sum	Uncompressed	0207bd88-8b09-5fe7-9616-6c9c24e39a3f
data_file	CTDC-SUBJECT-301806	CTDC_files-example-092	Clinical Report	Details about the contents of the file	docx	78.32	61959bc5c2b131b30ec6cd34acd497d100	md5sum	Unknown	13df0039-9d16-5dbd-9f1d-3d6b5bf03781
data_file	CTDC-SUBJECT-310021	CTDC_files-example-021	Variant Call File	Details about the contents of the file	vcf	401.29	61959bc5c2b131b30ec6cd34acd497d29	md5sum	Uncompressed	920aad4a-9704-5a02-ba2a-61b2b874fb20
data_file	CTDC-SUBJECT-323772	CTDC_files-example-099	Variant Call File	Details about the contents of the file	pdf	53.82	61959bc5c2b131b30ec6cd34acd497d107	md5sum	Uncompressed	33e56235-a157-5c2c-93ae-1e590f8f4b34
data_file	CTDC-SUBJECT-323772	CTDC_files-example-100	Variant Call File	Details about the contents of the file	pdf	379.39	61959bc5c2b131b30ec6cd34acd497d108	md5sum	Unknown	a23ea68b-3f44-52b7-aeea-11ec0ded4242
data_file	CTDC-SUBJECT-328245	CTDC_files-example-019	Clinical Report	Details about the contents of the file	vcf	992.48	61959bc5c2b131b30ec6cd34acd497d27	md5sum	Uncompressed	b883e7c3-1959-516a-bcf6-cd792616dc79
data_file	CTDC-SUBJECT-328307	CTDC_files-example-029	File Collection	Details about the contents of the file	vcf	898.94	61959bc5c2b131b30ec6cd34acd497d37	md5sum	Compressed	333c58f7-03e4-56dc-bd4a-776bf4c5d1c3
data_file	CTDC-SUBJECT-336076	CTDC_files-example-048	Variant Report	Details about the contents of the file	docx	885.75	61959bc5c2b131b30ec6cd34acd497d56	md5sum	Uncompressed	e249fdd4-a412-5d0c-8e61-89c9c2395525
data_file	CTDC-SUBJECT-343157	CTDC_files-example-001	Variant Report	Details about the contents of the file	zip	850.6	61959bc5c2b131b30ec6cd34acd497d9	md5sum	Compressed	46124b09-cd1f-5fd9-9d73-8d20b633bd5c
data_file	CTDC-SUBJECT-379968	CTDC_files-example-084	File Collection	Details about the contents of the file	zip	238.04	61959bc5c2b131b30ec6cd34acd497d92	md5sum	Unknown	7ab497d6-0130-5eae-8e84-c45d999f7c34
data_file	CTDC-SUBJECT-386686	CTDC_files-example-070	File Collection	Details about the contents of the file	vcf	700.64	61959bc5c2b131b30ec6cd34acd497d78	md5sum	Compressed	af706057-17b9-5562-bbe5-128720e90a47
data_file	CTDC-SUBJECT-387207	CTDC_files-example-053	Variant Report	Details about the contents of the file	gz	843.26	61959bc5c2b131b30ec6cd34acd497d61	md5sum	Unknown	97071aa6-9c5d-5fcc-af4e-8a9e482e4fa9
data_file	CTDC-SUBJECT-389624	CTDC_files-example-103	Variant Report	Details about the contents of the file	zip	197.85	61959bc5c2b131b30ec6cd34acd497d111	md5sum	Compressed	5749e319-37bc-568e-9a90-dcfc3e061298
data_file	CTDC-SUBJECT-389624	CTDC_files-example-104	File Collection	Details about the contents of the file	pdf	60.31	61959bc5c2b131b30ec6cd34acd497d112	md5sum	Uncompressed	37e13fa0-6fd5-5d11-b589-68114561b4b4
data_file	CTDC-SUBJECT-390783	CTDC_files-example-067	File Collection	Details about the contents of the file	gz	286.61	61959bc5c2b131b30ec6cd34acd497d75	md5sum	Uncompressed	c7cb4cb2-3927-52c5-922f-d1c671efd287
data_file	CTDC-SUBJECT-405624	CTDC_files-example-037	Variant Report	Details about the contents of the file	docx	363.69	61959bc5c2b131b30ec6cd34acd497d45	md5sum	Compressed	54992960-a6ac-5dbc-8a1a-fa80fc9e7a8a
data_file	CTDC-SUBJECT-408313	CTDC_files-example-085	Clinical Report	Details about the contents of the file	docx	827.42	61959bc5c2b131b30ec6cd34acd497d93	md5sum	Unknown	62318069-a851-5b59-ab11-9c2c43be49f1
data_file	CTDC-SUBJECT-408391	CTDC_files-example-003	Variant Call File	Details about the contents of the file	pdf	90.4	61959bc5c2b131b30ec6cd34acd497d11	md5sum	Uncompressed	481b21b6-5abb-5bc4-8aaa-3c6cc7ffc24e
data_file	CTDC-SUBJECT-417394	CTDC_files-example-081	File Collection	Details about the contents of the file	zip	913.32	61959bc5c2b131b30ec6cd34acd497d89	md5sum	Unknown	88f504db-dca3-5a00-9cb2-dc9d47c178f9
data_file	CTDC-SUBJECT-423309	CTDC_files-example-055	Clinical Report	Details about the contents of the file	pdf	757.3	61959bc5c2b131b30ec6cd34acd497d63	md5sum	Uncompressed	72636ced-9b1f-59fd-8470-a8cd9a02046c
data_file	CTDC-SUBJECT-433750	CTDC_files-example-119	Clinical Report	Details about the contents of the file	gz	33.56	61959bc5c2b131b30ec6cd34acd497d127	md5sum	Unknown	6479e564-d9f9-5557-93ae-0223402a1649
data_file	CTDC-SUBJECT-433750	CTDC_files-example-120	Clinical Report	Details about the contents of the file	pdf	896.92	61959bc5c2b131b30ec6cd34acd497d128	md5sum	Uncompressed	153dfc44-da9e-5159-b31b-ddb41b11c1be
data_file	CTDC-SUBJECT-436957	CTDC_files-example-125	Variant Call File	Details about the contents of the file	pdf	328.15	61959bc5c2b131b30ec6cd34acd497d133	md5sum	Unknown	54c6c741-7e19-5e63-a4c7-142db2b168d6
data_file	CTDC-SUBJECT-436957	CTDC_files-example-126	File Collection	Details about the contents of the file	zip	808.9	61959bc5c2b131b30ec6cd34acd497d134	md5sum	Unknown	c3854fc6-d3bd-5170-a86c-b0e222769fb8
data_file	CTDC-SUBJECT-443429	CTDC_files-example-032	File Collection	Details about the contents of the file	zip	978.69	61959bc5c2b131b30ec6cd34acd497d40	md5sum	Compressed	e473bb52-0620-5ea5-8e0b-2f6d64045371
data_file	CTDC-SUBJECT-445414	CTDC_files-example-020	Variant Call File	Details about the contents of the file	pdf	622.87	61959bc5c2b131b30ec6cd34acd497d28	md5sum	Unknown	46389749-e861-5469-b4bb-50bf42098f89
data_file	CTDC-SUBJECT-447893	CTDC_files-example-095	Variant Report	Details about the contents of the file	gz	91.84	61959bc5c2b131b30ec6cd34acd497d103	md5sum	Compressed	4f1d9918-273d-54bc-9d44-7bce9040b48b
data_file	CTDC-SUBJECT-447893	CTDC_files-example-096	Clinical Report	Details about the contents of the file	pdf	495.81	61959bc5c2b131b30ec6cd34acd497d104	md5sum	Uncompressed	7af60d4b-a8b5-531c-93fd-be4db21b385f
data_file	CTDC-SUBJECT-456180	CTDC_files-example-045	Clinical Report	Details about the contents of the file	pdf	315.81	61959bc5c2b131b30ec6cd34acd497d53	md5sum	Uncompressed	886f4ce8-839d-5e6f-8b27-ede08cebd86f
data_file	CTDC-SUBJECT-456210	CTDC_files-example-002	File Collection	Details about the contents of the file	pdf	343.41	61959bc5c2b131b30ec6cd34acd497d10	md5sum	Unknown	3be52dfb-d959-5250-a2bc-a655d74b2cce
data_file	CTDC-SUBJECT-459688	CTDC_files-example-015	File Collection	Details about the contents of the file	zip	849.86	61959bc5c2b131b30ec6cd34acd497d23	md5sum	Compressed	2305c0fe-533b-5308-8ac5-ee12a7523e55
data_file	CTDC-SUBJECT-463006	CTDC_files-example-066	Variant Call File	Details about the contents of the file	vcf	617.48	61959bc5c2b131b30ec6cd34acd497d74	md5sum	Compressed	c72e1c04-b78b-50c8-b5bf-2ac3f222f39b
data_file	CTDC-SUBJECT-476464	CTDC_files-example-111	Clinical Report	Details about the contents of the file	docx	601.67	61959bc5c2b131b30ec6cd34acd497d119	md5sum	Compressed	c9325f4a-1975-54d5-889c-fddd11bbc6fb
data_file	CTDC-SUBJECT-476464	CTDC_files-example-112	Clinical Report	Details about the contents of the file	vcf	769.21	61959bc5c2b131b30ec6cd34acd497d120	md5sum	Uncompressed	1c0e2a24-42fb-5734-b625-fc90d2fe8632
data_file	CTDC-SUBJECT-480486	CTDC_files-example-147	Variant Call File	Details about the contents of the file	docx	801.88	61959bc5c2b131b30ec6cd34acd497d155	md5sum	Uncompressed	c71b6b95-e3c8-5260-b3ff-f40ddd5a47c2
data_file	CTDC-SUBJECT-480486	CTDC_files-example-148	File Collection	Details about the contents of the file	docx	319.28	61959bc5c2b131b30ec6cd34acd497d156	md5sum	Uncompressed	67d75842-4f4a-5193-a265-6f030bee755b
data_file	CTDC-SUBJECT-489761	CTDC_files-example-131	Clinical Report	Details about the contents of the file	pdf	141.09	61959bc5c2b131b30ec6cd34acd497d139	md5sum	Unknown	ab6cab64-7af6-5537-b7bc-527a42433293
data_file	CTDC-SUBJECT-489761	CTDC_files-example-132	Variant Call File	Details about the contents of the file	gz	937.89	61959bc5c2b131b30ec6cd34acd497d140	md5sum	Compressed	8a060ed5-ccd8-5f0e-8792-cff25ab9fbfc
data_file	CTDC-SUBJECT-496827	CTDC_files-example-073	Clinical Report	Details about the contents of the file	vcf	293.32	61959bc5c2b131b30ec6cd34acd497d81	md5sum	Unknown	fad43315-8b77-5567-a023-eb5e30c4c4b2
data_file	CTDC-SUBJECT-498683	CTDC_files-example-083	File Collection	Details about the contents of the file	docx	242.64	61959bc5c2b131b30ec6cd34acd497d91	md5sum	Unknown	863fef07-f914-5d5c-b9ef-28a6bdbc8512
data_file	CTDC-SUBJECT-499991	CTDC_files-example-024	Variant Report	Details about the contents of the file	vcf	343.69	61959bc5c2b131b30ec6cd34acd497d32	md5sum	Uncompressed	7bece415-e1c1-599f-b73b-229fd95e583a
data_file	CTDC-SUBJECT-506259	CTDC_files-example-030	File Collection	Details about the contents of the file	vcf	672.5	61959bc5c2b131b30ec6cd34acd497d38	md5sum	Uncompressed	39b6ee2d-0b50-5ab7-a0f1-d90c65c57b91
data_file	CTDC-SUBJECT-506858	CTDC_files-example-039	Variant Call File	Details about the contents of the file	pdf	152.65	61959bc5c2b131b30ec6cd34acd497d47	md5sum	Uncompressed	66455560-2299-5de7-ab0c-217ff2360031
data_file	CTDC-SUBJECT-508659	CTDC_files-example-036	Clinical Report	Details about the contents of the file	gz	664.5	61959bc5c2b131b30ec6cd34acd497d44	md5sum	Uncompressed	a18432c3-e3f5-559d-ae94-e92e687822d6
data_file	CTDC-SUBJECT-519269	CTDC_files-example-012	Variant Report	Details about the contents of the file	pdf	907.87	61959bc5c2b131b30ec6cd34acd497d20	md5sum	Compressed	ab2d8e94-abfa-58e0-9f9f-0bda924a2b31
data_file	CTDC-SUBJECT-527319	CTDC_files-example-004	File Collection	Details about the contents of the file	zip	512.38	61959bc5c2b131b30ec6cd34acd497d12	md5sum	Compressed	a4cc475a-1443-5a18-bfdd-e4a2720cdab9
data_file	CTDC-SUBJECT-550851	CTDC_files-example-061	Clinical Report	Details about the contents of the file	gz	221.48	61959bc5c2b131b30ec6cd34acd497d69	md5sum	Compressed	8aa1ebb9-d2b0-5f0f-bc3d-6e81f7d0a261
data_file	CTDC-SUBJECT-554104	CTDC_files-example-063	File Collection	Details about the contents of the file	gz	805.95	61959bc5c2b131b30ec6cd34acd497d71	md5sum	Compressed	64e8e9b6-58e5-5a7e-85fd-6af43a8c58df
data_file	CTDC-SUBJECT-575176	CTDC_files-example-033	Variant Call File	Details about the contents of the file	pdf	18.3	61959bc5c2b131b30ec6cd34acd497d41	md5sum	Unknown	ae90a779-ad5f-5e9e-8d4c-94141bbc12d7
data_file	CTDC-SUBJECT-593393	CTDC_files-example-123	Clinical Report	Details about the contents of the file	vcf	417.74	61959bc5c2b131b30ec6cd34acd497d131	md5sum	Compressed	293b86d1-d124-57a1-8d79-e3ed599eb433
data_file	CTDC-SUBJECT-593393	CTDC_files-example-124	Clinical Report	Details about the contents of the file	gz	54.42	61959bc5c2b131b30ec6cd34acd497d132	md5sum	Unknown	ebcfd001-6de2-58c8-9bdb-95adbae9cd77
data_file	CTDC-SUBJECT-622335	CTDC_files-example-072	Clinical Report	Details about the contents of the file	zip	538.5	61959bc5c2b131b30ec6cd34acd497d80	md5sum	Uncompressed	9d4677fb-3317-54b9-b461-10d55af2d814
data_file	CTDC-SUBJECT-628752	CTDC_files-example-014	File Collection	Details about the contents of the file	zip	22.53	61959bc5c2b131b30ec6cd34acd497d22	md5sum	Uncompressed	00e3cd53-0d24-58c8-862d-4337e5f8016c
data_file	CTDC-SUBJECT-636260	CTDC_files-example-016	Variant Call File	Details about the contents of the file	gz	279.22	61959bc5c2b131b30ec6cd34acd497d24	md5sum	Uncompressed	6373cf03-f052-5a88-8915-9518eeb7eb25
data_file	CTDC-SUBJECT-639280	CTDC_files-example-054	Clinical Report	Details about the contents of the file	docx	47.57	61959bc5c2b131b30ec6cd34acd497d62	md5sum	Compressed	30520bfa-b267-572a-ad45-21134f7966c7
data_file	CTDC-SUBJECT-640748	CTDC_files-example-028	Clinical Report	Details about the contents of the file	vcf	877.64	61959bc5c2b131b30ec6cd34acd497d36	md5sum	Compressed	66efb3cd-10b5-50b2-8070-9b9c884fe85b
data_file	CTDC-SUBJECT-640943	CTDC_files-example-009	File Collection	Details about the contents of the file	zip	333.69	61959bc5c2b131b30ec6cd34acd497d17	md5sum	Compressed	d3b74da6-2dfe-5c03-8d07-1354528ae4db
data_file	CTDC-SUBJECT-646347	CTDC_files-example-090	File Collection	Details about the contents of the file	vcf	415.94	61959bc5c2b131b30ec6cd34acd497d98	md5sum	Unknown	217a615e-040b-5dd6-913b-5be8a46911a6
data_file	CTDC-SUBJECT-648259	CTDC_files-example-113	File Collection	Details about the contents of the file	zip	786.37	61959bc5c2b131b30ec6cd34acd497d121	md5sum	Compressed	7e7b93fa-290b-5b9d-9d27-65837b00bdb7
data_file	CTDC-SUBJECT-648259	CTDC_files-example-114	Clinical Report	Details about the contents of the file	zip	550.16	61959bc5c2b131b30ec6cd34acd497d122	md5sum	Compressed	99ebc08a-2fcf-55d7-9509-ef7592620095
data_file	CTDC-SUBJECT-660757	CTDC_files-example-006	Clinical Report	Details about the contents of the file	gz	298.02	61959bc5c2b131b30ec6cd34acd497d14	md5sum	Unknown	88fc247d-73e4-5b79-b7f4-567a668b97bf
data_file	CTDC-SUBJECT-668537	CTDC_files-example-101	Variant Report	Details about the contents of the file	vcf	264.75	61959bc5c2b131b30ec6cd34acd497d109	md5sum	Compressed	caf3176f-98de-5013-8941-f08068a47d67
data_file	CTDC-SUBJECT-668537	CTDC_files-example-102	Variant Call File	Details about the contents of the file	zip	406.37	61959bc5c2b131b30ec6cd34acd497d110	md5sum	Compressed	a0d8f7f3-6efc-588f-bea8-2a2b364b75f5
data_file	CTDC-SUBJECT-681212	CTDC_files-example-088	File Collection	Details about the contents of the file	docx	657.24	61959bc5c2b131b30ec6cd34acd497d96	md5sum	Compressed	9c600262-570b-5b1a-82ba-a59af94469b1
data_file	CTDC-SUBJECT-687307	CTDC_files-example-064	File Collection	Details about the contents of the file	zip	512.85	61959bc5c2b131b30ec6cd34acd497d72	md5sum	Uncompressed	2958e4de-12c0-545c-a4ec-a28ead090034
data_file	CTDC-SUBJECT-701270	CTDC_files-example-047	Variant Report	Details about the contents of the file	pdf	367.62	61959bc5c2b131b30ec6cd34acd497d55	md5sum	Unknown	399f2464-b973-5795-883e-4c81eac5d5bc
data_file	CTDC-SUBJECT-702420	CTDC_files-example-076	Variant Report	Details about the contents of the file	gz	454.95	61959bc5c2b131b30ec6cd34acd497d84	md5sum	Compressed	7770f6c6-1596-50f5-9aa9-e279ac3b1d76
data_file	CTDC-SUBJECT-714422	CTDC_files-example-026	Variant Report	Details about the contents of the file	gz	982.75	61959bc5c2b131b30ec6cd34acd497d34	md5sum	Uncompressed	4b073b57-314c-5476-b84c-f73f59fc1ca1
data_file	CTDC-SUBJECT-718374	CTDC_files-example-040	Variant Report	Details about the contents of the file	zip	474.74	61959bc5c2b131b30ec6cd34acd497d48	md5sum	Uncompressed	22481769-aac9-53ac-942e-bbd0ce179843
data_file	CTDC-SUBJECT-719750	CTDC_files-example-129	File Collection	Details about the contents of the file	vcf	931.46	61959bc5c2b131b30ec6cd34acd497d137	md5sum	Uncompressed	64fd2f09-7bee-5abc-9a7f-e6832a3e40d3
data_file	CTDC-SUBJECT-719750	CTDC_files-example-130	File Collection	Details about the contents of the file	vcf	78.74	61959bc5c2b131b30ec6cd34acd497d138	md5sum	Compressed	9769f02f-df55-56e0-a56c-071aba15887a
data_file	CTDC-SUBJECT-724275	CTDC_files-example-080	Clinical Report	Details about the contents of the file	gz	676.83	61959bc5c2b131b30ec6cd34acd497d88	md5sum	Unknown	0e819a9f-90f1-509f-a87a-de9c07feb42e
data_file	CTDC-SUBJECT-724373	CTDC_files-example-056	Clinical Report	Details about the contents of the file	gz	719.44	61959bc5c2b131b30ec6cd34acd497d64	md5sum	Unknown	7d3e9846-5b32-534b-9f0b-4ffd3e070c9e
data_file	CTDC-SUBJECT-725631	CTDC_files-example-023	Variant Call File	Details about the contents of the file	gz	812.66	61959bc5c2b131b30ec6cd34acd497d31	md5sum	Unknown	e3b20ab2-4892-5efb-88ef-c3757ee208f8
data_file	CTDC-SUBJECT-741080	CTDC_files-example-143	Variant Call File	Details about the contents of the file	docx	592.98	61959bc5c2b131b30ec6cd34acd497d151	md5sum	Unknown	d907a233-73f9-565c-976f-48e03cd088a2
data_file	CTDC-SUBJECT-741080	CTDC_files-example-144	Variant Report	Details about the contents of the file	pdf	207.68	61959bc5c2b131b30ec6cd34acd497d152	md5sum	Uncompressed	bbdcb245-380c-5996-b81e-6b879b9ed4eb
data_file	CTDC-SUBJECT-743178	CTDC_files-example-077	Variant Report	Details about the contents of the file	gz	104.88	61959bc5c2b131b30ec6cd34acd497d85	md5sum	Uncompressed	34eb8255-6f60-52a6-b14e-b4975618776d
data_file	CTDC-SUBJECT-774908	CTDC_files-example-060	File Collection	Details about the contents of the file	pdf	647.15	61959bc5c2b131b30ec6cd34acd497d68	md5sum	Compressed	e73c2212-4cb7-5a1f-898a-55e6ac5729b4
data_file	CTDC-SUBJECT-777459	CTDC_files-example-041	Variant Report	Details about the contents of the file	pdf	909.91	61959bc5c2b131b30ec6cd34acd497d49	md5sum	Unknown	3a1fb59b-4f28-5b3a-9fca-90a90db64274
data_file	CTDC-SUBJECT-786247	CTDC_files-example-035	Clinical Report	Details about the contents of the file	vcf	374.1	61959bc5c2b131b30ec6cd34acd497d43	md5sum	Compressed	f1fb6557-ba03-5e52-ae04-f57097417537
data_file	CTDC-SUBJECT-809540	CTDC_files-example-034	Clinical Report	Details about the contents of the file	vcf	934.36	61959bc5c2b131b30ec6cd34acd497d42	md5sum	Compressed	ad712213-d3d1-5e57-b800-d702e85ca334
data_file	CTDC-SUBJECT-821817	CTDC_files-example-107	Clinical Report	Details about the contents of the file	gz	669.07	61959bc5c2b131b30ec6cd34acd497d115	md5sum	Uncompressed	d1f12684-6fb5-5abe-8ae5-10a6b406cb14
data_file	CTDC-SUBJECT-821817	CTDC_files-example-108	Clinical Report	Details about the contents of the file	gz	513.65	61959bc5c2b131b30ec6cd34acd497d116	md5sum	Compressed	94d12922-2a98-5236-bd8f-0b765718c569
data_file	CTDC-SUBJECT-826378	CTDC_files-example-058	Variant Report	Details about the contents of the file	vcf	179.83	61959bc5c2b131b30ec6cd34acd497d66	md5sum	Unknown	1c55343c-d67a-53e3-b732-33ba26e0e68f
data_file	CTDC-SUBJECT-836180	CTDC_files-example-044	Variant Report	Details about the contents of the file	docx	383.87	61959bc5c2b131b30ec6cd34acd497d52	md5sum	Compressed	ce58f9f9-c338-5eb9-8c67-2489d1d63beb
data_file	CTDC-SUBJECT-837376	CTDC_files-example-008	File Collection	Details about the contents of the file	vcf	663.18	61959bc5c2b131b30ec6cd34acd497d16	md5sum	Unknown	775a5e2f-7170-5362-99bd-7d99a2214c79
data_file	CTDC-SUBJECT-839702	CTDC_files-example-086	Variant Report	Details about the contents of the file	gz	34.88	61959bc5c2b131b30ec6cd34acd497d94	md5sum	Uncompressed	5076b11f-e31c-5a24-9b81-5671627ddfea
data_file	CTDC-SUBJECT-846264	CTDC_files-example-038	File Collection	Details about the contents of the file	pdf	949.46	61959bc5c2b131b30ec6cd34acd497d46	md5sum	Unknown	256b8c38-93b9-515c-9601-1564caa1912f
data_file	CTDC-SUBJECT-850225	CTDC_files-example-031	Variant Report	Details about the contents of the file	pdf	273.04	61959bc5c2b131b30ec6cd34acd497d39	md5sum	Unknown	6e2c1490-8f1a-5b91-87ca-5cde7245f4a1
data_file	CTDC-SUBJECT-852840	CTDC_files-example-027	Variant Call File	Details about the contents of the file	vcf	290.25	61959bc5c2b131b30ec6cd34acd497d35	md5sum	Uncompressed	90cdaccb-bce6-5e4b-b7e0-5a76adf01614
data_file	CTDC-SUBJECT-860750	CTDC_files-example-013	File Collection	Details about the contents of the file	pdf	906.77	61959bc5c2b131b30ec6cd34acd497d21	md5sum	Compressed	9f3a728d-6aaa-5fac-890a-57efc74ae14a
data_file	CTDC-SUBJECT-865958	CTDC_files-example-059	Clinical Report	Details about the contents of the file	gz	533.59	61959bc5c2b131b30ec6cd34acd497d67	md5sum	Uncompressed	bee96189-3140-551d-b03b-e2e411190b79
data_file	CTDC-SUBJECT-880446	CTDC_files-example-082	File Collection	Details about the contents of the file	docx	105.16	61959bc5c2b131b30ec6cd34acd497d90	md5sum	Uncompressed	3476d2d3-1844-5ae8-bf57-fd909e137802
data_file	CTDC-SUBJECT-894501	CTDC_files-example-115	Variant Call File	Details about the contents of the file	docx	753.53	61959bc5c2b131b30ec6cd34acd497d123	md5sum	Uncompressed	6eb366ad-68ef-51e8-bca2-48cd4d5b53b2
data_file	CTDC-SUBJECT-894501	CTDC_files-example-116	File Collection	Details about the contents of the file	docx	872.87	61959bc5c2b131b30ec6cd34acd497d124	md5sum	Compressed	07ea44b9-0cb2-5deb-bf7a-3d4f1a26d8d1
data_file	CTDC-SUBJECT-895243	CTDC_files-example-046	File Collection	Details about the contents of the file	vcf	817.89	61959bc5c2b131b30ec6cd34acd497d54	md5sum	Unknown	537e3416-702c-5037-98ee-2ed91405a601
data_file	CTDC-SUBJECT-906674	CTDC_files-example-011	File Collection	Details about the contents of the file	zip	528.67	61959bc5c2b131b30ec6cd34acd497d19	md5sum	Uncompressed	00432cc5-eba8-5a80-b5a6-f970242a64e0
data_file	CTDC-SUBJECT-908831	CTDC_files-example-017	Variant Call File	Details about the contents of the file	zip	930.5	61959bc5c2b131b30ec6cd34acd497d25	md5sum	Unknown	632a56ba-5c99-5e6e-b096-122701ff4dab
data_file	CTDC-SUBJECT-922456	CTDC_files-example-137	Variant Report	Details about the contents of the file	gz	932.43	61959bc5c2b131b30ec6cd34acd497d145	md5sum	Unknown	35abe2b7-ac84-5a76-99bc-89844193cdc5
data_file	CTDC-SUBJECT-922456	CTDC_files-example-138	Variant Call File	Details about the contents of the file	zip	331.24	61959bc5c2b131b30ec6cd34acd497d146	md5sum	Uncompressed	265af5e5-e74b-5b12-bd86-4304446204d8
data_file	CTDC-SUBJECT-924034	CTDC_files-example-141	Variant Call File	Details about the contents of the file	docx	940.7	61959bc5c2b131b30ec6cd34acd497d149	md5sum	Uncompressed	560bc6cb-029d-571e-9e46-e11e9d29429c
data_file	CTDC-SUBJECT-924034	CTDC_files-example-142	Clinical Report	Details about the contents of the file	vcf	498.53	61959bc5c2b131b30ec6cd34acd497d150	md5sum	Compressed	75f65924-c7df-5427-adc2-24cc8be58dea
data_file	CTDC-SUBJECT-946167	CTDC_files-example-074	Variant Call File	Details about the contents of the file	gz	475.15	61959bc5c2b131b30ec6cd34acd497d82	md5sum	Compressed	b9c6e90d-ed04-59ac-b3ff-7fededb8baeb
data_file	CTDC-SUBJECT-954089	CTDC_files-example-022	Variant Call File	Details about the contents of the file	vcf	448.51	61959bc5c2b131b30ec6cd34acd497d30	md5sum	Uncompressed	2d9f80f3-50f6-5c0b-911e-cb10fa4531e8
data_file	CTDC-SUBJECT-956705	CTDC_files-example-010	Variant Report	Details about the contents of the file	vcf	414.04	61959bc5c2b131b30ec6cd34acd497d18	md5sum	Unknown	80748fb3-52cd-5028-9613-01376678f715
data_file	CTDC-SUBJECT-959503	CTDC_files-example-109	Variant Report	Details about the contents of the file	docx	315.33	61959bc5c2b131b30ec6cd34acd497d117	md5sum	Unknown	7feb3d10-6346-50ad-8158-7626adfb112a
data_file	CTDC-SUBJECT-959503	CTDC_files-example-110	Clinical Report	Details about the contents of the file	pdf	257.47	61959bc5c2b131b30ec6cd34acd497d118	md5sum	Compressed	27e2b9b1-0e57-52f0-a206-6473353f20b4
data_file	CTDC-SUBJECT-959628	CTDC_files-example-050	Variant Report	Details about the contents of the file	pdf	139.16	61959bc5c2b131b30ec6cd34acd497d58	md5sum	Unknown	94f58dc1-16b1-55c1-af9f-3b08d97e40d0
data_file	CTDC-SUBJECT-969430	CTDC_files-example-139	File Collection	Details about the contents of the file	gz	635.48	61959bc5c2b131b30ec6cd34acd497d147	md5sum	Unknown	a7616ca4-96b4-5de2-8ccb-aab38f5fb298
data_file	CTDC-SUBJECT-969430	CTDC_files-example-140	Variant Call File	Details about the contents of the file	vcf	469.22	61959bc5c2b131b30ec6cd34acd497d148	md5sum	Unknown	19e00f0c-a0e0-538f-9425-989fc97512cb
data_file	CTDC-SUBJECT-980511	CTDC_files-example-135	Variant Call File	Details about the contents of the file	pdf	479.79	61959bc5c2b131b30ec6cd34acd497d143	md5sum	Compressed	5460a072-2d5e-575c-b08a-f4e6a2bba340
data_file	CTDC-SUBJECT-980511	CTDC_files-example-136	Variant Call File	Details about the contents of the file	vcf	685.8	61959bc5c2b131b30ec6cd34acd497d144	md5sum	Compressed	dc796fbc-4ce5-5551-b79f-4a960576fa28
data_file	CTDC-SUBJECT-995809	CTDC_files-example-069	Variant Call File	Details about the contents of the file	zip	881.48	61959bc5c2b131b30ec6cd34acd497d77	md5sum	Compressed	592e1b1d-fbce-5d8e-a475-380cc44f5c35
										
										
										
										
										
										
										
										
										
										
										
										
										
										
										
										
										
										
										
										
										
										
										
										
										
										
										
										
										
										
										
										
										
										
										
										
										
