type	participant.participant_id	exposure_record_id	environmental_exposure_type	carcinogen_exposure
exposure	CTDC-SUBJECT-456210	CTDC-EXPOSURE-202591	Smoke Exposure	Yes
exposure	CTDC-SUBJECT-408391	CTDC-EXPOSURE-466791	Smoke Exposure	Unknown
exposure	CTDC-SUBJECT-527319	CTDC-EXPOSURE-236887	Wood Dust Exposure	Unknown
exposure	CTDC-SUBJECT-288185	CTDC-EXPOSURE-547383	Respirable Crystalline Silica Exposure	Unknown
exposure	CTDC-SUBJECT-288185	CTDC-EXPOSURE-471968	Smokeless Tobacco Exposure	Unknown
exposure	CTDC-SUBJECT-660757	CTDC-EXPOSURE-438825	Wood Dust Exposure	No
exposure	CTDC-SUBJECT-165330	CTDC-EXPOSURE-252555	Asbestos Exposure	Unknown
exposure	CTDC-SUBJECT-837376	CTDC-EXPOSURE-103846	Tobacco Related Exposure	Yes
exposure	CTDC-SUBJECT-640943	CTDC-EXPOSURE-707653	Asbestos Exposure	Yes
exposure	CTDC-SUBJECT-956705	CTDC-EXPOSURE-898762	Radiation Exposure	Unknown
exposure	CTDC-SUBJECT-906674	CTDC-EXPOSURE-672411	Tobacco Related Exposure	No
exposure	CTDC-SUBJECT-519269	CTDC-EXPOSURE-110853	Smokeless Tobacco Exposure	No
exposure	CTDC-SUBJECT-860750	CTDC-EXPOSURE-526871	Smoke Exposure	Yes
exposure	CTDC-SUBJECT-628752	CTDC-EXPOSURE-769177	Asbestos Exposure	Yes
exposure	CTDC-SUBJECT-459688	CTDC-EXPOSURE-691904	Tobacco Related Exposure	No
exposure	CTDC-SUBJECT-636260	CTDC-EXPOSURE-581385	Smokeless Tobacco Exposure	Unknown
exposure	CTDC-SUBJECT-908831	CTDC-EXPOSURE-840927	Chemical Exposure	Yes
exposure	CTDC-SUBJECT-908831	CTDC-EXPOSURE-265449	Respirable Crystalline Silica Exposure	Unknown
exposure	CTDC-SUBJECT-163620	CTDC-EXPOSURE-941920	Marijuana Smoke Exposure	No
exposure	CTDC-SUBJECT-163620	CTDC-EXPOSURE-426987	Smokeless Tobacco Exposure	No
exposure	CTDC-SUBJECT-328245	CTDC-EXPOSURE-193866	Tobacco Related Exposure	No
exposure	CTDC-SUBJECT-328245	CTDC-EXPOSURE-917448	Radon Exposure	Yes
exposure	CTDC-SUBJECT-328245	CTDC-EXPOSURE-349217	Radiation Exposure	Yes
exposure	CTDC-SUBJECT-328245	CTDC-EXPOSURE-106877	Radon Exposure	Yes
exposure	CTDC-SUBJECT-445414	CTDC-EXPOSURE-642578	Chemical Exposure	No
exposure	CTDC-SUBJECT-310021	CTDC-EXPOSURE-350629	Radiation Exposure	No
exposure	CTDC-SUBJECT-954089	CTDC-EXPOSURE-324600	Radon Exposure	No
exposure	CTDC-SUBJECT-725631	CTDC-EXPOSURE-307957	Radiation Exposure	No
exposure	CTDC-SUBJECT-499991	CTDC-EXPOSURE-722676	Marijuana Smoke Exposure	No
exposure	CTDC-SUBJECT-192223	CTDC-EXPOSURE-896938	Chemical Exposure	Unknown
exposure	CTDC-SUBJECT-192223	CTDC-EXPOSURE-967105	Tobacco Related Exposure	Yes
exposure	CTDC-SUBJECT-714422	CTDC-EXPOSURE-841371	Radiation Exposure	Unknown
exposure	CTDC-SUBJECT-852840	CTDC-EXPOSURE-902899	Respirable Crystalline Silica Exposure	Yes
exposure	CTDC-SUBJECT-640748	CTDC-EXPOSURE-512281	Respirable Crystalline Silica Exposure	Yes
exposure	CTDC-SUBJECT-328307	CTDC-EXPOSURE-538370	Chemical Exposure	Unknown
exposure	CTDC-SUBJECT-506259	CTDC-EXPOSURE-898940	Tobacco Related Exposure	Yes
exposure	CTDC-SUBJECT-506259	CTDC-EXPOSURE-939525	Respirable Crystalline Silica Exposure	Unknown
exposure	CTDC-SUBJECT-850225	CTDC-EXPOSURE-560118	Marijuana Smoke Exposure	No
exposure	CTDC-SUBJECT-443429	CTDC-EXPOSURE-626051	Radon Exposure	No
exposure	CTDC-SUBJECT-575176	CTDC-EXPOSURE-446240	Respirable Crystalline Silica Exposure	Yes
exposure	CTDC-SUBJECT-809540	CTDC-EXPOSURE-718233	Wood Dust Exposure	No
exposure	CTDC-SUBJECT-809540	CTDC-EXPOSURE-411637	Marijuana Smoke Exposure	Yes
exposure	CTDC-SUBJECT-786247	CTDC-EXPOSURE-250405	Smoke Exposure	No
exposure	CTDC-SUBJECT-508659	CTDC-EXPOSURE-153396	Radiation Exposure	Yes
exposure	CTDC-SUBJECT-405624	CTDC-EXPOSURE-885367	Wood Dust Exposure	Yes
exposure	CTDC-SUBJECT-405624	CTDC-EXPOSURE-300748	Radiation Exposure	Unknown
exposure	CTDC-SUBJECT-405624	CTDC-EXPOSURE-793989	Chemical Exposure	Yes
exposure	CTDC-SUBJECT-846264	CTDC-EXPOSURE-778815	Asbestos Exposure	No
exposure	CTDC-SUBJECT-506858	CTDC-EXPOSURE-482560	Wood Dust Exposure	Unknown
exposure	CTDC-SUBJECT-718374	CTDC-EXPOSURE-311254	Respirable Crystalline Silica Exposure	Unknown
exposure	CTDC-SUBJECT-718374	CTDC-EXPOSURE-900563	Asbestos Exposure	No
exposure	CTDC-SUBJECT-777459	CTDC-EXPOSURE-695607	Smokeless Tobacco Exposure	No
exposure	CTDC-SUBJECT-210323	CTDC-EXPOSURE-628119	Respirable Crystalline Silica Exposure	No
exposure	CTDC-SUBJECT-254303	CTDC-EXPOSURE-491022	Radiation Exposure	Unknown
exposure	CTDC-SUBJECT-836180	CTDC-EXPOSURE-505186	Chemical Exposure	No
exposure	CTDC-SUBJECT-836180	CTDC-EXPOSURE-863948	Marijuana Smoke Exposure	Unknown
exposure	CTDC-SUBJECT-836180	CTDC-EXPOSURE-825511	Asbestos Exposure	Yes
exposure	CTDC-SUBJECT-456180	CTDC-EXPOSURE-373811	Asbestos Exposure	Unknown
exposure	CTDC-SUBJECT-895243	CTDC-EXPOSURE-760132	Wood Dust Exposure	No
exposure	CTDC-SUBJECT-895243	CTDC-EXPOSURE-786987	Smoke Exposure	Unknown
exposure	CTDC-SUBJECT-701270	CTDC-EXPOSURE-751528	Respirable Crystalline Silica Exposure	Unknown
exposure	CTDC-SUBJECT-336076	CTDC-EXPOSURE-690575	Radiation Exposure	Unknown
exposure	CTDC-SUBJECT-273839	CTDC-EXPOSURE-393233	Smokeless Tobacco Exposure	Unknown
exposure	CTDC-SUBJECT-959628	CTDC-EXPOSURE-473537	Respirable Crystalline Silica Exposure	No
exposure	CTDC-SUBJECT-959628	CTDC-EXPOSURE-402596	Tobacco Related Exposure	Unknown
exposure	CTDC-SUBJECT-293993	CTDC-EXPOSURE-773745	Smokeless Tobacco Exposure	Yes
exposure	CTDC-SUBJECT-296184	CTDC-EXPOSURE-653580	Tobacco Related Exposure	Yes
exposure	CTDC-SUBJECT-387207	CTDC-EXPOSURE-513396	Wood Dust Exposure	Yes
exposure	CTDC-SUBJECT-387207	CTDC-EXPOSURE-998093	Respirable Crystalline Silica Exposure	Yes
exposure	CTDC-SUBJECT-639280	CTDC-EXPOSURE-267958	Asbestos Exposure	No
exposure	CTDC-SUBJECT-423309	CTDC-EXPOSURE-888345	Asbestos Exposure	No
exposure	CTDC-SUBJECT-724373	CTDC-EXPOSURE-853858	Wood Dust Exposure	No
exposure	CTDC-SUBJECT-254053	CTDC-EXPOSURE-298999	Respirable Crystalline Silica Exposure	No
exposure	CTDC-SUBJECT-826378	CTDC-EXPOSURE-143225	Smoke Exposure	No
exposure	CTDC-SUBJECT-865958	CTDC-EXPOSURE-994355	Smokeless Tobacco Exposure	No
exposure	CTDC-SUBJECT-774908	CTDC-EXPOSURE-233372	Chemical Exposure	Yes
exposure	CTDC-SUBJECT-774908	CTDC-EXPOSURE-169639	Wood Dust Exposure	No
exposure	CTDC-SUBJECT-550851	CTDC-EXPOSURE-128357	Smoke Exposure	Unknown
exposure	CTDC-SUBJECT-550851	CTDC-EXPOSURE-525569	Radiation Exposure	Yes
exposure	CTDC-SUBJECT-249982	CTDC-EXPOSURE-413790	Smoke Exposure	Yes
exposure	CTDC-SUBJECT-554104	CTDC-EXPOSURE-497946	Wood Dust Exposure	Yes
exposure	CTDC-SUBJECT-687307	CTDC-EXPOSURE-150357	Marijuana Smoke Exposure	Yes
exposure	CTDC-SUBJECT-265741	CTDC-EXPOSURE-931977	Asbestos Exposure	No
exposure	CTDC-SUBJECT-463006	CTDC-EXPOSURE-426286	Wood Dust Exposure	No
exposure	CTDC-SUBJECT-390783	CTDC-EXPOSURE-769796	Wood Dust Exposure	Unknown
exposure	CTDC-SUBJECT-180549	CTDC-EXPOSURE-983608	Radon Exposure	Yes
exposure	CTDC-SUBJECT-180549	CTDC-EXPOSURE-399399	Smokeless Tobacco Exposure	No
exposure	CTDC-SUBJECT-180549	CTDC-EXPOSURE-477930	Wood Dust Exposure	Unknown
exposure	CTDC-SUBJECT-995809	CTDC-EXPOSURE-876452	Smoke Exposure	No
exposure	CTDC-SUBJECT-386686	CTDC-EXPOSURE-674987	Smokeless Tobacco Exposure	Yes
exposure	CTDC-SUBJECT-262510	CTDC-EXPOSURE-594465	Respirable Crystalline Silica Exposure	Unknown
exposure	CTDC-SUBJECT-622335	CTDC-EXPOSURE-731148	Asbestos Exposure	Unknown
exposure	CTDC-SUBJECT-622335	CTDC-EXPOSURE-337551	Radon Exposure	Unknown
exposure	CTDC-SUBJECT-622335	CTDC-EXPOSURE-830963	Respirable Crystalline Silica Exposure	Yes
exposure	CTDC-SUBJECT-496827	CTDC-EXPOSURE-794719	Radon Exposure	No
exposure	CTDC-SUBJECT-946167	CTDC-EXPOSURE-247793	Respirable Crystalline Silica Exposure	Yes
exposure	CTDC-SUBJECT-252950	CTDC-EXPOSURE-395810	Asbestos Exposure	Unknown
exposure	CTDC-SUBJECT-702420	CTDC-EXPOSURE-495250	Chemical Exposure	Unknown
exposure	CTDC-SUBJECT-743178	CTDC-EXPOSURE-536112	Wood Dust Exposure	Unknown
exposure	CTDC-SUBJECT-743178	CTDC-EXPOSURE-722913	Smokeless Tobacco Exposure	Yes
exposure	CTDC-SUBJECT-206266	CTDC-EXPOSURE-275697	Respirable Crystalline Silica Exposure	No
exposure	CTDC-SUBJECT-206266	CTDC-EXPOSURE-571934	Radiation Exposure	No
exposure	CTDC-SUBJECT-206266	CTDC-EXPOSURE-313324	Respirable Crystalline Silica Exposure	Yes
exposure	CTDC-SUBJECT-206266	CTDC-EXPOSURE-994578	Radon Exposure	Yes
exposure	CTDC-SUBJECT-206266	CTDC-EXPOSURE-381240	Smoke Exposure	No
exposure	CTDC-SUBJECT-206266	CTDC-EXPOSURE-683231	Marijuana Smoke Exposure	Unknown
exposure	CTDC-SUBJECT-161315	CTDC-EXPOSURE-189275	Respirable Crystalline Silica Exposure	Yes
exposure	CTDC-SUBJECT-724275	CTDC-EXPOSURE-648950	Radiation Exposure	Yes
exposure	CTDC-SUBJECT-417394	CTDC-EXPOSURE-666945	Asbestos Exposure	Unknown
exposure	CTDC-SUBJECT-880446	CTDC-EXPOSURE-993431	Wood Dust Exposure	Yes
exposure	CTDC-SUBJECT-498683	CTDC-EXPOSURE-207572	Smokeless Tobacco Exposure	No
exposure	CTDC-SUBJECT-498683	CTDC-EXPOSURE-915398	Smokeless Tobacco Exposure	Unknown
exposure	CTDC-SUBJECT-379968	CTDC-EXPOSURE-797851	Wood Dust Exposure	No
exposure	CTDC-SUBJECT-379968	CTDC-EXPOSURE-224383	Wood Dust Exposure	No
exposure	CTDC-SUBJECT-408313	CTDC-EXPOSURE-267468	Radiation Exposure	No
exposure	CTDC-SUBJECT-839702	CTDC-EXPOSURE-830454	Smoke Exposure	Unknown
exposure	CTDC-SUBJECT-839702	CTDC-EXPOSURE-531961	Chemical Exposure	Unknown
exposure	CTDC-SUBJECT-202893	CTDC-EXPOSURE-605147	Asbestos Exposure	Yes
exposure	CTDC-SUBJECT-681212	CTDC-EXPOSURE-228619	Smokeless Tobacco Exposure	Yes
exposure	CTDC-SUBJECT-221942	CTDC-EXPOSURE-604659	Respirable Crystalline Silica Exposure	Yes
exposure	CTDC-SUBJECT-646347	CTDC-EXPOSURE-202726	Marijuana Smoke Exposure	No
exposure	CTDC-SUBJECT-301806	CTDC-EXPOSURE-174695	Radon Exposure	No
exposure	CTDC-SUBJECT-159850	CTDC-EXPOSURE-915512	Smokeless Tobacco Exposure	Unknown
exposure	CTDC-SUBJECT-159850	CTDC-EXPOSURE-352260	Wood Dust Exposure	Unknown
exposure	CTDC-SUBJECT-447893	CTDC-EXPOSURE-758612	Smokeless Tobacco Exposure	Unknown
exposure	CTDC-SUBJECT-447893	CTDC-EXPOSURE-144072	Tobacco Related Exposure	Yes
exposure	CTDC-SUBJECT-105359	CTDC-EXPOSURE-816760	Respirable Crystalline Silica Exposure	Unknown
exposure	CTDC-SUBJECT-105359	CTDC-EXPOSURE-997481	Wood Dust Exposure	Unknown
exposure	CTDC-SUBJECT-323772	CTDC-EXPOSURE-374269	Marijuana Smoke Exposure	Yes
exposure	CTDC-SUBJECT-668537	CTDC-EXPOSURE-991932	Radon Exposure	Yes
exposure	CTDC-SUBJECT-389624	CTDC-EXPOSURE-322211	Respirable Crystalline Silica Exposure	Unknown
exposure	CTDC-SUBJECT-389624	CTDC-EXPOSURE-828842	Radon Exposure	Unknown
exposure	CTDC-SUBJECT-211748	CTDC-EXPOSURE-932824	Respirable Crystalline Silica Exposure	Yes
exposure	CTDC-SUBJECT-821817	CTDC-EXPOSURE-393867	Tobacco Related Exposure	Unknown
exposure	CTDC-SUBJECT-959503	CTDC-EXPOSURE-425829	Smoke Exposure	Yes
exposure	CTDC-SUBJECT-959503	CTDC-EXPOSURE-698977	Tobacco Related Exposure	Yes
exposure	CTDC-SUBJECT-476464	CTDC-EXPOSURE-882422	Respirable Crystalline Silica Exposure	No
exposure	CTDC-SUBJECT-648259	CTDC-EXPOSURE-626589	Asbestos Exposure	Unknown
exposure	CTDC-SUBJECT-894501	CTDC-EXPOSURE-778028	Radon Exposure	No
exposure	CTDC-SUBJECT-115563	CTDC-EXPOSURE-452246	Smoke Exposure	No
exposure	CTDC-SUBJECT-433750	CTDC-EXPOSURE-597329	Asbestos Exposure	Yes
exposure	CTDC-SUBJECT-144313	CTDC-EXPOSURE-642267	Respirable Crystalline Silica Exposure	Unknown
exposure	CTDC-SUBJECT-593393	CTDC-EXPOSURE-280812	Chemical Exposure	No
exposure	CTDC-SUBJECT-436957	CTDC-EXPOSURE-629059	Smoke Exposure	No
exposure	CTDC-SUBJECT-436957	CTDC-EXPOSURE-693431	Tobacco Related Exposure	Unknown
exposure	CTDC-SUBJECT-436957	CTDC-EXPOSURE-984917	Chemical Exposure	No
exposure	CTDC-SUBJECT-436957	CTDC-EXPOSURE-389823	Chemical Exposure	Yes
exposure	CTDC-SUBJECT-116372	CTDC-EXPOSURE-789570	Chemical Exposure	Unknown
exposure	CTDC-SUBJECT-116372	CTDC-EXPOSURE-407429	Smoke Exposure	No
exposure	CTDC-SUBJECT-719750	CTDC-EXPOSURE-176720	Wood Dust Exposure	Yes
exposure	CTDC-SUBJECT-489761	CTDC-EXPOSURE-748877	Radon Exposure	No
exposure	CTDC-SUBJECT-189635	CTDC-EXPOSURE-711556	Chemical Exposure	Yes
exposure	CTDC-SUBJECT-980511	CTDC-EXPOSURE-649781	Smoke Exposure	Yes
exposure	CTDC-SUBJECT-922456	CTDC-EXPOSURE-865685	Radon Exposure	No
exposure	CTDC-SUBJECT-969430	CTDC-EXPOSURE-371099	Wood Dust Exposure	Unknown
exposure	CTDC-SUBJECT-969430	CTDC-EXPOSURE-648024	Radiation Exposure	Unknown
exposure	CTDC-SUBJECT-969430	CTDC-EXPOSURE-874878	Chemical Exposure	No
exposure	CTDC-SUBJECT-924034	CTDC-EXPOSURE-455355	Respirable Crystalline Silica Exposure	Unknown
exposure	CTDC-SUBJECT-741080	CTDC-EXPOSURE-957464	Radon Exposure	Yes
exposure	CTDC-SUBJECT-221047	CTDC-EXPOSURE-119706	Wood Dust Exposure	No
exposure	CTDC-SUBJECT-480486	CTDC-EXPOSURE-870861	Wood Dust Exposure	No
exposure	CTDC-SUBJECT-247208	CTDC-EXPOSURE-518679	Wood Dust Exposure	No
exposure	CTDC-SUBJECT-390087	CTDC-EXPOSURE-650822	Radon Exposure	No
exposure	CTDC-SUBJECT-316498	CTDC-EXPOSURE-486803	Radon Exposure	Yes
exposure	CTDC-SUBJECT-144844	CTDC-EXPOSURE-397780	Smoke Exposure	Unknown
exposure	CTDC-SUBJECT-956257	CTDC-EXPOSURE-494870	Asbestos Exposure	Yes
exposure	CTDC-SUBJECT-880100	CTDC-EXPOSURE-319879	Tobacco Related Exposure	No
exposure	CTDC-SUBJECT-241144	CTDC-EXPOSURE-681678	Asbestos Exposure	Yes
exposure	CTDC-SUBJECT-649082	CTDC-EXPOSURE-393787	Tobacco Related Exposure	No
exposure	CTDC-SUBJECT-818301	CTDC-EXPOSURE-294240	Respirable Crystalline Silica Exposure	No
exposure	CTDC-SUBJECT-348141	CTDC-EXPOSURE-873614	Chemical Exposure	Unknown
exposure	CTDC-SUBJECT-123051	CTDC-EXPOSURE-465216	Wood Dust Exposure	No
exposure	CTDC-SUBJECT-926826	CTDC-EXPOSURE-268178	Smoke Exposure	Yes
exposure	CTDC-SUBJECT-580164	CTDC-EXPOSURE-571204	Radon Exposure	Yes
exposure	CTDC-SUBJECT-848158	CTDC-EXPOSURE-187782	Radiation Exposure	Yes
exposure	CTDC-SUBJECT-848158	CTDC-EXPOSURE-499639	Smoke Exposure	Yes
exposure	CTDC-SUBJECT-362134	CTDC-EXPOSURE-403004	Chemical Exposure	No
exposure	CTDC-SUBJECT-362134	CTDC-EXPOSURE-732702	Radon Exposure	Unknown
exposure	CTDC-SUBJECT-406843	CTDC-EXPOSURE-643765	Tobacco Related Exposure	No
exposure	CTDC-SUBJECT-107225	CTDC-EXPOSURE-806329	Tobacco Related Exposure	No
exposure	CTDC-SUBJECT-453504	CTDC-EXPOSURE-776217	Asbestos Exposure	No
exposure	CTDC-SUBJECT-375632	CTDC-EXPOSURE-387505	Radiation Exposure	No
exposure	CTDC-SUBJECT-484915	CTDC-EXPOSURE-183183	Radiation Exposure	No
exposure	CTDC-SUBJECT-196654	CTDC-EXPOSURE-408725	Respirable Crystalline Silica Exposure	No
exposure	CTDC-SUBJECT-196654	CTDC-EXPOSURE-806149	Radiation Exposure	Yes
exposure	CTDC-SUBJECT-947001	CTDC-EXPOSURE-919818	Respirable Crystalline Silica Exposure	Yes
exposure	CTDC-SUBJECT-947001	CTDC-EXPOSURE-945846	Smoke Exposure	Unknown
exposure	CTDC-SUBJECT-947001	CTDC-EXPOSURE-814474	Asbestos Exposure	Unknown
exposure	CTDC-SUBJECT-811589	CTDC-EXPOSURE-196090	Chemical Exposure	Unknown
exposure	CTDC-SUBJECT-169598	CTDC-EXPOSURE-979982	Tobacco Related Exposure	Yes
exposure	CTDC-SUBJECT-346190	CTDC-EXPOSURE-542469	Radon Exposure	No
exposure	CTDC-SUBJECT-589930	CTDC-EXPOSURE-878078	Smokeless Tobacco Exposure	Unknown
exposure	CTDC-SUBJECT-341676	CTDC-EXPOSURE-512458	Chemical Exposure	Unknown
exposure	CTDC-SUBJECT-147802	CTDC-EXPOSURE-147208	Radon Exposure	Yes
exposure	CTDC-SUBJECT-147802	CTDC-EXPOSURE-885045	Chemical Exposure	Unknown
exposure	CTDC-SUBJECT-588312	CTDC-EXPOSURE-644336	Tobacco Related Exposure	No
exposure	CTDC-SUBJECT-718208	CTDC-EXPOSURE-673716	Smokeless Tobacco Exposure	Unknown
exposure	CTDC-SUBJECT-581720	CTDC-EXPOSURE-783523	Smoke Exposure	Unknown
exposure	CTDC-SUBJECT-581720	CTDC-EXPOSURE-674148	Chemical Exposure	No
exposure	CTDC-SUBJECT-581720	CTDC-EXPOSURE-643017	Wood Dust Exposure	Yes
