type	participant.participant_id	specimen_record_id	specimen_id	specimen_type	specimen_category	anatomical_collection_site	tissue_category	assessment_timepoint	collection_date
specimen	CTDC-SUBJECT-343157	CTDC-SPECIMEN-115660	CTDC-SPECIMEN-001	Streck Blood	SALIVA	Duodenum	Primary	BASELINE	331
specimen	CTDC-SUBJECT-343157	CTDC-SPECIMEN-448658	CTDC-SPECIMEN-002	Bone Marrow Aspirate	OTHER BODILY FLUIDs	Lymph Node	Primary	ON TREATMENT	783
specimen	CTDC-SUBJECT-456210	CTDC-SPECIMEN-484627	CTDC-SPECIMEN-003	Bone Marrow Aspirate	URINE	Epidermis	Normal	ON TREATMENT	684
specimen	CTDC-SUBJECT-408391	CTDC-SPECIMEN-628153	CTDC-SPECIMEN-004	Formalin Fixed Tissue	OTHER BODILY FLUIDs	Liver	Normal	PROGRESSION	691
specimen	CTDC-SUBJECT-527319	CTDC-SPECIMEN-227697	CTDC-SPECIMEN-005	Formalin Fixed Tissue	URINE	Bone Marrow	Primary	ARCHIVAL	905
specimen	CTDC-SUBJECT-288185	CTDC-SPECIMEN-113308	CTDC-SPECIMEN-006	Stained Bone Marrow Aspirate Slide	FROZEN TISSUE	Prostate	Primary	BASELINE	830
specimen	CTDC-SUBJECT-660757	CTDC-SPECIMEN-840767	CTDC-SPECIMEN-007	EDTA Blood	BUCCAL CELL SAMPLE	Brain	Metastatic	PROGRESSION	108
specimen	CTDC-SUBJECT-165330	CTDC-SPECIMEN-249627	CTDC-SPECIMEN-008	Streck Blood	URINE	Lymph Node	Metastatic	ON TREATMENT	431
specimen	CTDC-SUBJECT-837376	CTDC-SPECIMEN-670136	CTDC-SPECIMEN-009	EDTA Blood	FROZEN TISSUE	Pancreas	Primary	PROGRESSION	695
specimen	CTDC-SUBJECT-640943	CTDC-SPECIMEN-682084	CTDC-SPECIMEN-010	Formalin Bone Marrow Biopsy	URINE	Lymph Node	Primary	PROGRESSION	781
specimen	CTDC-SUBJECT-956705	CTDC-SPECIMEN-981078	CTDC-SPECIMEN-011	Unstained Slide	STOOL	Colon	Normal	ON TREATMENT	513
specimen	CTDC-SUBJECT-906674	CTDC-SPECIMEN-342181	CTDC-SPECIMEN-012	Unstained Bone Marrow Aspirate Slide	BLOOD	Liver	Metastatic	PROGRESSION	171
specimen	CTDC-SUBJECT-906674	CTDC-SPECIMEN-683776	CTDC-SPECIMEN-013	FFPE Block	STOOL	Esophagus	Normal	ON TREATMENT	483
specimen	CTDC-SUBJECT-519269	CTDC-SPECIMEN-323439	CTDC-SPECIMEN-014	Stained Bone Marrow Aspirate Slide	FORMALIN FIXED PARAFFIN EMBEDDED TISSUE	Esophagus	Normal	ON TREATMENT	860
specimen	CTDC-SUBJECT-519269	CTDC-SPECIMEN-424368	CTDC-SPECIMEN-015	Streck Blood	BLOOD	Lung	Primary	PROGRESSION	563
specimen	CTDC-SUBJECT-860750	CTDC-SPECIMEN-922793	CTDC-SPECIMEN-016	Formalin Bone Marrow Biopsy	SALIVA	Bronchus	Primary	PROGRESSION	336
specimen	CTDC-SUBJECT-628752	CTDC-SPECIMEN-489357	CTDC-SPECIMEN-017	Unstained Bone Marrow Aspirate Slide	SALIVA	Colon	Metastatic	ARCHIVAL	958
specimen	CTDC-SUBJECT-459688	CTDC-SPECIMEN-140044	CTDC-SPECIMEN-018	Cell Block	FRESH TISSUE	Colon	Primary	BASELINE	722
specimen	CTDC-SUBJECT-459688	CTDC-SPECIMEN-719654	CTDC-SPECIMEN-019	Streck Blood	FORMALIN FIXED PARAFFIN EMBEDDED TISSUE	Stomach	Normal	ON TREATMENT	563
specimen	CTDC-SUBJECT-636260	CTDC-SPECIMEN-691844	CTDC-SPECIMEN-020	Formalin Bone Marrow Biopsy	URINE	Epidermis	Metastatic	BASELINE	520
specimen	CTDC-SUBJECT-636260	CTDC-SPECIMEN-811749	CTDC-SPECIMEN-021	FFPE Block	BONE MARROW	Prostate	Primary	PROGRESSION	790
specimen	CTDC-SUBJECT-636260	CTDC-SPECIMEN-985299	CTDC-SPECIMEN-022	Snap Frozen Tissue	FORMALIN FIXED PARAFFIN EMBEDDED TISSUE	Bronchus	Metastatic	BASELINE	530
specimen	CTDC-SUBJECT-636260	CTDC-SPECIMEN-563058	CTDC-SPECIMEN-023	Cell Block	OTHER BODILY FLUIDs	Bone Marrow	Primary	BASELINE	851
specimen	CTDC-SUBJECT-636260	CTDC-SPECIMEN-314287	CTDC-SPECIMEN-024	Cell Block	FRESH TISSUE	Duodenum	Primary	BASELINE	428
specimen	CTDC-SUBJECT-908831	CTDC-SPECIMEN-593667	CTDC-SPECIMEN-025	Bone Marrow Aspirate	FROZEN TISSUE	Prostate	Normal	ON TREATMENT	121
specimen	CTDC-SUBJECT-163620	CTDC-SPECIMEN-494328	CTDC-SPECIMEN-026	Cell Block	SALIVA	Duodenum	Normal	BASELINE	333
specimen	CTDC-SUBJECT-163620	CTDC-SPECIMEN-352275	CTDC-SPECIMEN-027	Unstained Slide	BUCCAL CELL SAMPLE	Rectum	Metastatic	ON TREATMENT	650
specimen	CTDC-SUBJECT-328245	CTDC-SPECIMEN-848868	CTDC-SPECIMEN-028	Formalin Bone Marrow Biopsy	FRESH TISSUE	Kidney	Primary	BASELINE	441
specimen	CTDC-SUBJECT-328245	CTDC-SPECIMEN-465657	CTDC-SPECIMEN-029	Formalin Fixed Tissue	BONE MARROW	Bronchus	Primary	BASELINE	146
specimen	CTDC-SUBJECT-328245	CTDC-SPECIMEN-169100	CTDC-SPECIMEN-030	Stained Bone Marrow Aspirate Slide	OTHER BODILY FLUIDs	Prostate	Normal	ARCHIVAL	722
specimen	CTDC-SUBJECT-328245	CTDC-SPECIMEN-283562	CTDC-SPECIMEN-031	Formalin Bone Marrow Biopsy	SALIVA	Stomach	Normal	ON TREATMENT	641
specimen	CTDC-SUBJECT-445414	CTDC-SPECIMEN-239584	CTDC-SPECIMEN-032	Streck Blood	FORMALIN FIXED PARAFFIN EMBEDDED TISSUE	Colon	Metastatic	ON TREATMENT	654
specimen	CTDC-SUBJECT-310021	CTDC-SPECIMEN-293373	CTDC-SPECIMEN-033	FFPE Block	STOOL	Kidney	Normal	BASELINE	639
specimen	CTDC-SUBJECT-954089	CTDC-SPECIMEN-902687	CTDC-SPECIMEN-034	EDTA Blood	STOOL	Bronchus	Primary	PROGRESSION	339
specimen	CTDC-SUBJECT-725631	CTDC-SPECIMEN-789965	CTDC-SPECIMEN-035	Stained Bone Marrow Aspirate Slide	BLOOD	Liver	Normal	ON TREATMENT	15
specimen	CTDC-SUBJECT-725631	CTDC-SPECIMEN-530993	CTDC-SPECIMEN-036	EDTA Blood	URINE	Lymph Node	Metastatic	ARCHIVAL	187
specimen	CTDC-SUBJECT-725631	CTDC-SPECIMEN-939727	CTDC-SPECIMEN-037	Snap Frozen Tissue	STOOL	Duodenum	Normal	BASELINE	351
specimen	CTDC-SUBJECT-499991	CTDC-SPECIMEN-722848	CTDC-SPECIMEN-038	Unstained Bone Marrow Aspirate Slide	FRESH TISSUE	Bronchus	Metastatic	PROGRESSION	61
specimen	CTDC-SUBJECT-499991	CTDC-SPECIMEN-484192	CTDC-SPECIMEN-039	Stained Bone Marrow Aspirate Slide	STOOL	Lung	Metastatic	ARCHIVAL	442
specimen	CTDC-SUBJECT-192223	CTDC-SPECIMEN-615302	CTDC-SPECIMEN-040	Unstained Bone Marrow Aspirate Slide	FORMALIN FIXED TISSUE	Esophagus	Metastatic	ON TREATMENT	183
specimen	CTDC-SUBJECT-714422	CTDC-SPECIMEN-560774	CTDC-SPECIMEN-041	Cell Block	FORMALIN FIXED PARAFFIN EMBEDDED TISSUE	Brain	Normal	BASELINE	302
specimen	CTDC-SUBJECT-852840	CTDC-SPECIMEN-182921	CTDC-SPECIMEN-042	Snap Frozen Tissue	URINE	Bone Marrow	Primary	PROGRESSION	253
specimen	CTDC-SUBJECT-640748	CTDC-SPECIMEN-143875	CTDC-SPECIMEN-043	FFPE Block	BUCCAL CELL SAMPLE	Kidney	Normal	BASELINE	953
specimen	CTDC-SUBJECT-328307	CTDC-SPECIMEN-822582	CTDC-SPECIMEN-044	Formalin Bone Marrow Biopsy	FRESH TISSUE	Epidermis	Normal	BASELINE	270
specimen	CTDC-SUBJECT-506259	CTDC-SPECIMEN-779013	CTDC-SPECIMEN-045	Unstained Slide	SALIVA	Epidermis	Metastatic	BASELINE	701
specimen	CTDC-SUBJECT-506259	CTDC-SPECIMEN-722816	CTDC-SPECIMEN-046	Cell Block	OTHER BODILY FLUIDs	Kidney	Primary	ON TREATMENT	337
specimen	CTDC-SUBJECT-506259	CTDC-SPECIMEN-327594	CTDC-SPECIMEN-047	Streck Blood	FROZEN TISSUE	Brain	Metastatic	ON TREATMENT	213
specimen	CTDC-SUBJECT-850225	CTDC-SPECIMEN-285651	CTDC-SPECIMEN-048	Formalin Fixed Tissue	FORMALIN FIXED TISSUE	Duodenum	Normal	PROGRESSION	774
specimen	CTDC-SUBJECT-850225	CTDC-SPECIMEN-676669	CTDC-SPECIMEN-049	Formalin Bone Marrow Biopsy	FORMALIN FIXED PARAFFIN EMBEDDED TISSUE	Bone Marrow	Normal	ARCHIVAL	866
specimen	CTDC-SUBJECT-850225	CTDC-SPECIMEN-256743	CTDC-SPECIMEN-050	EDTA Blood	FORMALIN FIXED PARAFFIN EMBEDDED TISSUE	Liver	Normal	ARCHIVAL	568
specimen	CTDC-SUBJECT-850225	CTDC-SPECIMEN-175280	CTDC-SPECIMEN-051	Stained Bone Marrow Aspirate Slide	FORMALIN FIXED TISSUE	Bronchus	Metastatic	ON TREATMENT	164
specimen	CTDC-SUBJECT-443429	CTDC-SPECIMEN-268798	CTDC-SPECIMEN-052	Unstained Slide	URINE	Liver	Metastatic	ARCHIVAL	997
specimen	CTDC-SUBJECT-443429	CTDC-SPECIMEN-485413	CTDC-SPECIMEN-053	EDTA Blood	BONE MARROW	Epidermis	Primary	BASELINE	871
specimen	CTDC-SUBJECT-443429	CTDC-SPECIMEN-535740	CTDC-SPECIMEN-054	Bone Marrow Aspirate	SALIVA	Duodenum	Normal	ARCHIVAL	962
specimen	CTDC-SUBJECT-443429	CTDC-SPECIMEN-850429	CTDC-SPECIMEN-055	Formalin Fixed Tissue	BONE MARROW	Colon	Normal	ARCHIVAL	262
specimen	CTDC-SUBJECT-575176	CTDC-SPECIMEN-229744	CTDC-SPECIMEN-056	FFPE Block	FROZEN TISSUE	Duodenum	Primary	PROGRESSION	544
specimen	CTDC-SUBJECT-809540	CTDC-SPECIMEN-812841	CTDC-SPECIMEN-057	EDTA Blood	FRESH TISSUE	Liver	Primary	ON TREATMENT	303
specimen	CTDC-SUBJECT-809540	CTDC-SPECIMEN-315557	CTDC-SPECIMEN-058	Unstained Bone Marrow Aspirate Slide	STOOL	Bone Marrow	Primary	BASELINE	189
specimen	CTDC-SUBJECT-786247	CTDC-SPECIMEN-231229	CTDC-SPECIMEN-059	FFPE Block	SALIVA	Brain	Primary	ON TREATMENT	330
specimen	CTDC-SUBJECT-786247	CTDC-SPECIMEN-437498	CTDC-SPECIMEN-060	Formalin Bone Marrow Biopsy	FORMALIN FIXED PARAFFIN EMBEDDED TISSUE	Colon	Metastatic	BASELINE	354
specimen	CTDC-SUBJECT-508659	CTDC-SPECIMEN-539770	CTDC-SPECIMEN-061	Unstained Slide	FROZEN TISSUE	Kidney	Metastatic	ARCHIVAL	766
specimen	CTDC-SUBJECT-405624	CTDC-SPECIMEN-166583	CTDC-SPECIMEN-062	Streck Blood	FROZEN TISSUE	Prostate	Primary	ARCHIVAL	729
specimen	CTDC-SUBJECT-846264	CTDC-SPECIMEN-128410	CTDC-SPECIMEN-063	Stained Bone Marrow Aspirate Slide	FROZEN TISSUE	Esophagus	Metastatic	ARCHIVAL	377
specimen	CTDC-SUBJECT-506858	CTDC-SPECIMEN-566588	CTDC-SPECIMEN-064	Stained Bone Marrow Aspirate Slide	BONE MARROW	Prostate	Normal	ARCHIVAL	953
specimen	CTDC-SUBJECT-506858	CTDC-SPECIMEN-202582	CTDC-SPECIMEN-065	EDTA Blood	FROZEN TISSUE	Duodenum	Normal	BASELINE	317
specimen	CTDC-SUBJECT-718374	CTDC-SPECIMEN-781149	CTDC-SPECIMEN-066	Streck Blood	FORMALIN FIXED TISSUE	Brain	Metastatic	ARCHIVAL	380
specimen	CTDC-SUBJECT-718374	CTDC-SPECIMEN-893821	CTDC-SPECIMEN-067	Formalin Bone Marrow Biopsy	BONE MARROW	Colon	Primary	ARCHIVAL	441
specimen	CTDC-SUBJECT-718374	CTDC-SPECIMEN-113120	CTDC-SPECIMEN-068	Unstained Slide	SALIVA	Lung	Primary	BASELINE	711
specimen	CTDC-SUBJECT-777459	CTDC-SPECIMEN-872068	CTDC-SPECIMEN-069	FFPE Block	SALIVA	Duodenum	Primary	BASELINE	362
specimen	CTDC-SUBJECT-210323	CTDC-SPECIMEN-178205	CTDC-SPECIMEN-070	Stained Bone Marrow Aspirate Slide	SALIVA	Liver	Primary	ON TREATMENT	426
specimen	CTDC-SUBJECT-210323	CTDC-SPECIMEN-274228	CTDC-SPECIMEN-071	Bone Marrow Aspirate	FROZEN TISSUE	Kidney	Metastatic	PROGRESSION	851
specimen	CTDC-SUBJECT-210323	CTDC-SPECIMEN-132428	CTDC-SPECIMEN-072	Snap Frozen Tissue	FORMALIN FIXED PARAFFIN EMBEDDED TISSUE	Stomach	Metastatic	PROGRESSION	967
specimen	CTDC-SUBJECT-254303	CTDC-SPECIMEN-495165	CTDC-SPECIMEN-073	Snap Frozen Tissue	BUCCAL CELL SAMPLE	Brain	Metastatic	ARCHIVAL	685
specimen	CTDC-SUBJECT-254303	CTDC-SPECIMEN-430318	CTDC-SPECIMEN-074	Streck Blood	OTHER BODILY FLUIDs	Kidney	Normal	ON TREATMENT	108
specimen	CTDC-SUBJECT-836180	CTDC-SPECIMEN-125716	CTDC-SPECIMEN-075	Unstained Bone Marrow Aspirate Slide	BLOOD	Rectum	Primary	ON TREATMENT	882
specimen	CTDC-SUBJECT-456180	CTDC-SPECIMEN-767356	CTDC-SPECIMEN-076	Snap Frozen Tissue	URINE	Duodenum	Primary	BASELINE	157
specimen	CTDC-SUBJECT-456180	CTDC-SPECIMEN-388811	CTDC-SPECIMEN-077	EDTA Blood	URINE	Brain	Metastatic	ON TREATMENT	304
specimen	CTDC-SUBJECT-895243	CTDC-SPECIMEN-551194	CTDC-SPECIMEN-078	Formalin Bone Marrow Biopsy	FROZEN TISSUE	Liver	Metastatic	ON TREATMENT	176
specimen	CTDC-SUBJECT-701270	CTDC-SPECIMEN-746044	CTDC-SPECIMEN-079	Streck Blood	FORMALIN FIXED PARAFFIN EMBEDDED TISSUE	Brain	Primary	ARCHIVAL	435
specimen	CTDC-SUBJECT-701270	CTDC-SPECIMEN-303573	CTDC-SPECIMEN-080	Unstained Slide	BONE MARROW	Stomach	Primary	ARCHIVAL	131
specimen	CTDC-SUBJECT-701270	CTDC-SPECIMEN-274882	CTDC-SPECIMEN-081	Unstained Slide	BLOOD	Kidney	Normal	ARCHIVAL	25
specimen	CTDC-SUBJECT-336076	CTDC-SPECIMEN-671782	CTDC-SPECIMEN-082	Snap Frozen Tissue	BUCCAL CELL SAMPLE	Stomach	Metastatic	BASELINE	236
specimen	CTDC-SUBJECT-336076	CTDC-SPECIMEN-318391	CTDC-SPECIMEN-083	Bone Marrow Aspirate	BONE MARROW	Bronchus	Normal	ARCHIVAL	742
specimen	CTDC-SUBJECT-273839	CTDC-SPECIMEN-529450	CTDC-SPECIMEN-084	Streck Blood	BLOOD	Lymph Node	Normal	PROGRESSION	885
specimen	CTDC-SUBJECT-959628	CTDC-SPECIMEN-928207	CTDC-SPECIMEN-085	Snap Frozen Tissue	FORMALIN FIXED TISSUE	Pancreas	Metastatic	BASELINE	759
specimen	CTDC-SUBJECT-293993	CTDC-SPECIMEN-816358	CTDC-SPECIMEN-086	Stained Bone Marrow Aspirate Slide	STOOL	Kidney	Normal	BASELINE	936
specimen	CTDC-SUBJECT-293993	CTDC-SPECIMEN-892110	CTDC-SPECIMEN-087	Unstained Bone Marrow Aspirate Slide	URINE	Prostate	Primary	ARCHIVAL	190
specimen	CTDC-SUBJECT-293993	CTDC-SPECIMEN-986678	CTDC-SPECIMEN-088	Formalin Bone Marrow Biopsy	FROZEN TISSUE	Duodenum	Metastatic	ARCHIVAL	876
specimen	CTDC-SUBJECT-296184	CTDC-SPECIMEN-900127	CTDC-SPECIMEN-089	Snap Frozen Tissue	FROZEN TISSUE	Brain	Primary	PROGRESSION	888
specimen	CTDC-SUBJECT-387207	CTDC-SPECIMEN-371793	CTDC-SPECIMEN-090	EDTA Blood	CEREBROSPINAL FLUID	Lymph Node	Primary	ARCHIVAL	109
specimen	CTDC-SUBJECT-639280	CTDC-SPECIMEN-527583	CTDC-SPECIMEN-091	Bone Marrow Aspirate	BLOOD	Kidney	Metastatic	ARCHIVAL	42
specimen	CTDC-SUBJECT-423309	CTDC-SPECIMEN-512722	CTDC-SPECIMEN-092	Streck Blood	FORMALIN FIXED PARAFFIN EMBEDDED TISSUE	Bone Marrow	Metastatic	PROGRESSION	657
specimen	CTDC-SUBJECT-724373	CTDC-SPECIMEN-242228	CTDC-SPECIMEN-093	Unstained Bone Marrow Aspirate Slide	FORMALIN FIXED TISSUE	Esophagus	Primary	ON TREATMENT	716
specimen	CTDC-SUBJECT-254053	CTDC-SPECIMEN-842528	CTDC-SPECIMEN-094	EDTA Blood	FORMALIN FIXED TISSUE	Stomach	Primary	BASELINE	78
specimen	CTDC-SUBJECT-254053	CTDC-SPECIMEN-855225	CTDC-SPECIMEN-095	Snap Frozen Tissue	BLOOD	Kidney	Normal	ARCHIVAL	774
specimen	CTDC-SUBJECT-254053	CTDC-SPECIMEN-767308	CTDC-SPECIMEN-096	Cell Block	FROZEN TISSUE	Prostate	Primary	ON TREATMENT	40
specimen	CTDC-SUBJECT-254053	CTDC-SPECIMEN-651093	CTDC-SPECIMEN-097	Snap Frozen Tissue	CEREBROSPINAL FLUID	Lung	Primary	PROGRESSION	616
specimen	CTDC-SUBJECT-254053	CTDC-SPECIMEN-437964	CTDC-SPECIMEN-098	Unstained Slide	URINE	Duodenum	Primary	BASELINE	983
specimen	CTDC-SUBJECT-826378	CTDC-SPECIMEN-533139	CTDC-SPECIMEN-099	Formalin Fixed Tissue	BLOOD	Duodenum	Primary	ON TREATMENT	232
specimen	CTDC-SUBJECT-865958	CTDC-SPECIMEN-210908	CTDC-SPECIMEN-100	Unstained Slide	FORMALIN FIXED TISSUE	Prostate	Metastatic	PROGRESSION	149
specimen	CTDC-SUBJECT-865958	CTDC-SPECIMEN-772866	CTDC-SPECIMEN-101	Streck Blood	FORMALIN FIXED TISSUE	Rectum	Normal	PROGRESSION	281
specimen	CTDC-SUBJECT-865958	CTDC-SPECIMEN-852493	CTDC-SPECIMEN-102	Cell Block	OTHER BODILY FLUIDs	Rectum	Primary	PROGRESSION	242
specimen	CTDC-SUBJECT-774908	CTDC-SPECIMEN-644509	CTDC-SPECIMEN-103	Cell Block	OTHER BODILY FLUIDs	Brain	Normal	PROGRESSION	232
specimen	CTDC-SUBJECT-550851	CTDC-SPECIMEN-138396	CTDC-SPECIMEN-104	Unstained Slide	OTHER BODILY FLUIDs	Esophagus	Normal	PROGRESSION	942
specimen	CTDC-SUBJECT-550851	CTDC-SPECIMEN-916633	CTDC-SPECIMEN-105	EDTA Blood	FROZEN TISSUE	Stomach	Primary	ARCHIVAL	975
specimen	CTDC-SUBJECT-550851	CTDC-SPECIMEN-401243	CTDC-SPECIMEN-106	Unstained Bone Marrow Aspirate Slide	CEREBROSPINAL FLUID	Bone Marrow	Normal	PROGRESSION	773
specimen	CTDC-SUBJECT-249982	CTDC-SPECIMEN-642369	CTDC-SPECIMEN-107	Unstained Slide	FRESH TISSUE	Bronchus	Primary	ON TREATMENT	488
specimen	CTDC-SUBJECT-554104	CTDC-SPECIMEN-469280	CTDC-SPECIMEN-108	Formalin Fixed Tissue	FRESH TISSUE	Bronchus	Primary	ARCHIVAL	90
specimen	CTDC-SUBJECT-687307	CTDC-SPECIMEN-991463	CTDC-SPECIMEN-109	Snap Frozen Tissue	BUCCAL CELL SAMPLE	Kidney	Normal	ARCHIVAL	828
specimen	CTDC-SUBJECT-687307	CTDC-SPECIMEN-549563	CTDC-SPECIMEN-110	Formalin Bone Marrow Biopsy	FORMALIN FIXED TISSUE	Brain	Metastatic	BASELINE	969
specimen	CTDC-SUBJECT-265741	CTDC-SPECIMEN-380924	CTDC-SPECIMEN-111	FFPE Block	BLOOD	Duodenum	Metastatic	ARCHIVAL	258
specimen	CTDC-SUBJECT-463006	CTDC-SPECIMEN-614796	CTDC-SPECIMEN-112	Formalin Bone Marrow Biopsy	CEREBROSPINAL FLUID	Colon	Primary	ARCHIVAL	828
specimen	CTDC-SUBJECT-390783	CTDC-SPECIMEN-169201	CTDC-SPECIMEN-113	FFPE Block	FORMALIN FIXED PARAFFIN EMBEDDED TISSUE	Rectum	Normal	ARCHIVAL	574
specimen	CTDC-SUBJECT-180549	CTDC-SPECIMEN-105882	CTDC-SPECIMEN-114	Unstained Slide	BUCCAL CELL SAMPLE	Brain	Primary	BASELINE	398
specimen	CTDC-SUBJECT-995809	CTDC-SPECIMEN-964734	CTDC-SPECIMEN-115	Cell Block	URINE	Stomach	Normal	ARCHIVAL	783
specimen	CTDC-SUBJECT-386686	CTDC-SPECIMEN-556560	CTDC-SPECIMEN-116	Formalin Bone Marrow Biopsy	BONE MARROW	Prostate	Metastatic	ARCHIVAL	349
specimen	CTDC-SUBJECT-386686	CTDC-SPECIMEN-142238	CTDC-SPECIMEN-117	Cell Block	BUCCAL CELL SAMPLE	Liver	Normal	BASELINE	818
specimen	CTDC-SUBJECT-262510	CTDC-SPECIMEN-990164	CTDC-SPECIMEN-118	Formalin Fixed Tissue	BLOOD	Liver	Primary	PROGRESSION	343
specimen	CTDC-SUBJECT-262510	CTDC-SPECIMEN-631701	CTDC-SPECIMEN-119	Unstained Slide	FRESH TISSUE	Lung	Metastatic	BASELINE	346
specimen	CTDC-SUBJECT-262510	CTDC-SPECIMEN-284077	CTDC-SPECIMEN-120	Snap Frozen Tissue	OTHER BODILY FLUIDs	Epidermis	Primary	ARCHIVAL	103
specimen	CTDC-SUBJECT-622335	CTDC-SPECIMEN-315374	CTDC-SPECIMEN-121	Unstained Bone Marrow Aspirate Slide	STOOL	Rectum	Primary	ON TREATMENT	789
specimen	CTDC-SUBJECT-622335	CTDC-SPECIMEN-487685	CTDC-SPECIMEN-122	FFPE Block	CEREBROSPINAL FLUID	Liver	Metastatic	BASELINE	459
specimen	CTDC-SUBJECT-496827	CTDC-SPECIMEN-315526	CTDC-SPECIMEN-123	Cell Block	SALIVA	Duodenum	Metastatic	ON TREATMENT	481
specimen	CTDC-SUBJECT-946167	CTDC-SPECIMEN-498491	CTDC-SPECIMEN-124	Formalin Bone Marrow Biopsy	FORMALIN FIXED TISSUE	Prostate	Normal	ON TREATMENT	971
specimen	CTDC-SUBJECT-252950	CTDC-SPECIMEN-882149	CTDC-SPECIMEN-125	Bone Marrow Aspirate	STOOL	Bronchus	Metastatic	BASELINE	134
specimen	CTDC-SUBJECT-702420	CTDC-SPECIMEN-397291	CTDC-SPECIMEN-126	Formalin Fixed Tissue	FROZEN TISSUE	Pancreas	Normal	ON TREATMENT	617
specimen	CTDC-SUBJECT-743178	CTDC-SPECIMEN-400451	CTDC-SPECIMEN-127	Unstained Slide	FRESH TISSUE	Stomach	Primary	PROGRESSION	659
specimen	CTDC-SUBJECT-743178	CTDC-SPECIMEN-964352	CTDC-SPECIMEN-128	Formalin Bone Marrow Biopsy	SALIVA	Esophagus	Primary	ARCHIVAL	160
specimen	CTDC-SUBJECT-206266	CTDC-SPECIMEN-856383	CTDC-SPECIMEN-129	Cell Block	FRESH TISSUE	Bone Marrow	Normal	ARCHIVAL	446
specimen	CTDC-SUBJECT-206266	CTDC-SPECIMEN-494783	CTDC-SPECIMEN-130	Snap Frozen Tissue	FROZEN TISSUE	Colon	Metastatic	ON TREATMENT	476
specimen	CTDC-SUBJECT-161315	CTDC-SPECIMEN-737905	CTDC-SPECIMEN-131	Unstained Slide	FRESH TISSUE	Lymph Node	Normal	PROGRESSION	398
specimen	CTDC-SUBJECT-724275	CTDC-SPECIMEN-830359	CTDC-SPECIMEN-132	Bone Marrow Aspirate	OTHER BODILY FLUIDs	Lymph Node	Metastatic	ARCHIVAL	649
specimen	CTDC-SUBJECT-724275	CTDC-SPECIMEN-680119	CTDC-SPECIMEN-133	Formalin Bone Marrow Biopsy	BLOOD	Prostate	Normal	ON TREATMENT	111
specimen	CTDC-SUBJECT-417394	CTDC-SPECIMEN-374055	CTDC-SPECIMEN-134	Unstained Slide	FRESH TISSUE	Colon	Primary	ON TREATMENT	118
specimen	CTDC-SUBJECT-417394	CTDC-SPECIMEN-772565	CTDC-SPECIMEN-135	Unstained Slide	URINE	Epidermis	Metastatic	PROGRESSION	61
specimen	CTDC-SUBJECT-880446	CTDC-SPECIMEN-852804	CTDC-SPECIMEN-136	Formalin Bone Marrow Biopsy	FRESH TISSUE	Stomach	Primary	BASELINE	556
specimen	CTDC-SUBJECT-498683	CTDC-SPECIMEN-908779	CTDC-SPECIMEN-137	Unstained Bone Marrow Aspirate Slide	FORMALIN FIXED TISSUE	Rectum	Metastatic	PROGRESSION	85
specimen	CTDC-SUBJECT-498683	CTDC-SPECIMEN-841586	CTDC-SPECIMEN-138	Snap Frozen Tissue	FROZEN TISSUE	Pancreas	Primary	BASELINE	324
specimen	CTDC-SUBJECT-379968	CTDC-SPECIMEN-787533	CTDC-SPECIMEN-139	Bone Marrow Aspirate	FORMALIN FIXED TISSUE	Liver	Metastatic	ARCHIVAL	312
specimen	CTDC-SUBJECT-379968	CTDC-SPECIMEN-730306	CTDC-SPECIMEN-140	FFPE Block	BUCCAL CELL SAMPLE	Esophagus	Metastatic	ARCHIVAL	721
specimen	CTDC-SUBJECT-379968	CTDC-SPECIMEN-165962	CTDC-SPECIMEN-141	Stained Bone Marrow Aspirate Slide	BLOOD	Colon	Metastatic	ON TREATMENT	426
specimen	CTDC-SUBJECT-408313	CTDC-SPECIMEN-807739	CTDC-SPECIMEN-142	Unstained Bone Marrow Aspirate Slide	BLOOD	Prostate	Normal	PROGRESSION	179
specimen	CTDC-SUBJECT-408313	CTDC-SPECIMEN-365755	CTDC-SPECIMEN-143	FFPE Block	FORMALIN FIXED TISSUE	Prostate	Metastatic	ON TREATMENT	564
specimen	CTDC-SUBJECT-408313	CTDC-SPECIMEN-350627	CTDC-SPECIMEN-144	Streck Blood	BLOOD	Lung	Metastatic	ON TREATMENT	778
specimen	CTDC-SUBJECT-408313	CTDC-SPECIMEN-647371	CTDC-SPECIMEN-145	Formalin Bone Marrow Biopsy	BONE MARROW	Esophagus	Primary	BASELINE	474
specimen	CTDC-SUBJECT-408313	CTDC-SPECIMEN-202493	CTDC-SPECIMEN-146	Snap Frozen Tissue	OTHER BODILY FLUIDs	Lung	Primary	PROGRESSION	901
specimen	CTDC-SUBJECT-408313	CTDC-SPECIMEN-621610	CTDC-SPECIMEN-147	Unstained Bone Marrow Aspirate Slide	FRESH TISSUE	Liver	Normal	PROGRESSION	341
specimen	CTDC-SUBJECT-408313	CTDC-SPECIMEN-152131	CTDC-SPECIMEN-148	FFPE Block	FROZEN TISSUE	Brain	Metastatic	ON TREATMENT	222
specimen	CTDC-SUBJECT-408313	CTDC-SPECIMEN-616929	CTDC-SPECIMEN-149	Bone Marrow Aspirate	CEREBROSPINAL FLUID	Rectum	Primary	PROGRESSION	72
specimen	CTDC-SUBJECT-408313	CTDC-SPECIMEN-367151	CTDC-SPECIMEN-150	Unstained Bone Marrow Aspirate Slide	BUCCAL CELL SAMPLE	Bone Marrow	Metastatic	PROGRESSION	221
specimen	CTDC-SUBJECT-408313	CTDC-SPECIMEN-931760	CTDC-SPECIMEN-151	FFPE Block	CEREBROSPINAL FLUID	Liver	Metastatic	BASELINE	446
specimen	CTDC-SUBJECT-839702	CTDC-SPECIMEN-514830	CTDC-SPECIMEN-152	Bone Marrow Aspirate	BUCCAL CELL SAMPLE	Lung	Metastatic	ARCHIVAL	183
specimen	CTDC-SUBJECT-202893	CTDC-SPECIMEN-610089	CTDC-SPECIMEN-153	Formalin Bone Marrow Biopsy	FROZEN TISSUE	Esophagus	Metastatic	ON TREATMENT	933
specimen	CTDC-SUBJECT-681212	CTDC-SPECIMEN-940516	CTDC-SPECIMEN-154	Formalin Bone Marrow Biopsy	BLOOD	Esophagus	Metastatic	BASELINE	424
specimen	CTDC-SUBJECT-681212	CTDC-SPECIMEN-328558	CTDC-SPECIMEN-155	Unstained Slide	SALIVA	Bone Marrow	Normal	PROGRESSION	226
specimen	CTDC-SUBJECT-681212	CTDC-SPECIMEN-921467	CTDC-SPECIMEN-156	Unstained Slide	BUCCAL CELL SAMPLE	Lymph Node	Metastatic	ON TREATMENT	366
specimen	CTDC-SUBJECT-221942	CTDC-SPECIMEN-436902	CTDC-SPECIMEN-157	Bone Marrow Aspirate	STOOL	Colon	Primary	ON TREATMENT	873
specimen	CTDC-SUBJECT-646347	CTDC-SPECIMEN-959281	CTDC-SPECIMEN-158	EDTA Blood	BUCCAL CELL SAMPLE	Duodenum	Metastatic	ON TREATMENT	314
specimen	CTDC-SUBJECT-646347	CTDC-SPECIMEN-810048	CTDC-SPECIMEN-159	Cell Block	FORMALIN FIXED PARAFFIN EMBEDDED TISSUE	Lymph Node	Primary	ON TREATMENT	947
specimen	CTDC-SUBJECT-301806	CTDC-SPECIMEN-267352	CTDC-SPECIMEN-160	Snap Frozen Tissue	SALIVA	Rectum	Metastatic	PROGRESSION	818
specimen	CTDC-SUBJECT-301806	CTDC-SPECIMEN-133056	CTDC-SPECIMEN-161	Unstained Slide	FORMALIN FIXED TISSUE	Duodenum	Normal	ARCHIVAL	271
specimen	CTDC-SUBJECT-301806	CTDC-SPECIMEN-388849	CTDC-SPECIMEN-162	Bone Marrow Aspirate	FROZEN TISSUE	Rectum	Normal	PROGRESSION	690
specimen	CTDC-SUBJECT-301806	CTDC-SPECIMEN-146851	CTDC-SPECIMEN-163	Cell Block	OTHER BODILY FLUIDs	Colon	Normal	ARCHIVAL	66
specimen	CTDC-SUBJECT-159850	CTDC-SPECIMEN-532838	CTDC-SPECIMEN-164	Stained Bone Marrow Aspirate Slide	BUCCAL CELL SAMPLE	Bone Marrow	Metastatic	BASELINE	12
specimen	CTDC-SUBJECT-159850	CTDC-SPECIMEN-750214	CTDC-SPECIMEN-165	FFPE Block	STOOL	Bronchus	Primary	PROGRESSION	330
specimen	CTDC-SUBJECT-159850	CTDC-SPECIMEN-660617	CTDC-SPECIMEN-166	Formalin Bone Marrow Biopsy	STOOL	Epidermis	Metastatic	ON TREATMENT	625
specimen	CTDC-SUBJECT-159850	CTDC-SPECIMEN-121897	CTDC-SPECIMEN-167	Bone Marrow Aspirate	BUCCAL CELL SAMPLE	Prostate	Primary	ON TREATMENT	13
specimen	CTDC-SUBJECT-159850	CTDC-SPECIMEN-574384	CTDC-SPECIMEN-168	Formalin Fixed Tissue	BUCCAL CELL SAMPLE	Epidermis	Metastatic	PROGRESSION	543
specimen	CTDC-SUBJECT-159850	CTDC-SPECIMEN-559834	CTDC-SPECIMEN-169	Snap Frozen Tissue	BUCCAL CELL SAMPLE	Lung	Metastatic	PROGRESSION	353
specimen	CTDC-SUBJECT-447893	CTDC-SPECIMEN-467136	CTDC-SPECIMEN-170	Unstained Slide	BUCCAL CELL SAMPLE	Brain	Metastatic	ON TREATMENT	287
specimen	CTDC-SUBJECT-105359	CTDC-SPECIMEN-888949	CTDC-SPECIMEN-171	FFPE Block	OTHER BODILY FLUIDs	Lung	Normal	PROGRESSION	329
specimen	CTDC-SUBJECT-323772	CTDC-SPECIMEN-224804	CTDC-SPECIMEN-172	Bone Marrow Aspirate	STOOL	Bronchus	Normal	PROGRESSION	310
specimen	CTDC-SUBJECT-668537	CTDC-SPECIMEN-402735	CTDC-SPECIMEN-173	EDTA Blood	FRESH TISSUE	Bronchus	Primary	PROGRESSION	735
specimen	CTDC-SUBJECT-389624	CTDC-SPECIMEN-565711	CTDC-SPECIMEN-174	Snap Frozen Tissue	SALIVA	Kidney	Primary	ARCHIVAL	570
specimen	CTDC-SUBJECT-389624	CTDC-SPECIMEN-118065	CTDC-SPECIMEN-175	Unstained Slide	FROZEN TISSUE	Bronchus	Metastatic	ON TREATMENT	270
specimen	CTDC-SUBJECT-389624	CTDC-SPECIMEN-764573	CTDC-SPECIMEN-176	Bone Marrow Aspirate	FROZEN TISSUE	Liver	Primary	BASELINE	764
specimen	CTDC-SUBJECT-211748	CTDC-SPECIMEN-885773	CTDC-SPECIMEN-177	Unstained Bone Marrow Aspirate Slide	FORMALIN FIXED TISSUE	Brain	Normal	BASELINE	832
specimen	CTDC-SUBJECT-821817	CTDC-SPECIMEN-747938	CTDC-SPECIMEN-178	Formalin Fixed Tissue	OTHER BODILY FLUIDs	Stomach	Normal	ON TREATMENT	10
specimen	CTDC-SUBJECT-821817	CTDC-SPECIMEN-515725	CTDC-SPECIMEN-179	Bone Marrow Aspirate	BONE MARROW	Kidney	Primary	BASELINE	334
specimen	CTDC-SUBJECT-959503	CTDC-SPECIMEN-246886	CTDC-SPECIMEN-180	Snap Frozen Tissue	SALIVA	Esophagus	Normal	ON TREATMENT	224
specimen	CTDC-SUBJECT-476464	CTDC-SPECIMEN-757348	CTDC-SPECIMEN-181	Stained Bone Marrow Aspirate Slide	CEREBROSPINAL FLUID	Esophagus	Primary	ON TREATMENT	462
specimen	CTDC-SUBJECT-648259	CTDC-SPECIMEN-723890	CTDC-SPECIMEN-182	Snap Frozen Tissue	FROZEN TISSUE	Duodenum	Primary	ON TREATMENT	717
specimen	CTDC-SUBJECT-648259	CTDC-SPECIMEN-558160	CTDC-SPECIMEN-183	Formalin Bone Marrow Biopsy	BLOOD	Liver	Metastatic	ON TREATMENT	851
specimen	CTDC-SUBJECT-648259	CTDC-SPECIMEN-298558	CTDC-SPECIMEN-184	EDTA Blood	FROZEN TISSUE	Rectum	Metastatic	PROGRESSION	420
specimen	CTDC-SUBJECT-648259	CTDC-SPECIMEN-713037	CTDC-SPECIMEN-185	FFPE Block	FORMALIN FIXED PARAFFIN EMBEDDED TISSUE	Prostate	Primary	PROGRESSION	812
specimen	CTDC-SUBJECT-894501	CTDC-SPECIMEN-890911	CTDC-SPECIMEN-186	EDTA Blood	OTHER BODILY FLUIDs	Lymph Node	Normal	ARCHIVAL	764
specimen	CTDC-SUBJECT-894501	CTDC-SPECIMEN-208873	CTDC-SPECIMEN-187	Bone Marrow Aspirate	SALIVA	Colon	Metastatic	ARCHIVAL	582
specimen	CTDC-SUBJECT-115563	CTDC-SPECIMEN-269328	CTDC-SPECIMEN-188	Stained Bone Marrow Aspirate Slide	STOOL	Duodenum	Metastatic	PROGRESSION	864
specimen	CTDC-SUBJECT-433750	CTDC-SPECIMEN-674137	CTDC-SPECIMEN-189	Stained Bone Marrow Aspirate Slide	STOOL	Lymph Node	Primary	ARCHIVAL	948
specimen	CTDC-SUBJECT-433750	CTDC-SPECIMEN-396389	CTDC-SPECIMEN-190	Formalin Fixed Tissue	FORMALIN FIXED PARAFFIN EMBEDDED TISSUE	Bronchus	Normal	BASELINE	610
specimen	CTDC-SUBJECT-433750	CTDC-SPECIMEN-692812	CTDC-SPECIMEN-191	Unstained Slide	URINE	Colon	Normal	ON TREATMENT	820
specimen	CTDC-SUBJECT-144313	CTDC-SPECIMEN-722593	CTDC-SPECIMEN-192	Cell Block	BONE MARROW	Stomach	Metastatic	PROGRESSION	611
specimen	CTDC-SUBJECT-144313	CTDC-SPECIMEN-106800	CTDC-SPECIMEN-193	Formalin Fixed Tissue	FORMALIN FIXED PARAFFIN EMBEDDED TISSUE	Prostate	Metastatic	ARCHIVAL	187
specimen	CTDC-SUBJECT-593393	CTDC-SPECIMEN-280629	CTDC-SPECIMEN-194	Bone Marrow Aspirate	SALIVA	Kidney	Normal	ARCHIVAL	352
specimen	CTDC-SUBJECT-436957	CTDC-SPECIMEN-891630	CTDC-SPECIMEN-195	Streck Blood	SALIVA	Rectum	Metastatic	PROGRESSION	187
specimen	CTDC-SUBJECT-436957	CTDC-SPECIMEN-301933	CTDC-SPECIMEN-196	Streck Blood	CEREBROSPINAL FLUID	Liver	Metastatic	ARCHIVAL	438
specimen	CTDC-SUBJECT-436957	CTDC-SPECIMEN-538769	CTDC-SPECIMEN-197	Stained Bone Marrow Aspirate Slide	BONE MARROW	Brain	Normal	PROGRESSION	136
specimen	CTDC-SUBJECT-436957	CTDC-SPECIMEN-480291	CTDC-SPECIMEN-198	EDTA Blood	BUCCAL CELL SAMPLE	Brain	Normal	ARCHIVAL	594
specimen	CTDC-SUBJECT-116372	CTDC-SPECIMEN-325873	CTDC-SPECIMEN-199	Formalin Fixed Tissue	BONE MARROW	Pancreas	Normal	PROGRESSION	142
specimen	CTDC-SUBJECT-719750	CTDC-SPECIMEN-436764	CTDC-SPECIMEN-200	Unstained Bone Marrow Aspirate Slide	FORMALIN FIXED TISSUE	Stomach	Metastatic	ARCHIVAL	639
specimen	CTDC-SUBJECT-719750	CTDC-SPECIMEN-734920	CTDC-SPECIMEN-201	Stained Bone Marrow Aspirate Slide	OTHER BODILY FLUIDs	Epidermis	Primary	BASELINE	845
specimen	CTDC-SUBJECT-719750	CTDC-SPECIMEN-123186	CTDC-SPECIMEN-202	EDTA Blood	CEREBROSPINAL FLUID	Lung	Metastatic	ARCHIVAL	80
specimen	CTDC-SUBJECT-489761	CTDC-SPECIMEN-165300	CTDC-SPECIMEN-203	Unstained Bone Marrow Aspirate Slide	BUCCAL CELL SAMPLE	Stomach	Metastatic	BASELINE	184
specimen	CTDC-SUBJECT-489761	CTDC-SPECIMEN-927786	CTDC-SPECIMEN-204	EDTA Blood	CEREBROSPINAL FLUID	Lung	Metastatic	ON TREATMENT	481
specimen	CTDC-SUBJECT-489761	CTDC-SPECIMEN-959376	CTDC-SPECIMEN-205	Bone Marrow Aspirate	BONE MARROW	Esophagus	Primary	BASELINE	383
specimen	CTDC-SUBJECT-489761	CTDC-SPECIMEN-156143	CTDC-SPECIMEN-206	Formalin Bone Marrow Biopsy	FROZEN TISSUE	Bone Marrow	Primary	PROGRESSION	984
specimen	CTDC-SUBJECT-489761	CTDC-SPECIMEN-295169	CTDC-SPECIMEN-207	Formalin Bone Marrow Biopsy	OTHER BODILY FLUIDs	Esophagus	Metastatic	ARCHIVAL	756
specimen	CTDC-SUBJECT-189635	CTDC-SPECIMEN-455937	CTDC-SPECIMEN-208	EDTA Blood	BUCCAL CELL SAMPLE	Lung	Primary	ON TREATMENT	385
specimen	CTDC-SUBJECT-980511	CTDC-SPECIMEN-951749	CTDC-SPECIMEN-209	Stained Bone Marrow Aspirate Slide	SALIVA	Rectum	Normal	ON TREATMENT	27
specimen	CTDC-SUBJECT-980511	CTDC-SPECIMEN-898676	CTDC-SPECIMEN-210	Stained Bone Marrow Aspirate Slide	STOOL	Colon	Primary	ARCHIVAL	516
specimen	CTDC-SUBJECT-980511	CTDC-SPECIMEN-284169	CTDC-SPECIMEN-211	Unstained Bone Marrow Aspirate Slide	OTHER BODILY FLUIDs	Lung	Primary	ARCHIVAL	661
specimen	CTDC-SUBJECT-922456	CTDC-SPECIMEN-116353	CTDC-SPECIMEN-212	Unstained Bone Marrow Aspirate Slide	FROZEN TISSUE	Lymph Node	Metastatic	ON TREATMENT	628
specimen	CTDC-SUBJECT-922456	CTDC-SPECIMEN-295482	CTDC-SPECIMEN-213	EDTA Blood	FORMALIN FIXED TISSUE	Stomach	Metastatic	ON TREATMENT	200
specimen	CTDC-SUBJECT-922456	CTDC-SPECIMEN-241526	CTDC-SPECIMEN-214	Stained Bone Marrow Aspirate Slide	FORMALIN FIXED TISSUE	Lymph Node	Normal	ARCHIVAL	111
specimen	CTDC-SUBJECT-922456	CTDC-SPECIMEN-869137	CTDC-SPECIMEN-215	Streck Blood	BUCCAL CELL SAMPLE	Pancreas	Primary	BASELINE	717
specimen	CTDC-SUBJECT-969430	CTDC-SPECIMEN-790575	CTDC-SPECIMEN-216	Bone Marrow Aspirate	FROZEN TISSUE	Epidermis	Normal	PROGRESSION	278
specimen	CTDC-SUBJECT-924034	CTDC-SPECIMEN-444445	CTDC-SPECIMEN-217	Cell Block	BLOOD	Lung	Normal	ON TREATMENT	880
specimen	CTDC-SUBJECT-741080	CTDC-SPECIMEN-634813	CTDC-SPECIMEN-218	Formalin Bone Marrow Biopsy	FORMALIN FIXED PARAFFIN EMBEDDED TISSUE	Kidney	Primary	PROGRESSION	338
specimen	CTDC-SUBJECT-741080	CTDC-SPECIMEN-635314	CTDC-SPECIMEN-219	Cell Block	BLOOD	Kidney	Metastatic	BASELINE	898
specimen	CTDC-SUBJECT-741080	CTDC-SPECIMEN-759302	CTDC-SPECIMEN-220	FFPE Block	STOOL	Esophagus	Metastatic	BASELINE	265
specimen	CTDC-SUBJECT-221047	CTDC-SPECIMEN-805078	CTDC-SPECIMEN-221	Cell Block	STOOL	Rectum	Normal	ON TREATMENT	799
specimen	CTDC-SUBJECT-480486	CTDC-SPECIMEN-880063	CTDC-SPECIMEN-222	Snap Frozen Tissue	FORMALIN FIXED PARAFFIN EMBEDDED TISSUE	Rectum	Metastatic	ARCHIVAL	140
specimen	CTDC-SUBJECT-480486	CTDC-SPECIMEN-148964	CTDC-SPECIMEN-223	Bone Marrow Aspirate	FORMALIN FIXED TISSUE	Brain	Metastatic	BASELINE	312
specimen	CTDC-SUBJECT-480486	CTDC-SPECIMEN-422941	CTDC-SPECIMEN-224	Streck Blood	FORMALIN FIXED TISSUE	Rectum	Normal	PROGRESSION	690
specimen	CTDC-SUBJECT-480486	CTDC-SPECIMEN-942721	CTDC-SPECIMEN-225	Formalin Fixed Tissue	BLOOD	Bone Marrow	Primary	BASELINE	267
specimen	CTDC-SUBJECT-480486	CTDC-SPECIMEN-568800	CTDC-SPECIMEN-226	Unstained Bone Marrow Aspirate Slide	URINE	Esophagus	Metastatic	ARCHIVAL	708
specimen	CTDC-SUBJECT-480486	CTDC-SPECIMEN-335961	CTDC-SPECIMEN-227	Streck Blood	CEREBROSPINAL FLUID	Stomach	Metastatic	ON TREATMENT	924
specimen	CTDC-SUBJECT-480486	CTDC-SPECIMEN-671721	CTDC-SPECIMEN-228	Unstained Bone Marrow Aspirate Slide	STOOL	Liver	Metastatic	ARCHIVAL	338
specimen	CTDC-SUBJECT-480486	CTDC-SPECIMEN-932734	CTDC-SPECIMEN-229	Unstained Slide	FORMALIN FIXED PARAFFIN EMBEDDED TISSUE	Brain	Metastatic	ON TREATMENT	309
specimen	CTDC-SUBJECT-480486	CTDC-SPECIMEN-192420	CTDC-SPECIMEN-230	FFPE Block	BLOOD	Esophagus	Normal	ARCHIVAL	783
specimen	CTDC-SUBJECT-480486	CTDC-SPECIMEN-970637	CTDC-SPECIMEN-231	Unstained Slide	FRESH TISSUE	Lung	Metastatic	ARCHIVAL	318
specimen	CTDC-SUBJECT-480486	CTDC-SPECIMEN-854077	CTDC-SPECIMEN-232	FFPE Block	FORMALIN FIXED TISSUE	Colon	Primary	ON TREATMENT	691
specimen	CTDC-SUBJECT-247208	CTDC-SPECIMEN-517827	CTDC-SPECIMEN-233	Cell Block	SALIVA	Prostate	Primary	ARCHIVAL	652
specimen	CTDC-SUBJECT-247208	CTDC-SPECIMEN-983544	CTDC-SPECIMEN-234	Unstained Slide	FRESH TISSUE	Bone Marrow	Primary	BASELINE	876
specimen	CTDC-SUBJECT-390087	CTDC-SPECIMEN-470823	CTDC-SPECIMEN-235	Streck Blood	STOOL	Colon	Normal	BASELINE	121
specimen	CTDC-SUBJECT-390087	CTDC-SPECIMEN-423593	CTDC-SPECIMEN-236	Streck Blood	SALIVA	Bone Marrow	Metastatic	PROGRESSION	311
specimen	CTDC-SUBJECT-316498	CTDC-SPECIMEN-376282	CTDC-SPECIMEN-237	FFPE Block	FROZEN TISSUE	Pancreas	Metastatic	ON TREATMENT	139
specimen	CTDC-SUBJECT-144844	CTDC-SPECIMEN-286341	CTDC-SPECIMEN-238	Bone Marrow Aspirate	OTHER BODILY FLUIDs	Rectum	Metastatic	PROGRESSION	12
specimen	CTDC-SUBJECT-144844	CTDC-SPECIMEN-952346	CTDC-SPECIMEN-239	Unstained Slide	STOOL	Bronchus	Normal	BASELINE	325
specimen	CTDC-SUBJECT-956257	CTDC-SPECIMEN-695900	CTDC-SPECIMEN-240	Formalin Bone Marrow Biopsy	BUCCAL CELL SAMPLE	Liver	Metastatic	PROGRESSION	989
specimen	CTDC-SUBJECT-956257	CTDC-SPECIMEN-847545	CTDC-SPECIMEN-241	Bone Marrow Aspirate	URINE	Lung	Normal	PROGRESSION	498
specimen	CTDC-SUBJECT-880100	CTDC-SPECIMEN-434308	CTDC-SPECIMEN-242	Unstained Bone Marrow Aspirate Slide	FROZEN TISSUE	Lymph Node	Normal	ON TREATMENT	839
specimen	CTDC-SUBJECT-880100	CTDC-SPECIMEN-999775	CTDC-SPECIMEN-243	Formalin Fixed Tissue	FORMALIN FIXED TISSUE	Bronchus	Normal	ON TREATMENT	469
specimen	CTDC-SUBJECT-880100	CTDC-SPECIMEN-624080	CTDC-SPECIMEN-244	Unstained Slide	BONE MARROW	Pancreas	Primary	PROGRESSION	951
specimen	CTDC-SUBJECT-241144	CTDC-SPECIMEN-532984	CTDC-SPECIMEN-245	Snap Frozen Tissue	BUCCAL CELL SAMPLE	Esophagus	Metastatic	BASELINE	957
specimen	CTDC-SUBJECT-241144	CTDC-SPECIMEN-724705	CTDC-SPECIMEN-246	Snap Frozen Tissue	URINE	Bone Marrow	Primary	PROGRESSION	946
specimen	CTDC-SUBJECT-241144	CTDC-SPECIMEN-793016	CTDC-SPECIMEN-247	Unstained Slide	OTHER BODILY FLUIDs	Prostate	Normal	ON TREATMENT	754
specimen	CTDC-SUBJECT-649082	CTDC-SPECIMEN-623058	CTDC-SPECIMEN-248	Streck Blood	CEREBROSPINAL FLUID	Colon	Normal	ON TREATMENT	24
specimen	CTDC-SUBJECT-818301	CTDC-SPECIMEN-519570	CTDC-SPECIMEN-249	Formalin Bone Marrow Biopsy	FORMALIN FIXED TISSUE	Duodenum	Primary	PROGRESSION	43
specimen	CTDC-SUBJECT-348141	CTDC-SPECIMEN-912074	CTDC-SPECIMEN-250	Stained Bone Marrow Aspirate Slide	CEREBROSPINAL FLUID	Prostate	Normal	ARCHIVAL	730
specimen	CTDC-SUBJECT-123051	CTDC-SPECIMEN-755811	CTDC-SPECIMEN-251	Bone Marrow Aspirate	BLOOD	Lymph Node	Primary	ON TREATMENT	703
specimen	CTDC-SUBJECT-926826	CTDC-SPECIMEN-697830	CTDC-SPECIMEN-252	FFPE Block	URINE	Liver	Metastatic	ARCHIVAL	324
specimen	CTDC-SUBJECT-926826	CTDC-SPECIMEN-785853	CTDC-SPECIMEN-253	Cell Block	BLOOD	Colon	Primary	BASELINE	433
specimen	CTDC-SUBJECT-580164	CTDC-SPECIMEN-321437	CTDC-SPECIMEN-254	Cell Block	STOOL	Colon	Primary	PROGRESSION	576
specimen	CTDC-SUBJECT-580164	CTDC-SPECIMEN-774377	CTDC-SPECIMEN-255	Unstained Bone Marrow Aspirate Slide	SALIVA	Liver	Primary	ON TREATMENT	106
specimen	CTDC-SUBJECT-848158	CTDC-SPECIMEN-261768	CTDC-SPECIMEN-256	EDTA Blood	FRESH TISSUE	Pancreas	Metastatic	ARCHIVAL	742
specimen	CTDC-SUBJECT-362134	CTDC-SPECIMEN-455736	CTDC-SPECIMEN-257	Unstained Slide	FRESH TISSUE	Colon	Normal	ARCHIVAL	548
specimen	CTDC-SUBJECT-362134	CTDC-SPECIMEN-693725	CTDC-SPECIMEN-258	Unstained Bone Marrow Aspirate Slide	FORMALIN FIXED TISSUE	Lung	Normal	BASELINE	910
specimen	CTDC-SUBJECT-406843	CTDC-SPECIMEN-780066	CTDC-SPECIMEN-259	Formalin Fixed Tissue	URINE	Prostate	Primary	BASELINE	156
specimen	CTDC-SUBJECT-406843	CTDC-SPECIMEN-799656	CTDC-SPECIMEN-260	Bone Marrow Aspirate	FROZEN TISSUE	Lung	Normal	ARCHIVAL	989
specimen	CTDC-SUBJECT-107225	CTDC-SPECIMEN-267168	CTDC-SPECIMEN-261	Cell Block	FORMALIN FIXED TISSUE	Lymph Node	Metastatic	BASELINE	656
specimen	CTDC-SUBJECT-107225	CTDC-SPECIMEN-307908	CTDC-SPECIMEN-262	EDTA Blood	OTHER BODILY FLUIDs	Colon	Normal	PROGRESSION	352
specimen	CTDC-SUBJECT-107225	CTDC-SPECIMEN-748748	CTDC-SPECIMEN-263	Unstained Slide	OTHER BODILY FLUIDs	Pancreas	Normal	ON TREATMENT	659
specimen	CTDC-SUBJECT-453504	CTDC-SPECIMEN-883418	CTDC-SPECIMEN-264	Formalin Bone Marrow Biopsy	FORMALIN FIXED PARAFFIN EMBEDDED TISSUE	Colon	Metastatic	ARCHIVAL	485
specimen	CTDC-SUBJECT-453504	CTDC-SPECIMEN-131860	CTDC-SPECIMEN-265	Snap Frozen Tissue	FRESH TISSUE	Rectum	Metastatic	BASELINE	153
specimen	CTDC-SUBJECT-453504	CTDC-SPECIMEN-561378	CTDC-SPECIMEN-266	Unstained Bone Marrow Aspirate Slide	FRESH TISSUE	Kidney	Normal	ON TREATMENT	102
specimen	CTDC-SUBJECT-453504	CTDC-SPECIMEN-433979	CTDC-SPECIMEN-267	Stained Bone Marrow Aspirate Slide	BONE MARROW	Kidney	Normal	PROGRESSION	593
specimen	CTDC-SUBJECT-453504	CTDC-SPECIMEN-379982	CTDC-SPECIMEN-268	Cell Block	SALIVA	Kidney	Metastatic	BASELINE	529
specimen	CTDC-SUBJECT-375632	CTDC-SPECIMEN-593894	CTDC-SPECIMEN-269	FFPE Block	STOOL	Esophagus	Normal	PROGRESSION	306
specimen	CTDC-SUBJECT-375632	CTDC-SPECIMEN-725022	CTDC-SPECIMEN-270	Streck Blood	CEREBROSPINAL FLUID	Bone Marrow	Normal	PROGRESSION	537
specimen	CTDC-SUBJECT-375632	CTDC-SPECIMEN-982917	CTDC-SPECIMEN-271	Unstained Bone Marrow Aspirate Slide	FRESH TISSUE	Bone Marrow	Normal	PROGRESSION	76
specimen	CTDC-SUBJECT-484915	CTDC-SPECIMEN-903216	CTDC-SPECIMEN-272	EDTA Blood	BLOOD	Colon	Primary	PROGRESSION	570
specimen	CTDC-SUBJECT-484915	CTDC-SPECIMEN-453697	CTDC-SPECIMEN-273	Formalin Fixed Tissue	FROZEN TISSUE	Bone Marrow	Metastatic	BASELINE	19
specimen	CTDC-SUBJECT-484915	CTDC-SPECIMEN-746843	CTDC-SPECIMEN-274	Cell Block	BUCCAL CELL SAMPLE	Lymph Node	Normal	ON TREATMENT	329
specimen	CTDC-SUBJECT-484915	CTDC-SPECIMEN-615706	CTDC-SPECIMEN-275	Formalin Bone Marrow Biopsy	FORMALIN FIXED PARAFFIN EMBEDDED TISSUE	Bone Marrow	Metastatic	BASELINE	226
specimen	CTDC-SUBJECT-484915	CTDC-SPECIMEN-879550	CTDC-SPECIMEN-276	Bone Marrow Aspirate	FRESH TISSUE	Rectum	Primary	BASELINE	770
specimen	CTDC-SUBJECT-484915	CTDC-SPECIMEN-490545	CTDC-SPECIMEN-277	Formalin Fixed Tissue	URINE	Colon	Primary	ON TREATMENT	170
specimen	CTDC-SUBJECT-196654	CTDC-SPECIMEN-128168	CTDC-SPECIMEN-278	EDTA Blood	OTHER BODILY FLUIDs	Lung	Normal	ARCHIVAL	182
specimen	CTDC-SUBJECT-196654	CTDC-SPECIMEN-698356	CTDC-SPECIMEN-279	Stained Bone Marrow Aspirate Slide	FORMALIN FIXED PARAFFIN EMBEDDED TISSUE	Esophagus	Primary	ARCHIVAL	348
specimen	CTDC-SUBJECT-196654	CTDC-SPECIMEN-852514	CTDC-SPECIMEN-280	Formalin Fixed Tissue	STOOL	Prostate	Primary	ON TREATMENT	276
specimen	CTDC-SUBJECT-947001	CTDC-SPECIMEN-256776	CTDC-SPECIMEN-281	Cell Block	CEREBROSPINAL FLUID	Lung	Normal	ON TREATMENT	321
specimen	CTDC-SUBJECT-811589	CTDC-SPECIMEN-668396	CTDC-SPECIMEN-282	Formalin Fixed Tissue	FORMALIN FIXED PARAFFIN EMBEDDED TISSUE	Liver	Metastatic	ON TREATMENT	977
specimen	CTDC-SUBJECT-811589	CTDC-SPECIMEN-440360	CTDC-SPECIMEN-283	EDTA Blood	FRESH TISSUE	Kidney	Metastatic	BASELINE	499
specimen	CTDC-SUBJECT-169598	CTDC-SPECIMEN-774309	CTDC-SPECIMEN-284	Formalin Bone Marrow Biopsy	SALIVA	Bronchus	Primary	ON TREATMENT	455
specimen	CTDC-SUBJECT-346190	CTDC-SPECIMEN-953325	CTDC-SPECIMEN-285	Cell Block	URINE	Bronchus	Normal	PROGRESSION	726
specimen	CTDC-SUBJECT-589930	CTDC-SPECIMEN-580298	CTDC-SPECIMEN-286	Formalin Bone Marrow Biopsy	FROZEN TISSUE	Esophagus	Normal	ON TREATMENT	288
specimen	CTDC-SUBJECT-589930	CTDC-SPECIMEN-650170	CTDC-SPECIMEN-287	Formalin Fixed Tissue	FORMALIN FIXED TISSUE	Lung	Primary	ARCHIVAL	126
specimen	CTDC-SUBJECT-589930	CTDC-SPECIMEN-299550	CTDC-SPECIMEN-288	EDTA Blood	SALIVA	Rectum	Normal	ON TREATMENT	878
specimen	CTDC-SUBJECT-589930	CTDC-SPECIMEN-513563	CTDC-SPECIMEN-289	Snap Frozen Tissue	FORMALIN FIXED TISSUE	Colon	Primary	ON TREATMENT	753
specimen	CTDC-SUBJECT-341676	CTDC-SPECIMEN-616156	CTDC-SPECIMEN-290	Cell Block	SALIVA	Esophagus	Normal	ARCHIVAL	697
specimen	CTDC-SUBJECT-147802	CTDC-SPECIMEN-418896	CTDC-SPECIMEN-291	Cell Block	STOOL	Lung	Normal	ON TREATMENT	723
specimen	CTDC-SUBJECT-588312	CTDC-SPECIMEN-554219	CTDC-SPECIMEN-292	Snap Frozen Tissue	FORMALIN FIXED TISSUE	Liver	Metastatic	BASELINE	436
specimen	CTDC-SUBJECT-588312	CTDC-SPECIMEN-612064	CTDC-SPECIMEN-293	Stained Bone Marrow Aspirate Slide	CEREBROSPINAL FLUID	Lymph Node	Primary	ARCHIVAL	913
specimen	CTDC-SUBJECT-718208	CTDC-SPECIMEN-785598	CTDC-SPECIMEN-294	Formalin Fixed Tissue	FORMALIN FIXED PARAFFIN EMBEDDED TISSUE	Lymph Node	Metastatic	ON TREATMENT	554
specimen	CTDC-SUBJECT-718208	CTDC-SPECIMEN-743044	CTDC-SPECIMEN-295	EDTA Blood	URINE	Stomach	Primary	PROGRESSION	954
specimen	CTDC-SUBJECT-718208	CTDC-SPECIMEN-462489	CTDC-SPECIMEN-296	Unstained Slide	BONE MARROW	Esophagus	Normal	BASELINE	239
specimen	CTDC-SUBJECT-718208	CTDC-SPECIMEN-657782	CTDC-SPECIMEN-297	Unstained Slide	STOOL	Lung	Metastatic	BASELINE	411
specimen	CTDC-SUBJECT-718208	CTDC-SPECIMEN-896747	CTDC-SPECIMEN-298	Unstained Slide	STOOL	Prostate	Normal	ARCHIVAL	651
specimen	CTDC-SUBJECT-718208	CTDC-SPECIMEN-328484	CTDC-SPECIMEN-299	Unstained Slide	FRESH TISSUE	Kidney	Normal	BASELINE	123
specimen	CTDC-SUBJECT-581720	CTDC-SPECIMEN-312956	CTDC-SPECIMEN-300	Bone Marrow Aspirate	FORMALIN FIXED TISSUE	Bronchus	Primary	PROGRESSION	399
