type	participant.participant_id	demographic_record_id	age_at_enrollment	race	ethnicity	sex	height	weight	body_surface_area	occupation	income	highest_level_of_education	ncbi_taxonomy_id	ncbi_taxonomy_name
demographic	CTDC-SUBJECT-343157	CTDC-DEMOGRAPHIC-880012	68	American Indian or Alaska Native	Unknown	Intersex	606.78	306.97	489.84	Legal	191486	High school graduate (including equivalency)	460	Homo sapien
demographic	CTDC-SUBJECT-456210	CTDC-DEMOGRAPHIC-556857	36	Native Hawaiian or other Pacific Islander	Not Hispanic or Latino	Male	539.87	559.8	501.14	Marketing	242481	Bachelor's degree	112	Homo sapien
demographic	CTDC-SUBJECT-408391	CTDC-DEMOGRAPHIC-170086	52	Native Hawaiian or other Pacific Islander	Not reported	Male	202.68	863.15	964.89	Research	104290	Some college or Associate degree	459	Homo sapien
demographic	CTDC-SUBJECT-527319	CTDC-DEMOGRAPHIC-465510	57	American Indian or Alaska Native	Unknown	Unknown	893.71	239.5	799.82	Law enforcement	210262	Master's degree	528	Homo sapien
demographic	CTDC-SUBJECT-288185	CTDC-DEMOGRAPHIC-993631	36	Unknown	Hispanic or Latino	Male	304.75	916.88	593.3	Research	335921	Master's degree	725	Homo sapien
demographic	CTDC-SUBJECT-660757	CTDC-DEMOGRAPHIC-711501	65	Black or African American	Not reported	Intersex	887.58	660.45	663.78	Marketing	240844	Declined to answer	889	Homo sapien
demographic	CTDC-SUBJECT-165330	CTDC-DEMOGRAPHIC-279874	51	American Indian or Alaska Native	Not Hispanic or Latino	Female	687.95	479.0	555.7	IT	65443	Declined to answer	668	Homo sapien
demographic	CTDC-SUBJECT-837376	CTDC-DEMOGRAPHIC-331828	50	Native Hawaiian or other Pacific Islander	Not Hispanic or Latino	Male	769.24	339.05	663.83	Marketing	219625	Not high school graduate	996	Homo sapien
demographic	CTDC-SUBJECT-640943	CTDC-DEMOGRAPHIC-973044	31	Black or African American	Hispanic or Latino	Male	529.12	526.72	358.81	Law enforcement	180712	No formal education	836	Homo sapien
demographic	CTDC-SUBJECT-956705	CTDC-DEMOGRAPHIC-283874	67	American Indian or Alaska Native	Unknown	Male	327.37	460.9	108.96	Medical	198021	Doctoral or professional degree	873	Homo sapien
demographic	CTDC-SUBJECT-906674	CTDC-DEMOGRAPHIC-669888	31	Not Reported	Unknown	Male	817.61	212.24	177.76	Not Reported	95696	Doctoral or professional degree	165	Homo sapien
demographic	CTDC-SUBJECT-519269	CTDC-DEMOGRAPHIC-169024	57	American Indian or Alaska Native	Unknown	Unknown	385.94	896.94	487.13	Research	282575	Master's degree	303	Homo sapien
demographic	CTDC-SUBJECT-860750	CTDC-DEMOGRAPHIC-862408	62	Native Hawaiian or other Pacific Islander	Hispanic or Latino	Female	392.17	953.9	256.15	Research	52839	Master's degree	335	Homo sapien
demographic	CTDC-SUBJECT-628752	CTDC-DEMOGRAPHIC-382823	60	Not Reported	Not Hispanic or Latino	Intersex	645.92	132.14	145.95	Not Reported	249818	Grade school	699	Homo sapien
demographic	CTDC-SUBJECT-459688	CTDC-DEMOGRAPHIC-625521	72	Unknown	Not Hispanic or Latino	Unknown	606.92	938.02	712.09	Research	236227	Some college or Associate degree	107	Homo sapien
demographic	CTDC-SUBJECT-636260	CTDC-DEMOGRAPHIC-302999	74	Not Reported	Not reported	Female	469.71	369.13	148.44	Medical	82887	Master's degree	26	Homo sapien
demographic	CTDC-SUBJECT-908831	CTDC-DEMOGRAPHIC-984615	32	Not Reported	Not reported	Unknown	333.24	299.11	697.33	Legal	184981	High school graduate (including equivalency)	306	Homo sapien
demographic	CTDC-SUBJECT-163620	CTDC-DEMOGRAPHIC-934509	64	American Indian or Alaska Native	Not reported	Female	397.5	950.06	214.79	Research	132689	Master's degree	200	Homo sapien
demographic	CTDC-SUBJECT-328245	CTDC-DEMOGRAPHIC-424937	69	Not Reported	Hispanic or Latino	Intersex	339.0	883.93	384.18	Law enforcement	349949	Some college or Associate degree	143	Homo sapien
demographic	CTDC-SUBJECT-445414	CTDC-DEMOGRAPHIC-159813	62	Black or African American	Not Hispanic or Latino	Male	203.09	572.97	583.14	Law enforcement	60217	Not high school graduate	52	Homo sapien
demographic	CTDC-SUBJECT-310021	CTDC-DEMOGRAPHIC-748930	64	Unknown	Unknown	Female	512.13	84.42	275.95	Medical	232376	Some college or Associate degree	679	Homo sapien
demographic	CTDC-SUBJECT-954089	CTDC-DEMOGRAPHIC-788173	42	Native Hawaiian or other Pacific Islander	Not reported	Male	107.63	355.9	501.15	Law enforcement	194830	High school graduate (including equivalency)	456	Homo sapien
demographic	CTDC-SUBJECT-725631	CTDC-DEMOGRAPHIC-409554	56	Not Reported	Not reported	Intersex	904.52	997.03	577.62	Medical	163603	Grade school	616	Homo sapien
demographic	CTDC-SUBJECT-499991	CTDC-DEMOGRAPHIC-985612	66	Not Reported	Unknown	Unknown	141.07	67.07	645.16	Marketing	162367	High school graduate (including equivalency)	915	Homo sapien
demographic	CTDC-SUBJECT-192223	CTDC-DEMOGRAPHIC-994305	63	Not Reported	Unknown	Male	761.56	771.71	952.05	Law enforcement	240280	Some college or Associate degree	487	Homo sapien
demographic	CTDC-SUBJECT-714422	CTDC-DEMOGRAPHIC-591771	31	Not Reported	Not Hispanic or Latino	Male	727.37	236.9	900.06	Marketing	70583	Declined to answer	481	Homo sapien
demographic	CTDC-SUBJECT-852840	CTDC-DEMOGRAPHIC-891063	55	Native Hawaiian or other Pacific Islander	Unknown	Male	95.55	866.58	819.86	Marketing	300245	Grade school	294	Homo sapien
demographic	CTDC-SUBJECT-640748	CTDC-DEMOGRAPHIC-791766	68	Not Reported	Hispanic or Latino	Male	616.83	950.75	595.78	Law enforcement	173820	No formal education	24	Homo sapien
demographic	CTDC-SUBJECT-328307	CTDC-DEMOGRAPHIC-628900	67	Black or African American	Hispanic or Latino	Intersex	47.59	543.04	530.34	Research	318347	Declined to answer	952	Homo sapien
demographic	CTDC-SUBJECT-506259	CTDC-DEMOGRAPHIC-342217	58	Unknown	Hispanic or Latino	Intersex	589.03	685.92	265.76	Legal	68036	Grade school	234	Homo sapien
demographic	CTDC-SUBJECT-850225	CTDC-DEMOGRAPHIC-787637	34	Unknown	Hispanic or Latino	Female	257.33	825.89	636.05	Law enforcement	321186	Some college or Associate degree	612	Homo sapien
demographic	CTDC-SUBJECT-443429	CTDC-DEMOGRAPHIC-496292	61	Black or African American	Not Hispanic or Latino	Male	519.11	594.36	273.52	Law enforcement	146739	No formal education	230	Homo sapien
demographic	CTDC-SUBJECT-575176	CTDC-DEMOGRAPHIC-727143	49	American Indian or Alaska Native	Not reported	Male	827.25	495.89	665.21	IT	144000	Grade school	30	Homo sapien
demographic	CTDC-SUBJECT-809540	CTDC-DEMOGRAPHIC-457697	71	Unknown	Not reported	Intersex	461.54	862.82	384.03	Marketing	66170	No formal education	797	Homo sapien
demographic	CTDC-SUBJECT-786247	CTDC-DEMOGRAPHIC-692135	31	American Indian or Alaska Native	Not Hispanic or Latino	Unknown	136.79	912.3	24.47	Legal	185330	Bachelor's degree	922	Homo sapien
demographic	CTDC-SUBJECT-508659	CTDC-DEMOGRAPHIC-276806	67	Black or African American	Unknown	Male	64.2	589.5	412.97	Medical	361447	Grade school	853	Homo sapien
demographic	CTDC-SUBJECT-405624	CTDC-DEMOGRAPHIC-215690	56	Not Reported	Not reported	Intersex	485.94	241.68	804.76	Marketing	157323	Not high school graduate	552	Homo sapien
demographic	CTDC-SUBJECT-846264	CTDC-DEMOGRAPHIC-498497	44	Black or African American	Not reported	Unknown	442.59	537.97	41.89	Marketing	222247	Declined to answer	467	Homo sapien
demographic	CTDC-SUBJECT-506858	CTDC-DEMOGRAPHIC-129181	31	Native Hawaiian or other Pacific Islander	Unknown	Intersex	538.0	422.08	490.04	Medical	179008	No formal education	128	Homo sapien
demographic	CTDC-SUBJECT-718374	CTDC-DEMOGRAPHIC-753719	71	Unknown	Not reported	Intersex	174.48	205.26	704.48	Law enforcement	296793	No formal education	328	Homo sapien
demographic	CTDC-SUBJECT-777459	CTDC-DEMOGRAPHIC-236226	55	Black or African American	Hispanic or Latino	Female	278.13	138.04	282.02	Law enforcement	287621	Grade school	469	Homo sapien
demographic	CTDC-SUBJECT-210323	CTDC-DEMOGRAPHIC-516676	55	Unknown	Not Hispanic or Latino	Female	202.36	557.02	306.24	IT	328174	Grade school	872	Homo sapien
demographic	CTDC-SUBJECT-254303	CTDC-DEMOGRAPHIC-804285	36	Native Hawaiian or other Pacific Islander	Hispanic or Latino	Male	312.67	868.54	88.3	Legal	270347	No formal education	156	Homo sapien
demographic	CTDC-SUBJECT-836180	CTDC-DEMOGRAPHIC-341176	58	Unknown	Not reported	Intersex	438.61	643.3	678.74	IT	91081	High school graduate (including equivalency)	314	Homo sapien
demographic	CTDC-SUBJECT-456180	CTDC-DEMOGRAPHIC-323117	63	American Indian or Alaska Native	Not Hispanic or Latino	Unknown	800.87	569.05	833.49	IT	292777	Declined to answer	772	Homo sapien
demographic	CTDC-SUBJECT-895243	CTDC-DEMOGRAPHIC-134067	34	Native Hawaiian or other Pacific Islander	Hispanic or Latino	Male	236.74	307.55	792.14	Marketing	201223	No formal education	552	Homo sapien
demographic	CTDC-SUBJECT-701270	CTDC-DEMOGRAPHIC-388523	32	Native Hawaiian or other Pacific Islander	Not reported	Intersex	720.45	996.93	711.46	Legal	322053	Not high school graduate	919	Homo sapien
demographic	CTDC-SUBJECT-336076	CTDC-DEMOGRAPHIC-840900	53	Black or African American	Hispanic or Latino	Male	874.61	311.2	698.46	IT	92637	Doctoral or professional degree	442	Homo sapien
demographic	CTDC-SUBJECT-273839	CTDC-DEMOGRAPHIC-782834	68	Black or African American	Hispanic or Latino	Unknown	80.1	616.8	254.98	Medical	115408	Master's degree	284	Homo sapien
demographic	CTDC-SUBJECT-959628	CTDC-DEMOGRAPHIC-722263	33	Not Reported	Hispanic or Latino	Unknown	936.52	700.69	781.84	Not Reported	359506	Not high school graduate	761	Homo sapien
demographic	CTDC-SUBJECT-293993	CTDC-DEMOGRAPHIC-812939	72	American Indian or Alaska Native	Unknown	Male	456.49	407.54	15.14	Not Reported	217885	Some college or Associate degree	219	Homo sapien
demographic	CTDC-SUBJECT-296184	CTDC-DEMOGRAPHIC-306730	72	Unknown	Not Hispanic or Latino	Unknown	796.7	317.34	875.66	Law enforcement	266065	Bachelor's degree	828	Homo sapien
demographic	CTDC-SUBJECT-387207	CTDC-DEMOGRAPHIC-592187	65	Black or African American	Hispanic or Latino	Intersex	843.92	467.45	223.24	Legal	163263	Some college or Associate degree	788	Homo sapien
demographic	CTDC-SUBJECT-639280	CTDC-DEMOGRAPHIC-670290	54	Native Hawaiian or other Pacific Islander	Not Hispanic or Latino	Intersex	456.89	813.7	372.98	Law enforcement	28130	No formal education	669	Homo sapien
demographic	CTDC-SUBJECT-423309	CTDC-DEMOGRAPHIC-520639	61	Black or African American	Not reported	Unknown	85.75	459.44	647.02	Medical	77743	Doctoral or professional degree	774	Homo sapien
demographic	CTDC-SUBJECT-724373	CTDC-DEMOGRAPHIC-379987	38	Not Reported	Hispanic or Latino	Female	856.91	167.56	82.98	Law enforcement	139973	Declined to answer	222	Homo sapien
demographic	CTDC-SUBJECT-254053	CTDC-DEMOGRAPHIC-209957	68	Unknown	Not Hispanic or Latino	Unknown	959.82	165.84	552.93	IT	26174	Not high school graduate	267	Homo sapien
demographic	CTDC-SUBJECT-826378	CTDC-DEMOGRAPHIC-186450	70	American Indian or Alaska Native	Not Hispanic or Latino	Intersex	320.59	219.28	722.93	IT	119654	High school graduate (including equivalency)	496	Homo sapien
demographic	CTDC-SUBJECT-865958	CTDC-DEMOGRAPHIC-134136	59	Native Hawaiian or other Pacific Islander	Not Hispanic or Latino	Intersex	575.13	172.04	150.25	Medical	219791	Bachelor's degree	745	Homo sapien
demographic	CTDC-SUBJECT-774908	CTDC-DEMOGRAPHIC-316150	41	Unknown	Hispanic or Latino	Intersex	791.55	272.03	817.34	Legal	333151	Bachelor's degree	929	Homo sapien
demographic	CTDC-SUBJECT-550851	CTDC-DEMOGRAPHIC-509211	47	Native Hawaiian or other Pacific Islander	Unknown	Female	515.32	499.86	22.3	Marketing	50886	Grade school	426	Homo sapien
demographic	CTDC-SUBJECT-249982	CTDC-DEMOGRAPHIC-225507	58	Not Reported	Hispanic or Latino	Unknown	326.02	670.66	371.37	Research	137173	High school graduate (including equivalency)	714	Homo sapien
demographic	CTDC-SUBJECT-554104	CTDC-DEMOGRAPHIC-219179	44	American Indian or Alaska Native	Not Hispanic or Latino	Intersex	380.41	880.92	452.84	Law enforcement	215506	No formal education	492	Homo sapien
demographic	CTDC-SUBJECT-687307	CTDC-DEMOGRAPHIC-489410	52	Unknown	Not Hispanic or Latino	Unknown	473.73	559.29	48.24	Law enforcement	344266	Some college or Associate degree	192	Homo sapien
demographic	CTDC-SUBJECT-265741	CTDC-DEMOGRAPHIC-369201	34	Unknown	Not Hispanic or Latino	Male	845.09	12.98	585.84	Research	32750	Not high school graduate	1000	Homo sapien
demographic	CTDC-SUBJECT-463006	CTDC-DEMOGRAPHIC-168897	34	Not Reported	Hispanic or Latino	Intersex	763.96	872.02	152.74	Medical	262442	Declined to answer	398	Homo sapien
demographic	CTDC-SUBJECT-390783	CTDC-DEMOGRAPHIC-213661	59	Native Hawaiian or other Pacific Islander	Not Hispanic or Latino	Female	128.33	876.65	869.17	Medical	29815	Doctoral or professional degree	348	Homo sapien
demographic	CTDC-SUBJECT-180549	CTDC-DEMOGRAPHIC-805456	61	Native Hawaiian or other Pacific Islander	Hispanic or Latino	Male	333.01	694.04	661.94	Legal	252663	Grade school	759	Homo sapien
demographic	CTDC-SUBJECT-995809	CTDC-DEMOGRAPHIC-352691	53	Not Reported	Not reported	Intersex	467.29	64.27	817.09	Not Reported	232885	Grade school	856	Homo sapien
demographic	CTDC-SUBJECT-386686	CTDC-DEMOGRAPHIC-999188	60	Native Hawaiian or other Pacific Islander	Hispanic or Latino	Unknown	655.78	440.46	490.19	Medical	193398	Doctoral or professional degree	338	Homo sapien
demographic	CTDC-SUBJECT-262510	CTDC-DEMOGRAPHIC-410230	32	Not Reported	Not Hispanic or Latino	Female	917.13	349.88	847.86	Legal	311416	Bachelor's degree	916	Homo sapien
demographic	CTDC-SUBJECT-622335	CTDC-DEMOGRAPHIC-993143	34	Not Reported	Hispanic or Latino	Male	765.15	602.5	378.64	Law enforcement	62679	Bachelor's degree	963	Homo sapien
demographic	CTDC-SUBJECT-496827	CTDC-DEMOGRAPHIC-169881	32	Not Reported	Not Hispanic or Latino	Male	96.23	997.59	870.97	Medical	339705	Declined to answer	386	Homo sapien
demographic	CTDC-SUBJECT-946167	CTDC-DEMOGRAPHIC-184140	60	Not Reported	Not Hispanic or Latino	Intersex	127.45	408.09	887.95	Medical	352665	High school graduate (including equivalency)	309	Homo sapien
demographic	CTDC-SUBJECT-252950	CTDC-DEMOGRAPHIC-717286	75	Black or African American	Not Hispanic or Latino	Male	210.08	54.34	944.01	IT	287182	High school graduate (including equivalency)	924	Homo sapien
demographic	CTDC-SUBJECT-702420	CTDC-DEMOGRAPHIC-976492	61	American Indian or Alaska Native	Unknown	Female	925.86	654.52	144.65	Marketing	73529	High school graduate (including equivalency)	931	Homo sapien
demographic	CTDC-SUBJECT-743178	CTDC-DEMOGRAPHIC-440358	53	Black or African American	Unknown	Female	302.3	122.72	31.74	Legal	297562	No formal education	517	Homo sapien
demographic	CTDC-SUBJECT-206266	CTDC-DEMOGRAPHIC-552571	48	Not Reported	Hispanic or Latino	Female	135.37	160.76	397.55	Legal	340501	Grade school	176	Homo sapien
demographic	CTDC-SUBJECT-161315	CTDC-DEMOGRAPHIC-475386	45	Unknown	Hispanic or Latino	Unknown	513.15	232.74	428.98	Medical	61108	Declined to answer	693	Homo sapien
demographic	CTDC-SUBJECT-724275	CTDC-DEMOGRAPHIC-180064	70	Black or African American	Not Hispanic or Latino	Unknown	210.61	838.94	526.79	Law enforcement	201579	Not high school graduate	553	Homo sapien
demographic	CTDC-SUBJECT-417394	CTDC-DEMOGRAPHIC-294573	67	Black or African American	Unknown	Unknown	575.41	412.45	168.98	Marketing	104938	Bachelor's degree	357	Homo sapien
demographic	CTDC-SUBJECT-880446	CTDC-DEMOGRAPHIC-729531	39	Black or African American	Not reported	Unknown	270.59	95.04	813.92	IT	36194	High school graduate (including equivalency)	89	Homo sapien
demographic	CTDC-SUBJECT-498683	CTDC-DEMOGRAPHIC-341446	34	Native Hawaiian or other Pacific Islander	Hispanic or Latino	Female	879.95	619.57	931.01	Marketing	168425	Not high school graduate	253	Homo sapien
demographic	CTDC-SUBJECT-379968	CTDC-DEMOGRAPHIC-943653	63	Not Reported	Not Hispanic or Latino	Male	492.98	717.25	180.53	IT	122657	Some college or Associate degree	875	Homo sapien
demographic	CTDC-SUBJECT-408313	CTDC-DEMOGRAPHIC-258427	45	American Indian or Alaska Native	Hispanic or Latino	Intersex	113.86	43.93	24.1	Medical	262025	Bachelor's degree	75	Homo sapien
demographic	CTDC-SUBJECT-839702	CTDC-DEMOGRAPHIC-626997	47	Native Hawaiian or other Pacific Islander	Hispanic or Latino	Female	157.33	895.3	92.51	Law enforcement	59696	No formal education	46	Homo sapien
demographic	CTDC-SUBJECT-202893	CTDC-DEMOGRAPHIC-630441	73	American Indian or Alaska Native	Not reported	Intersex	789.6	222.52	841.72	Not Reported	248521	Doctoral or professional degree	522	Homo sapien
demographic	CTDC-SUBJECT-681212	CTDC-DEMOGRAPHIC-812327	75	Black or African American	Not Hispanic or Latino	Male	609.44	506.16	469.41	IT	149357	Grade school	974	Homo sapien
demographic	CTDC-SUBJECT-221942	CTDC-DEMOGRAPHIC-802942	62	Unknown	Hispanic or Latino	Unknown	284.61	728.55	622.78	Research	317144	Not high school graduate	942	Homo sapien
demographic	CTDC-SUBJECT-646347	CTDC-DEMOGRAPHIC-768332	65	Native Hawaiian or other Pacific Islander	Not Hispanic or Latino	Unknown	176.37	270.97	116.07	Law enforcement	313753	Declined to answer	942	Homo sapien
demographic	CTDC-SUBJECT-301806	CTDC-DEMOGRAPHIC-115551	57	American Indian or Alaska Native	Not reported	Intersex	572.49	518.34	989.65	Medical	329924	Some college or Associate degree	820	Homo sapien
demographic	CTDC-SUBJECT-159850	CTDC-DEMOGRAPHIC-638402	72	Native Hawaiian or other Pacific Islander	Not reported	Intersex	656.37	299.69	695.43	Law enforcement	303481	No formal education	75	Homo sapien
demographic	CTDC-SUBJECT-447893	CTDC-DEMOGRAPHIC-893146	31	Unknown	Not reported	Intersex	48.03	195.45	848.96	Research	352462	Grade school	193	Homo sapien
demographic	CTDC-SUBJECT-105359	CTDC-DEMOGRAPHIC-426869	49	Unknown	Not Hispanic or Latino	Unknown	91.06	911.88	344.0	Law enforcement	253960	Master's degree	466	Homo sapien
demographic	CTDC-SUBJECT-323772	CTDC-DEMOGRAPHIC-233797	58	Not Reported	Unknown	Female	226.45	985.21	114.75	Legal	67778	Bachelor's degree	724	Homo sapien
demographic	CTDC-SUBJECT-668537	CTDC-DEMOGRAPHIC-573279	33	Black or African American	Hispanic or Latino	Male	497.22	997.06	532.17	Marketing	116480	Some college or Associate degree	11	Homo sapien
demographic	CTDC-SUBJECT-389624	CTDC-DEMOGRAPHIC-519754	61	American Indian or Alaska Native	Not reported	Unknown	408.8	678.76	212.85	Research	251025	Grade school	311	Homo sapien
demographic	CTDC-SUBJECT-211748	CTDC-DEMOGRAPHIC-776032	47	Black or African American	Not reported	Female	634.26	928.07	912.29	Medical	54277	Bachelor's degree	31	Homo sapien
demographic	CTDC-SUBJECT-821817	CTDC-DEMOGRAPHIC-990637	59	Native Hawaiian or other Pacific Islander	Hispanic or Latino	Intersex	954.17	866.79	656.7	Legal	150398	Doctoral or professional degree	115	Homo sapien
demographic	CTDC-SUBJECT-959503	CTDC-DEMOGRAPHIC-744790	43	Not Reported	Hispanic or Latino	Intersex	287.65	745.09	400.04	Marketing	359750	Not high school graduate	102	Homo sapien
demographic	CTDC-SUBJECT-476464	CTDC-DEMOGRAPHIC-874457	65	Black or African American	Not reported	Unknown	565.82	614.05	325.8	IT	263330	Some college or Associate degree	602	Homo sapien
demographic	CTDC-SUBJECT-648259	CTDC-DEMOGRAPHIC-837663	51	Black or African American	Hispanic or Latino	Female	789.7	234.2	436.64	Marketing	38821	Some college or Associate degree	768	Homo sapien
demographic	CTDC-SUBJECT-894501	CTDC-DEMOGRAPHIC-437575	51	American Indian or Alaska Native	Hispanic or Latino	Unknown	538.06	177.26	728.04	Marketing	332049	Grade school	621	Homo sapien
demographic	CTDC-SUBJECT-115563	CTDC-DEMOGRAPHIC-404704	54	Not Reported	Hispanic or Latino	Male	121.36	12.86	480.52	Marketing	232088	Master's degree	624	Homo sapien
demographic	CTDC-SUBJECT-433750	CTDC-DEMOGRAPHIC-800779	34	Unknown	Not reported	Intersex	176.25	630.57	680.14	Law enforcement	144667	Not high school graduate	859	Homo sapien
demographic	CTDC-SUBJECT-144313	CTDC-DEMOGRAPHIC-958960	33	American Indian or Alaska Native	Unknown	Unknown	874.23	473.79	624.13	Not Reported	340035	Bachelor's degree	694	Homo sapien
demographic	CTDC-SUBJECT-593393	CTDC-DEMOGRAPHIC-978196	58	Black or African American	Not Hispanic or Latino	Intersex	894.28	446.75	987.21	Legal	183635	Bachelor's degree	444	Homo sapien
demographic	CTDC-SUBJECT-436957	CTDC-DEMOGRAPHIC-947838	59	American Indian or Alaska Native	Not Hispanic or Latino	Female	940.66	964.33	995.52	Research	200165	Master's degree	561	Homo sapien
demographic	CTDC-SUBJECT-116372	CTDC-DEMOGRAPHIC-116492	67	American Indian or Alaska Native	Not reported	Male	428.69	284.25	556.67	IT	277545	No formal education	593	Homo sapien
demographic	CTDC-SUBJECT-719750	CTDC-DEMOGRAPHIC-725559	46	Unknown	Not reported	Intersex	879.13	402.13	280.69	Not Reported	56421	Some college or Associate degree	594	Homo sapien
demographic	CTDC-SUBJECT-489761	CTDC-DEMOGRAPHIC-786046	33	Black or African American	Hispanic or Latino	Female	389.97	57.65	292.02	Medical	226134	Declined to answer	723	Homo sapien
demographic	CTDC-SUBJECT-189635	CTDC-DEMOGRAPHIC-861431	55	Black or African American	Unknown	Female	938.14	930.23	531.21	Law enforcement	356378	High school graduate (including equivalency)	585	Homo sapien
demographic	CTDC-SUBJECT-980511	CTDC-DEMOGRAPHIC-809005	68	Unknown	Not reported	Unknown	477.46	941.1	272.7	Medical	224583	Bachelor's degree	877	Homo sapien
demographic	CTDC-SUBJECT-922456	CTDC-DEMOGRAPHIC-983411	60	Not Reported	Not reported	Unknown	815.05	43.36	539.2	Marketing	256942	Grade school	213	Homo sapien
demographic	CTDC-SUBJECT-969430	CTDC-DEMOGRAPHIC-889938	50	Unknown	Not Hispanic or Latino	Female	524.67	166.45	578.86	Marketing	207228	Master's degree	745	Homo sapien
demographic	CTDC-SUBJECT-924034	CTDC-DEMOGRAPHIC-998338	33	Native Hawaiian or other Pacific Islander	Unknown	Female	795.86	197.04	720.8	Marketing	192579	Grade school	802	Homo sapien
demographic	CTDC-SUBJECT-741080	CTDC-DEMOGRAPHIC-489153	57	Unknown	Unknown	Intersex	472.32	605.07	609.84	Not Reported	323430	Some college or Associate degree	509	Homo sapien
demographic	CTDC-SUBJECT-221047	CTDC-DEMOGRAPHIC-900148	45	Not Reported	Hispanic or Latino	Unknown	912.65	840.56	361.07	Not Reported	137109	No formal education	885	Homo sapien
demographic	CTDC-SUBJECT-480486	CTDC-DEMOGRAPHIC-256079	70	Not Reported	Hispanic or Latino	Intersex	482.12	242.8	183.82	Research	160825	Bachelor's degree	557	Homo sapien
demographic	CTDC-SUBJECT-247208	CTDC-DEMOGRAPHIC-173278	62	Black or African American	Not Hispanic or Latino	Unknown	940.07	402.93	184.93	Not Reported	92479	Doctoral or professional degree	806	Homo sapien
demographic	CTDC-SUBJECT-390087	CTDC-DEMOGRAPHIC-785774	35	American Indian or Alaska Native	Hispanic or Latino	Female	43.97	104.58	919.48	Legal	191736	Doctoral or professional degree	770	Homo sapien
demographic	CTDC-SUBJECT-316498	CTDC-DEMOGRAPHIC-899791	50	Unknown	Hispanic or Latino	Unknown	161.21	220.3	29.17	Marketing	180107	Some college or Associate degree	712	Homo sapien
demographic	CTDC-SUBJECT-144844	CTDC-DEMOGRAPHIC-432011	32	Unknown	Hispanic or Latino	Unknown	142.69	27.9	899.35	Legal	113827	Doctoral or professional degree	495	Homo sapien
demographic	CTDC-SUBJECT-956257	CTDC-DEMOGRAPHIC-174076	34	American Indian or Alaska Native	Hispanic or Latino	Intersex	993.64	589.12	327.07	IT	278614	Some college or Associate degree	434	Homo sapien
demographic	CTDC-SUBJECT-880100	CTDC-DEMOGRAPHIC-635169	33	Not Reported	Not Hispanic or Latino	Male	301.67	602.36	40.4	Law enforcement	235795	Master's degree	87	Homo sapien
demographic	CTDC-SUBJECT-241144	CTDC-DEMOGRAPHIC-164034	62	American Indian or Alaska Native	Not reported	Male	954.16	59.74	974.0	IT	329477	High school graduate (including equivalency)	927	Homo sapien
demographic	CTDC-SUBJECT-649082	CTDC-DEMOGRAPHIC-736093	54	American Indian or Alaska Native	Unknown	Male	286.39	528.84	517.63	Medical	204198	Not high school graduate	189	Homo sapien
demographic	CTDC-SUBJECT-818301	CTDC-DEMOGRAPHIC-126599	74	Not Reported	Not reported	Male	232.6	374.85	468.58	Not Reported	53080	High school graduate (including equivalency)	534	Homo sapien
demographic	CTDC-SUBJECT-348141	CTDC-DEMOGRAPHIC-467710	73	Unknown	Hispanic or Latino	Unknown	506.51	889.74	577.79	Legal	46273	Bachelor's degree	804	Homo sapien
demographic	CTDC-SUBJECT-123051	CTDC-DEMOGRAPHIC-268905	62	Native Hawaiian or other Pacific Islander	Unknown	Male	525.8	767.55	95.38	Legal	160502	High school graduate (including equivalency)	94	Homo sapien
demographic	CTDC-SUBJECT-926826	CTDC-DEMOGRAPHIC-858245	46	Native Hawaiian or other Pacific Islander	Not Hispanic or Latino	Male	899.78	286.37	297.56	Marketing	259108	Master's degree	211	Homo sapien
demographic	CTDC-SUBJECT-580164	CTDC-DEMOGRAPHIC-940443	61	Unknown	Not reported	Male	133.12	81.22	937.9	Legal	74136	Bachelor's degree	60	Homo sapien
demographic	CTDC-SUBJECT-848158	CTDC-DEMOGRAPHIC-932300	72	American Indian or Alaska Native	Unknown	Unknown	715.72	119.02	404.66	IT	323092	High school graduate (including equivalency)	917	Homo sapien
demographic	CTDC-SUBJECT-362134	CTDC-DEMOGRAPHIC-420001	39	Unknown	Not reported	Intersex	769.18	559.46	448.43	Law enforcement	196570	Master's degree	750	Homo sapien
demographic	CTDC-SUBJECT-406843	CTDC-DEMOGRAPHIC-706801	53	Not Reported	Unknown	Unknown	353.67	261.08	209.16	Research	221399	Bachelor's degree	152	Homo sapien
demographic	CTDC-SUBJECT-107225	CTDC-DEMOGRAPHIC-398157	73	Not Reported	Hispanic or Latino	Male	635.24	443.77	488.52	Legal	336192	Declined to answer	794	Homo sapien
demographic	CTDC-SUBJECT-453504	CTDC-DEMOGRAPHIC-190347	51	Not Reported	Hispanic or Latino	Intersex	669.61	238.54	938.57	Research	277381	Declined to answer	833	Homo sapien
demographic	CTDC-SUBJECT-375632	CTDC-DEMOGRAPHIC-182874	70	Unknown	Hispanic or Latino	Male	386.97	247.47	662.49	Law enforcement	31590	Bachelor's degree	402	Homo sapien
demographic	CTDC-SUBJECT-484915	CTDC-DEMOGRAPHIC-753806	63	American Indian or Alaska Native	Not reported	Unknown	257.69	478.04	150.66	IT	220263	Not high school graduate	663	Homo sapien
demographic	CTDC-SUBJECT-196654	CTDC-DEMOGRAPHIC-153769	45	Unknown	Not Hispanic or Latino	Unknown	36.42	883.01	222.42	IT	207343	Master's degree	495	Homo sapien
demographic	CTDC-SUBJECT-947001	CTDC-DEMOGRAPHIC-667177	38	American Indian or Alaska Native	Unknown	Intersex	293.98	520.67	721.86	Research	306191	Grade school	509	Homo sapien
demographic	CTDC-SUBJECT-811589	CTDC-DEMOGRAPHIC-526872	40	Not Reported	Hispanic or Latino	Female	631.98	500.05	223.53	Research	94765	No formal education	415	Homo sapien
demographic	CTDC-SUBJECT-169598	CTDC-DEMOGRAPHIC-978380	71	Unknown	Not reported	Intersex	272.17	286.55	800.18	Not Reported	52881	Some college or Associate degree	593	Homo sapien
demographic	CTDC-SUBJECT-346190	CTDC-DEMOGRAPHIC-453090	64	Unknown	Not Hispanic or Latino	Female	694.12	717.49	781.35	Medical	75236	Bachelor's degree	548	Homo sapien
demographic	CTDC-SUBJECT-589930	CTDC-DEMOGRAPHIC-292042	49	Native Hawaiian or other Pacific Islander	Unknown	Intersex	501.64	684.58	794.28	Not Reported	31787	Doctoral or professional degree	753	Homo sapien
demographic	CTDC-SUBJECT-341676	CTDC-DEMOGRAPHIC-805725	73	Not Reported	Hispanic or Latino	Female	823.89	891.29	458.92	Marketing	276878	Bachelor's degree	434	Homo sapien
demographic	CTDC-SUBJECT-147802	CTDC-DEMOGRAPHIC-252686	37	Native Hawaiian or other Pacific Islander	Not Hispanic or Latino	Unknown	256.66	980.96	44.91	Not Reported	188284	High school graduate (including equivalency)	742	Homo sapien
demographic	CTDC-SUBJECT-588312	CTDC-DEMOGRAPHIC-407262	58	Native Hawaiian or other Pacific Islander	Hispanic or Latino	Unknown	643.46	571.0	38.45	IT	148065	No formal education	537	Homo sapien
demographic	CTDC-SUBJECT-718208	CTDC-DEMOGRAPHIC-995002	60	Native Hawaiian or other Pacific Islander	Not reported	Female	700.88	408.01	685.34	IT	268165	Not high school graduate	375	Homo sapien
demographic	CTDC-SUBJECT-581720	CTDC-DEMOGRAPHIC-769760	74	Native Hawaiian or other Pacific Islander	Not Hispanic or Latino	Female	873.17	669.78	605.38	Not Reported	131673	Bachelor's degree	480	Homo sapien
