type	study.study_short_name	principal_investigator_orcid_id	principal_investigator_first_name	principal_investigator_last_name	principal_investigator_middle_name
principal_investigator	CMB	CTDC-PRINCIPAL-INVESTIGATOR-665343	Macte_animo_Generose_puer_sic_itur_ad_astra	salus_in_arduis	labor_ipse_voluptas
principal_investigator	CMB	CTDC-PRINCIPAL-INVESTIGATOR-216916	O_Tite_tute_Tati_tibi_tanta_tyranne_tulisti	scientia,_aere_perennius	imperium_in_imperio
principal_investigator	CMB	CTDC-PRINCIPAL-INVESTIGATOR-718483	barba_crescit_caput_nescit	e_causa_ignota	nascentes_morimur_finisque_ab_origine_pendet
principal_investigator	CMB	CTDC-PRINCIPAL-INVESTIGATOR-807656	nanos_gigantum_humeris_insidentes	saltus_in_demonstrando	sapiens_qui_prospicit
principal_investigator	CMB	CTDC-PRINCIPAL-INVESTIGATOR-638331	haec_olim_meminisse_iuvabit	nascentes_morimur_finisque_ab_origine_pendet	haec_olim_meminisse_iuvabit
principal_investigator	CMB	CTDC-PRINCIPAL-INVESTIGATOR-402642	Obedientia_civium_urbis_felicitas	id_quod_plerumque_accidit	cacatum_non_est_pictum
principal_investigator	CMB	CTDC-PRINCIPAL-INVESTIGATOR-448447	Gallia_est_omnis_divisa_in_partes_tres	id_quod_plerumque_accidit	cacatum_non_est_pictum
principal_investigator	CMB	CTDC-PRINCIPAL-INVESTIGATOR-117726	faber_est_suae_quisque_fortunae	scientia_imperii_decus_et_tutamen	scientiae_et_patriae
