type	participant.participant_id	diagnosis_record_id	primary_diagnosis_disease_group	ctep_disease_term	meddra_disease_code	snomed_disease_term	snomed_disease_code	primary_disease_site	histology	histological_subtype	stage_of_disease	tumor_grade	
diagnosis	CTDC-SUBJECT-343157	CTDC-DIAGNOSIS-153346	Gastric cancer, NOS	Prostate Carcinoma	10066354	Epithelioid Cell Melanoma 	254838004	Rectum	Adenocarcinoma	Adenocarcinoma	Stage IVB	Grade cannot be assessed	
diagnosis	CTDC-SUBJECT-456210	CTDC-DIAGNOSIS-150006	Invasive breast carcinoma	Prostate Carcinoma	10028566	Small Cell Lung Carcinoma 	2142002	Lymph Node	Non-Small Cell Carcinoma	High-grade Carcinoma	Stage III	Borderline malignancy	
diagnosis	CTDC-SUBJECT-408391	CTDC-DIAGNOSIS-921859	Colorectal cancer, NOS	Ovarian Carcinoma	10066354	Lung Carcinoma 	37138001	Gastroesophageal Junction	Melanoma	Squamous Cell Carcinoma	Stage IVC	Borderline malignancy	
diagnosis	CTDC-SUBJECT-527319	CTDC-DIAGNOSIS-892970	Non-small cell lung cancer, NOS	Acute Myeloid Leukemia Not Otherwise Specified	10028566	Melanoma 	109989006	Colon	Large Cell Carcinoma	Prostate Carcinoma	Stage IVC	Borderline malignancy	
diagnosis	CTDC-SUBJECT-288185	CTDC-DIAGNOSIS-564721	Non-small cell lung cancer, NOS	Colorectal Carcinoma	10010029	Colon Adenoma 	254838004	Rectum	Squamous Cell Carcinoma	Non-Small Cell Carcinoma	Stage III	Poorly Differentiated	
diagnosis	CTDC-SUBJECT-660757	CTDC-DIAGNOSIS-668355	Ovarian epithelial cancer	Acute Myeloid Leukemia Not Otherwise Specified	10000884	Non-Small Cell Lung Carcinoma 	276803003	Rectum	Large Cell Carcinoma	Plasma Cell Myeloma	Stage IIIC	Grade cannot be assessed	
diagnosis	CTDC-SUBJECT-165330	CTDC-DIAGNOSIS-537223	Small cell lung cancer	Adenocarcinoma of the Gastroesophageal Junction	10029514	Rectal Adenoma 	399068003	Colon	Multiple Myeloma	Acute Myeloid Leukemia - M3 eosinophilic variant	Stage IVB	Borderline malignancy	
diagnosis	CTDC-SUBJECT-837376	CTDC-DIAGNOSIS-931330	Adenocarcinoma of the gastroesophageal junction	Ovarian Carcinoma	10000884	Multiple myeloma 	428054006	Rectum	Prostate Carcinoma	Acute Myeloid Leukemia - M5 granulocytic variant	Stage IIIC	Grade cannot be assessed	
diagnosis	CTDC-SUBJECT-640943	CTDC-DIAGNOSIS-993550	Prostate cancer, NOS	Melanoma	10041071	Small Cell Lung Carcinoma 	28899001	Bone Marrow	Prostate Carcinoma	Prostate Carcinoma	Stage IIIA	Borderline malignancy	
diagnosis	CTDC-SUBJECT-956705	CTDC-DIAGNOSIS-191575	Invasive breast carcinoma	Invasive Breast Carcinoma	10010029	Lung Carcinoma 	254900004	Lymph Node	Squamous Cell Carcinoma	Small Cell Carcinoma	Stage IVB	Poorly Differentiated	
diagnosis	CTDC-SUBJECT-906674	CTDC-DIAGNOSIS-620962	Ovarian epithelial cancer	Ovarian Carcinoma	10010029	Squamous Cell Carcinoma 	2142002	Lung	Non-Small Cell Carcinoma	Acute Myeloid Leukemia - M3 eosinophilic variant	Stage IIIC	Poorly Differentiated	
diagnosis	CTDC-SUBJECT-519269	CTDC-DIAGNOSIS-362736	Myeloma, NOS	Acute Myeloid Leukemia Not Otherwise Specified	10053571	Rectal Adenoma 	448993007	Lymph Node	Large Cell Carcinoma	Acute Myeloid Leukemia - M3 eosinophilic variant	Stage IIIA	Grade cannot be assessed	
diagnosis	CTDC-SUBJECT-860750	CTDC-DIAGNOSIS-630584	Myeloma, NOS	Colorectal Carcinoma	10029514	Rectal Adenoma 	2142002	Gastroesophageal Junction	Acute Myeloid Leukemia - M3 eosinophilic variant	High-grade Carcinoma	Stage IIIA	Grade cannot be assessed	
diagnosis	CTDC-SUBJECT-628752	CTDC-DIAGNOSIS-311461	Invasive breast carcinoma	Invasive Breast Carcinoma	10041071	Prostate Adenocarcinoma 	55921005a	Lung	Multiple Myeloma	Multiple Myeloma	Stage IVA	Poorly Differentiated	
diagnosis	CTDC-SUBJECT-459688	CTDC-DIAGNOSIS-403769	Small cell lung cancer	Acute Myeloid Leukemia Not Otherwise Specified	10000884	Nodular Melanoma 	399730005	Epidermis	Non-Small Cell Carcinoma	Squamous Cell Carcinoma	Stage IVA	Borderline malignancy	
diagnosis	CTDC-SUBJECT-636260	CTDC-DIAGNOSIS-517153	Melanoma	Melanoma	10036910	Neuroendocrine Carcinoma 	37138001	Colon	Squamous Cell Carcinoma	Acute Myeloid Leukemia - M5 granulocytic variant	Stage IIIB	Undifferentiated grade	
diagnosis	CTDC-SUBJECT-908831	CTDC-DIAGNOSIS-101476	Ovarian epithelial cancer	Ovarian Carcinoma	10033159	Nodular Melanoma 	254634000	Prostate	Non-Small Cell Carcinoma	Acute Myeloid Leukemia - M5 granulocytic variant	Stage IIIB	Poorly Differentiated	
diagnosis	CTDC-SUBJECT-163620	CTDC-DIAGNOSIS-468189	Primary peritoneal carcinoma	Acute Myeloid Leukemia Not Otherwise Specified	10028566	Squamous Cell Lung Carcinoma 	448993007	Colon	Invasive Adenocarcinoma	Squamous Cell Carcinoma	Stage IV	Moderately Differentiated	
diagnosis	CTDC-SUBJECT-328245	CTDC-DIAGNOSIS-543936	Primary peritoneal carcinoma	Melanoma	10000884	Rectal Carcinoma 	55921005b	Prostate	Acute Myeloid Leukemia - M3 eosinophilic variant	Adenosquamous Carcinoma	Stage IVC	Borderline malignancy	
diagnosis	CTDC-SUBJECT-445414	CTDC-DIAGNOSIS-766412	Primary peritoneal carcinoma	Invasive Breast Carcinoma	10006190	Neuroendocrine Carcinoma 	443961001	Lung	Acute Myeloid Leukemia - M5 granulocytic variant	Melanoma	Stage IVA	Grade cannot be assessed	
diagnosis	CTDC-SUBJECT-310021	CTDC-DIAGNOSIS-281640	Adenocarcinoma of the gastroesophageal junction	Small Cell Lung Carcinoma	10029514	Small Cell Lung Carcinoma 	2142002	Bone Marrow	Small Cell Carcinoma	Invasive Adenocarcinoma	Stage IV	Moderately Differentiated	
diagnosis	CTDC-SUBJECT-954089	CTDC-DIAGNOSIS-369740	Adenocarcinoma of the gastroesophageal junction	Invasive Breast Carcinoma	10006190	Superficial Spreading Melanoma 	254633006	Lymph Node	Invasive Adenocarcinoma	Adenocarcinoma	Stage IV	Borderline malignancy	
diagnosis	CTDC-SUBJECT-725631	CTDC-DIAGNOSIS-858951	Colorectal cancer, NOS	Prostate Carcinoma	10010029	Acute Myeloid Leukemia	253000007	Lung	Non-Small Cell Carcinoma	Prostate Carcinoma	Stage IVB	Well Differentiated	
diagnosis	CTDC-SUBJECT-499991	CTDC-DIAGNOSIS-132475	Acute myeloid leukemia, NOS	Colorectal Carcinoma	10053571	Colorectal Adenocarcinoma 	408647009	Lymph Node	Squamous Cell Carcinoma	Small Cell Carcinoma	Stage IIIC	Moderately Differentiated	
diagnosis	CTDC-SUBJECT-192223	CTDC-DIAGNOSIS-515711	Non-small cell lung cancer, NOS	Adenocarcinoma of the Gastroesophageal Junction	10066354	Cutaneous Melanoma 	109989006	Gastroesophageal Junction	Invasive Adenocarcinoma	Melanoma	Stage IIIB	Undifferentiated grade	
diagnosis	CTDC-SUBJECT-714422	CTDC-DIAGNOSIS-293927	Adenocarcinoma of the gastroesophageal junction	Colorectal Carcinoma	10053571	Melanoma 	37138001	Colon	High-grade Carcinoma	Small Cell Carcinoma	Stage III	Borderline malignancy	
diagnosis	CTDC-SUBJECT-852840	CTDC-DIAGNOSIS-724622	Myeloma, NOS	Prostate Carcinoma	10029514	Lung Adenocarcinoma 	254634000	Rectum	High-grade Carcinoma	Multiple Myeloma	Stage IVB	Well Differentiated	
diagnosis	CTDC-SUBJECT-640748	CTDC-DIAGNOSIS-291610	Acute myeloid leukemia, NOS	Adenocarcinoma of the Gastroesophageal Junction	10066354	Lung Adenocarcinoma 	448993007	Rectum	Adenocarcinoma	Small Cell Carcinoma	Stage IVB	Well Differentiated	
diagnosis	CTDC-SUBJECT-328307	CTDC-DIAGNOSIS-633650	Prostate cancer, NOS	Ovarian Carcinoma	10053571	Prostate Carcinoma 	188717001	Rectum	Acute Myeloid Leukemia - M5 granulocytic variant	Large Cell Carcinoma	Stage IVC	Undifferentiated grade	
diagnosis	CTDC-SUBJECT-506259	CTDC-DIAGNOSIS-958934	Myeloma, NOS	Acute Myeloid Leukemia Not Otherwise Specified	10029514	Adenocarcinoma 	128922003	Gastroesophageal Junction	Acute Myeloid Leukemia - poorly-differentiated M1 variant	Multiple Myeloma	Stage IVA	Borderline malignancy	
diagnosis	CTDC-SUBJECT-850225	CTDC-DIAGNOSIS-390613	Fallopian tube carcinoma	Melanoma	10053571	Rectal Carcinoma 	254626006	Gastroesophageal Junction	Adenocarcinoma	Melanoma	Stage IIIC	Borderline malignancy	
diagnosis	CTDC-SUBJECT-443429	CTDC-DIAGNOSIS-873241	Invasive breast carcinoma	Plasma Cell Myeloma	10010029	Rectal Adenoma 	399730005	Lymph Node	Plasma Cell Myeloma	Plasma Cell Myeloma	Stage IV	Undifferentiated grade	
diagnosis	CTDC-SUBJECT-575176	CTDC-DIAGNOSIS-303026	Fallopian tube carcinoma	Plasma Cell Myeloma	10053571	Squamous Cell Carcinoma 	128922003	Gastroesophageal Junction	Squamous Cell Carcinoma	Large Cell Carcinoma	Stage IIIB	Grade cannot be assessed	
diagnosis	CTDC-SUBJECT-809540	CTDC-DIAGNOSIS-793555	Myeloma, NOS	Plasma Cell Myeloma	10036910	Nodular Melanoma 	254582000	Colon	Adenosquamous Carcinoma	Acute Myeloid Leukemia - poorly-differentiated M1 variant	Stage IIIC	Undifferentiated grade	
diagnosis	CTDC-SUBJECT-786247	CTDC-DIAGNOSIS-286959	Adenocarcinoma of the gastroesophageal junction	Plasma Cell Myeloma	10066354	Nodular Melanoma 	55921005b	Lymph Node	High-grade Carcinoma	Melanoma	Stage IIIC	Poorly Differentiated	
diagnosis	CTDC-SUBJECT-508659	CTDC-DIAGNOSIS-910394	Fallopian tube carcinoma	Non-Small Cell Lung Carcinoma	10029514	Prostate Carcinoma 	408647009	Bone Marrow	Acute Myeloid Leukemia - poorly-differentiated M1 variant	Acute Myeloid Leukemia - poorly-differentiated M1 variant	Stage IV	Borderline malignancy	
diagnosis	CTDC-SUBJECT-405624	CTDC-DIAGNOSIS-779252	Ovarian epithelial cancer	Acute Myeloid Leukemia Not Otherwise Specified	10066354	Small Cell Lung Carcinoma 	408647009	Gastroesophageal Junction	Multiple Myeloma	Acute Myeloid Leukemia - M5 granulocytic variant	Stage IVA	Grade cannot be assessed	
diagnosis	CTDC-SUBJECT-846264	CTDC-DIAGNOSIS-464864	Gastric cancer, NOS	Adenocarcinoma of the Gastroesophageal Junction	10028566	Prostate Carcinoma 	55921005a	Colon	Non-Small Cell Carcinoma	Melanoma	Stage III	Poorly Differentiated	
diagnosis	CTDC-SUBJECT-506858	CTDC-DIAGNOSIS-149945	Acute myeloid leukemia, NOS	Colorectal Carcinoma	10000884	Mucinous Adenocarcinoma 	254730000	Epidermis	Multiple Myeloma	Adenosquamous Carcinoma	Stage IIIA	Poorly Differentiated	
diagnosis	CTDC-SUBJECT-718374	CTDC-DIAGNOSIS-296952	Non-small cell lung cancer, NOS	Melanoma	10029514	Gastric Adenocarcinoma 	372244006	Lung	Adenosquamous Carcinoma	Small Cell Carcinoma	Stage IIIB	Grade cannot be assessed	
diagnosis	CTDC-SUBJECT-777459	CTDC-DIAGNOSIS-923349	Fallopian tube carcinoma	Melanoma	10000884	Cutaneous Melanoma 	254626006	Lymph Node	Non-Small Cell Carcinoma	Large Cell Carcinoma	Stage IIIC	Borderline malignancy	
diagnosis	CTDC-SUBJECT-210323	CTDC-DIAGNOSIS-183041	Myeloma, NOS	Ovarian Carcinoma	10036910	Squamous Cell Carcinoma 	35917007	Lymph Node	Small Cell Carcinoma	Plasma Cell Myeloma	Stage IIIB	Grade cannot be assessed	
diagnosis	CTDC-SUBJECT-254303	CTDC-DIAGNOSIS-243785	Ovarian epithelial cancer	Adenocarcinoma of the Gastroesophageal Junction	10066354	Breast Carcinoma 	408647009	Colon	Adenocarcinoma	Small Cell Carcinoma	Stage IIIC	Well Differentiated	
diagnosis	CTDC-SUBJECT-836180	CTDC-DIAGNOSIS-851747	Melanoma	Adenocarcinoma of the Gastroesophageal Junction	10041071	Melanoma 	70594002	Lung	High-grade Carcinoma	Small Cell Carcinoma	Stage IVC	Poorly Differentiated	
diagnosis	CTDC-SUBJECT-456180	CTDC-DIAGNOSIS-814590	Adenocarcinoma of the gastroesophageal junction	Melanoma	10006190	Melanoma 	254633006	Epidermis	Acute Myeloid Leukemia - poorly-differentiated M1 variant	Large Cell Carcinoma	Stage IVB	Undifferentiated grade	
diagnosis	CTDC-SUBJECT-895243	CTDC-DIAGNOSIS-251661	Prostate cancer, NOS	Small Cell Lung Carcinoma	10036910	Nodular Melanoma 	276803003	Epidermis	Melanoma	High-grade Carcinoma	Stage IV	Moderately Differentiated	
diagnosis	CTDC-SUBJECT-701270	CTDC-DIAGNOSIS-246408	Primary peritoneal carcinoma	Plasma Cell Myeloma	10000884	Gastric Adenocarcinoma 	128922003	Rectum	Acute Myeloid Leukemia - poorly-differentiated M1 variant	Adenocarcinoma	Stage IVB	Undifferentiated grade	
diagnosis	CTDC-SUBJECT-336076	CTDC-DIAGNOSIS-613725	Acute myeloid leukemia, NOS	Non-Small Cell Lung Carcinoma	10053571	Prostate Carcinoma 	402815007	Bone Marrow	Invasive Adenocarcinoma	Acute Myeloid Leukemia - M3 eosinophilic variant	Stage IVA	Grade cannot be assessed	
diagnosis	CTDC-SUBJECT-273839	CTDC-DIAGNOSIS-491219	Gastric cancer, NOS	Adenocarcinoma of the Gastroesophageal Junction	10000884	Adenocarcinoma 	253000007	Lymph Node	Squamous Cell Carcinoma	Squamous Cell Carcinoma	Stage IV	Undifferentiated grade	
diagnosis	CTDC-SUBJECT-959628	CTDC-DIAGNOSIS-985573	Acute myeloid leukemia, NOS	Ovarian Carcinoma	10006190	Amelanotic Melanoma 	269533000	Lung	Multiple Myeloma	Acute Myeloid Leukemia - M3 eosinophilic variant	Stage III	Moderately Differentiated	
diagnosis	CTDC-SUBJECT-293993	CTDC-DIAGNOSIS-217897	Acute myeloid leukemia, NOS	Adenocarcinoma of the Gastroesophageal Junction	10010029	Squamous Cell Carcinoma 	254900004	Bone Marrow	Acute Myeloid Leukemia - poorly-differentiated M1 variant	Acute Myeloid Leukemia - M5 granulocytic variant	Stage IIIC	Grade cannot be assessed	
diagnosis	CTDC-SUBJECT-296184	CTDC-DIAGNOSIS-376700	Ovarian epithelial cancer	Ovarian Carcinoma	10010029	Plasma Cell Myeloma 	17788007	Lymph Node	Non-Small Cell Carcinoma	Acute Myeloid Leukemia - M3 eosinophilic variant	Stage IIIB	Borderline malignancy	
diagnosis	CTDC-SUBJECT-387207	CTDC-DIAGNOSIS-990077	Acute myeloid leukemia, NOS	Adenocarcinoma of the Gastroesophageal Junction	10053571	Acute Myeloid Leukemia 	254634000	Colon	Large Cell Carcinoma	Prostate Carcinoma	Stage IIIC	Poorly Differentiated	
diagnosis	CTDC-SUBJECT-639280	CTDC-DIAGNOSIS-100449	Melanoma	Non-Small Cell Lung Carcinoma	10006190	Plasma Cell Myeloma 	254637007	Prostate	Squamous Cell Carcinoma	Non-Small Cell Carcinoma	Stage IVB	Borderline malignancy	
diagnosis	CTDC-SUBJECT-423309	CTDC-DIAGNOSIS-469453	Melanoma	Colorectal Carcinoma	10036910	Adenocarcinoma 	70594002	Gastroesophageal Junction	Adenosquamous Carcinoma	Invasive Adenocarcinoma	Stage III	Borderline malignancy	
diagnosis	CTDC-SUBJECT-724373	CTDC-DIAGNOSIS-220622	Colorectal cancer, NOS	Non-Small Cell Lung Carcinoma	10029514	Nodular Melanoma 	28899001	Bone Marrow	High-grade Carcinoma	Plasma Cell Myeloma	Stage IIIC	Borderline malignancy	
diagnosis	CTDC-SUBJECT-254053	CTDC-DIAGNOSIS-973436	Ovarian epithelial cancer	Colorectal Carcinoma	10066354	Prostate Carcinoma 	399068003	Prostate	Large Cell Carcinoma	Prostate Carcinoma	Stage IVB	Borderline malignancy	
diagnosis	CTDC-SUBJECT-826378	CTDC-DIAGNOSIS-638035	Primary peritoneal carcinoma	Ovarian Carcinoma	10041071	Rectal Adenoma 	128922003	Rectum	Multiple Myeloma	Small Cell Carcinoma	Stage IVC	Grade cannot be assessed	
diagnosis	CTDC-SUBJECT-865958	CTDC-DIAGNOSIS-819281	Adenocarcinoma of the gastroesophageal junction	Adenocarcinoma of the Gastroesophageal Junction	10041071	Small Cell Lung Carcinoma 	408645001	Lymph Node	Small Cell Carcinoma	Small Cell Carcinoma	Stage IVC	Borderline malignancy	
diagnosis	CTDC-SUBJECT-774908	CTDC-DIAGNOSIS-731988	Acute myeloid leukemia, NOS	Acute Myeloid Leukemia Not Otherwise Specified	10028566	Small Cell Lung Carcinoma 	70594002	Gastroesophageal Junction	Multiple Myeloma	Large Cell Carcinoma	Stage IVA	Undifferentiated grade	
diagnosis	CTDC-SUBJECT-550851	CTDC-DIAGNOSIS-156882	Adenocarcinoma of the gastroesophageal junction	Plasma Cell Myeloma	10041071	Multiple myeloma 	269533000	Lymph Node	Small Cell Carcinoma	Acute Myeloid Leukemia - M3 eosinophilic variant	Stage IV	Well Differentiated	
diagnosis	CTDC-SUBJECT-249982	CTDC-DIAGNOSIS-305123	Melanoma	Invasive Breast Carcinoma	10029514	Rectal Carcinoma 	254582000	Colon	Acute Myeloid Leukemia - M5 granulocytic variant	Acute Myeloid Leukemia - poorly-differentiated M1 variant	Stage III	Moderately Differentiated	
diagnosis	CTDC-SUBJECT-554104	CTDC-DIAGNOSIS-468862	Ovarian epithelial cancer	Acute Myeloid Leukemia Not Otherwise Specified	10033159	Rectal Adenoma 	428054006	Rectum	Plasma Cell Myeloma	Non-Small Cell Carcinoma	Stage IVC	Borderline malignancy	
diagnosis	CTDC-SUBJECT-687307	CTDC-DIAGNOSIS-351526	Colorectal cancer, NOS	Prostate Carcinoma	10033159	Nodular Melanoma 	72495009	Lung	Invasive Adenocarcinoma	Melanoma	Stage IV	Well Differentiated	
diagnosis	CTDC-SUBJECT-265741	CTDC-DIAGNOSIS-329140	Acute myeloid leukemia, NOS	Plasma Cell Myeloma	10000884	Squamous Cell Carcinoma 	399730005	Lung	Multiple Myeloma	Small Cell Carcinoma	Stage IVA	Borderline malignancy	
diagnosis	CTDC-SUBJECT-463006	CTDC-DIAGNOSIS-308498	Fallopian tube carcinoma	Non-Small Cell Lung Carcinoma	10006190	Amelanotic Melanoma 	55921005b	Rectum	Acute Myeloid Leukemia - M3 eosinophilic variant	Non-Small Cell Carcinoma	Stage IVB	Well Differentiated	
diagnosis	CTDC-SUBJECT-390783	CTDC-DIAGNOSIS-741710	Acute myeloid leukemia, NOS	Plasma Cell Myeloma	10029514	Lung Carcinoma 	188717001	Prostate	Acute Myeloid Leukemia - poorly-differentiated M1 variant	Small Cell Carcinoma	Stage IVB	Grade cannot be assessed	
diagnosis	CTDC-SUBJECT-180549	CTDC-DIAGNOSIS-961635	Esophageal cancer, NOS	Invasive Breast Carcinoma	10000884	Squamous Cell Lung Carcinoma 	253000007	Colon	High-grade Carcinoma	Non-Small Cell Carcinoma	Stage IVB	Poorly Differentiated	
diagnosis	CTDC-SUBJECT-995809	CTDC-DIAGNOSIS-314420	Invasive breast carcinoma	Non-Small Cell Lung Carcinoma	10033159	Colon Adenoma 	254838004	Rectum	Melanoma	Acute Myeloid Leukemia - M3 eosinophilic variant	Stage IV	Borderline malignancy	
diagnosis	CTDC-SUBJECT-386686	CTDC-DIAGNOSIS-634577	Esophageal cancer, NOS	Non-Small Cell Lung Carcinoma	10036910	Superficial Spreading Melanoma 	254582000	Colon	Small Cell Carcinoma	Acute Myeloid Leukemia - M5 granulocytic variant	Stage IIIC	Borderline malignancy	
diagnosis	CTDC-SUBJECT-262510	CTDC-DIAGNOSIS-878677	Myeloma, NOS	Melanoma	10028566	Adenocarcinoma 	37138001	Prostate	Squamous Cell Carcinoma	Non-Small Cell Carcinoma	Stage IIIC	Well Differentiated	
diagnosis	CTDC-SUBJECT-622335	CTDC-DIAGNOSIS-328562	Gastric cancer, NOS	Invasive Breast Carcinoma	10036910	Plasma Cell Myeloma 	276803003	Lymph Node	Melanoma	Acute Myeloid Leukemia - M3 eosinophilic variant	Stage IVC	Borderline malignancy	
diagnosis	CTDC-SUBJECT-496827	CTDC-DIAGNOSIS-262007	Primary peritoneal carcinoma	Colorectal Carcinoma	10066354	Plasma Cell Myeloma 	35917007	Bone Marrow	Melanoma	Acute Myeloid Leukemia - poorly-differentiated M1 variant	Stage IIIB	Borderline malignancy	
diagnosis	CTDC-SUBJECT-946167	CTDC-DIAGNOSIS-323694	Esophageal cancer, NOS	Prostate Carcinoma	10066354	Prostate Carcinoma 	254838004	Rectum	Adenosquamous Carcinoma	Plasma Cell Myeloma	Stage IVB	Well Differentiated	
diagnosis	CTDC-SUBJECT-252950	CTDC-DIAGNOSIS-712555	Prostate cancer, NOS	Adenocarcinoma of the Gastroesophageal Junction	10000884	Epithelioid Cell Melanoma 	17788007	Rectum	Large Cell Carcinoma	Plasma Cell Myeloma	Stage IVC	Grade cannot be assessed	
diagnosis	CTDC-SUBJECT-702420	CTDC-DIAGNOSIS-742665	Primary peritoneal carcinoma	Colorectal Carcinoma	10033159	Breast Carcinoma 	109989006	Lymph Node	Multiple Myeloma	Adenocarcinoma	Stage III	Moderately Differentiated	
diagnosis	CTDC-SUBJECT-743178	CTDC-DIAGNOSIS-978041	Fallopian tube carcinoma	Colorectal Carcinoma	10053571	Small Cell Lung Carcinoma 	188717001	Rectum	Acute Myeloid Leukemia - M3 eosinophilic variant	Plasma Cell Myeloma	Stage IIIA	Borderline malignancy	
diagnosis	CTDC-SUBJECT-206266	CTDC-DIAGNOSIS-801304	Myeloma, NOS	Invasive Breast Carcinoma	10033159	Epithelioid Cell Melanoma 	70594002	Colon	Acute Myeloid Leukemia - M3 eosinophilic variant	Invasive Adenocarcinoma	Stage IIIB	Borderline malignancy	
diagnosis	CTDC-SUBJECT-161315	CTDC-DIAGNOSIS-374634	Colorectal cancer, NOS	Non-Small Cell Lung Carcinoma	10010029	Plasma Cell Myeloma 	254633006	Rectum	Non-Small Cell Carcinoma	Squamous Cell Carcinoma	Stage IV	Well Differentiated	
diagnosis	CTDC-SUBJECT-724275	CTDC-DIAGNOSIS-296904	Non-small cell lung cancer, NOS	Non-Small Cell Lung Carcinoma	10000884	Small Cell Lung Carcinoma 	93655004	Colon	Acute Myeloid Leukemia - M5 granulocytic variant	Large Cell Carcinoma	Stage IVA	Poorly Differentiated	
diagnosis	CTDC-SUBJECT-417394	CTDC-DIAGNOSIS-864503	Colorectal cancer, NOS	Prostate Carcinoma	10036910	Prostate Adenocarcinoma 	254838004	Bone Marrow	Plasma Cell Myeloma	Non-Small Cell Carcinoma	Stage IIIC	Undifferentiated grade	
diagnosis	CTDC-SUBJECT-880446	CTDC-DIAGNOSIS-214909	Esophageal cancer, NOS	Acute Myeloid Leukemia Not Otherwise Specified	10041071	Melanoma 	448993007	Epidermis	Adenocarcinoma	Adenosquamous Carcinoma	Stage IIIA	Grade cannot be assessed	
diagnosis	CTDC-SUBJECT-498683	CTDC-DIAGNOSIS-967524	Primary peritoneal carcinoma	Invasive Breast Carcinoma	10033159	Colon Carcinoma 	399730005	Bone Marrow	Plasma Cell Myeloma	Acute Myeloid Leukemia - M5 granulocytic variant	Stage IV	Undifferentiated grade	
diagnosis	CTDC-SUBJECT-379968	CTDC-DIAGNOSIS-379168	Melanoma	Melanoma	10033159	Multiple myeloma 	28899001	Rectum	Acute Myeloid Leukemia - M5 granulocytic variant	Small Cell Carcinoma	Stage IVC	Borderline malignancy	
diagnosis	CTDC-SUBJECT-408313	CTDC-DIAGNOSIS-491746	Invasive breast carcinoma	Colorectal Carcinoma	10028566	Squamous Cell Carcinoma 	254900004	Lymph Node	Acute Myeloid Leukemia - poorly-differentiated M1 variant	Invasive Adenocarcinoma	Stage IVA	Grade cannot be assessed	
diagnosis	CTDC-SUBJECT-839702	CTDC-DIAGNOSIS-351407	Esophageal cancer, NOS	Plasma Cell Myeloma	10066354	Colon Adenoma 	269533000	Bone Marrow	Prostate Carcinoma	Melanoma	Stage IIIA	Borderline malignancy	
diagnosis	CTDC-SUBJECT-202893	CTDC-DIAGNOSIS-563170	Adenocarcinoma of the gastroesophageal junction	Adenocarcinoma of the Gastroesophageal Junction	10041071	Multiple myeloma 	408647009	Rectum	Plasma Cell Myeloma	Multiple Myeloma	Stage IV	Well Differentiated	
diagnosis	CTDC-SUBJECT-681212	CTDC-DIAGNOSIS-207610	Esophageal cancer, NOS	Small Cell Lung Carcinoma	10053571	Lung Carcinoma 	254633006	Colon	Squamous Cell Carcinoma	Adenosquamous Carcinoma	Stage IIIC	Undifferentiated grade	
diagnosis	CTDC-SUBJECT-221942	CTDC-DIAGNOSIS-561038	Non-small cell lung cancer, NOS	Prostate Carcinoma	10053571	Neuroendocrine Carcinoma 	28899001	Prostate	Acute Myeloid Leukemia - M3 eosinophilic variant	Acute Myeloid Leukemia - M5 granulocytic variant	Stage III	Borderline malignancy	
diagnosis	CTDC-SUBJECT-646347	CTDC-DIAGNOSIS-888290	Prostate cancer, NOS	Ovarian Carcinoma	10028566	Adenocarcinoma 	70594002	Rectum	Multiple Myeloma	Adenocarcinoma	Stage IIIB	Well Differentiated	
diagnosis	CTDC-SUBJECT-301806	CTDC-DIAGNOSIS-468711	Small cell lung cancer	Adenocarcinoma of the Gastroesophageal Junction	10033159	Melanoma 	402815007	Epidermis	Acute Myeloid Leukemia - poorly-differentiated M1 variant	Plasma Cell Myeloma	Stage IIIA	Well Differentiated	
diagnosis	CTDC-SUBJECT-159850	CTDC-DIAGNOSIS-136155	Melanoma	Non-Small Cell Lung Carcinoma	10029514	Colon Adenoma	93655004	Rectum	Squamous Cell Carcinoma	Prostate Carcinoma	Stage IIIA	Undifferentiated grade	
diagnosis	CTDC-SUBJECT-447893	CTDC-DIAGNOSIS-786169	Adenocarcinoma of the gastroesophageal junction	Adenocarcinoma of the Gastroesophageal Junction	10000884	Plasma Cell Myeloma 	72495009	Rectum	Adenocarcinoma	Large Cell Carcinoma	Stage IIIC	Undifferentiated grade	
diagnosis	CTDC-SUBJECT-105359	CTDC-DIAGNOSIS-702585	Myeloma, NOS	Small Cell Lung Carcinoma	10000884	Rectal Adenoma 	2092003	Colon	Large Cell Carcinoma	Squamous Cell Carcinoma	Stage IVB	Borderline malignancy	
diagnosis	CTDC-SUBJECT-323772	CTDC-DIAGNOSIS-790811	Invasive breast carcinoma	Ovarian Carcinoma	10010029	Prostate Adenocarcinoma 	17788007	Colon	Acute Myeloid Leukemia - M5 granulocytic variant	Invasive Adenocarcinoma	Stage IIIC	Borderline malignancy	
diagnosis	CTDC-SUBJECT-668537	CTDC-DIAGNOSIS-672958	Acute myeloid leukemia, NOS	Non-Small Cell Lung Carcinoma	10053571	Amelanotic Melanoma 	408647009	Rectum	Adenocarcinoma	Non-Small Cell Carcinoma	Stage IIIB	Well Differentiated	
diagnosis	CTDC-SUBJECT-389624	CTDC-DIAGNOSIS-174840	Colorectal cancer, NOS	Prostate Carcinoma	10066354	Colorectal Adenocarcinoma 	35917007	Colon	Melanoma	High-grade Carcinoma	Stage IVA	Undifferentiated grade	
diagnosis	CTDC-SUBJECT-211748	CTDC-DIAGNOSIS-544476	Gastric cancer, NOS	Prostate Carcinoma	10041071	Mucinous Adenocarcinoma 	408647009	Bone Marrow	Plasma Cell Myeloma	Adenocarcinoma	Stage IIIA	Grade cannot be assessed	
diagnosis	CTDC-SUBJECT-821817	CTDC-DIAGNOSIS-204406	Colorectal cancer, NOS	Acute Myeloid Leukemia Not Otherwise Specified	10066354	Rectal Carcinoma 	72495009	Prostate	Prostate Carcinoma	Small Cell Carcinoma	Stage IIIB	Poorly Differentiated	
diagnosis	CTDC-SUBJECT-959503	CTDC-DIAGNOSIS-541603	Small cell lung cancer	Prostate Carcinoma	10010029	Breast Carcinoma 	2142002	Epidermis	Adenocarcinoma	Melanoma	Stage IIIB	Borderline malignancy	
diagnosis	CTDC-SUBJECT-476464	CTDC-DIAGNOSIS-352455	Non-small cell lung cancer, NOS	Small Cell Lung Carcinoma	10028566	Prostate Adenocarcinoma 	428054006	Rectum	Melanoma	Adenocarcinoma	Stage IVC	Well Differentiated	
diagnosis	CTDC-SUBJECT-648259	CTDC-DIAGNOSIS-337224	Melanoma	Melanoma	10053571	Small Cell Lung Carcinoma 	448993007	Rectum	Squamous Cell Carcinoma	Acute Myeloid Leukemia - M5 granulocytic variant	Stage III	Poorly Differentiated	
diagnosis	CTDC-SUBJECT-894501	CTDC-DIAGNOSIS-649329	Myeloma, NOS	Non-Small Cell Lung Carcinoma	10053571	Colon Carcinoma 	72495009	Epidermis	Squamous Cell Carcinoma	Multiple Myeloma	Stage IIIC	Grade cannot be assessed	
diagnosis	CTDC-SUBJECT-115563	CTDC-DIAGNOSIS-695326	Esophageal cancer, NOS	Invasive Breast Carcinoma	10041071	Prostate Carcinoma 	402815007	Epidermis	Acute Myeloid Leukemia - M5 granulocytic variant	Acute Myeloid Leukemia - M3 eosinophilic variant	Stage IVC	Grade cannot be assessed	
diagnosis	CTDC-SUBJECT-433750	CTDC-DIAGNOSIS-115307	Ovarian epithelial cancer	Prostate Carcinoma	10036910	Nodular Melanoma 	399068003	Bone Marrow	Melanoma	Acute Myeloid Leukemia - M5 granulocytic variant	Stage IVA	Borderline malignancy	
diagnosis	CTDC-SUBJECT-144313	CTDC-DIAGNOSIS-796137	Prostate cancer, NOS	Adenocarcinoma of the Gastroesophageal Junction	10033159	Plasma Cell Myeloma 	35917007	Lymph Node	High-grade Carcinoma	Squamous Cell Carcinoma	Stage IVA	Borderline malignancy	
diagnosis	CTDC-SUBJECT-593393	CTDC-DIAGNOSIS-698975	Non-small cell lung cancer, NOS	Non-Small Cell Lung Carcinoma	10066354	Esophageal Adenocarcinoma 	254637007	Epidermis	Small Cell Carcinoma	Acute Myeloid Leukemia - M3 eosinophilic variant	Stage IVC	Moderately Differentiated	
diagnosis	CTDC-SUBJECT-436957	CTDC-DIAGNOSIS-955075	Colorectal cancer, NOS	Prostate Carcinoma	10028566	Small Cell Carcinoma 	254634000	Colon	Acute Myeloid Leukemia - M3 eosinophilic variant	Acute Myeloid Leukemia - poorly-differentiated M1 variant	Stage IIIC	Poorly Differentiated	
diagnosis	CTDC-SUBJECT-116372	CTDC-DIAGNOSIS-356573	Gastric cancer, NOS	Melanoma	10006190	Squamous Cell Lung Carcinoma 	37138001	Bone Marrow	Acute Myeloid Leukemia - poorly-differentiated M1 variant	Invasive Adenocarcinoma	Stage IIIC	Poorly Differentiated	
diagnosis	CTDC-SUBJECT-719750	CTDC-DIAGNOSIS-802678	Gastric cancer, NOS	Ovarian Carcinoma	10006190	Adenocarcinoma 	109989006	Rectum	Plasma Cell Myeloma	High-grade Carcinoma	Stage IIIB	Poorly Differentiated	
diagnosis	CTDC-SUBJECT-489761	CTDC-DIAGNOSIS-657619	Gastric cancer, NOS	Prostate Carcinoma	10041071	Plasma Cell Myeloma 	254637007	Lymph Node	Acute Myeloid Leukemia - M3 eosinophilic variant	Squamous Cell Carcinoma	Stage IIIC	Grade cannot be assessed	
diagnosis	CTDC-SUBJECT-189635	CTDC-DIAGNOSIS-467710	Gastric cancer, NOS	Prostate Carcinoma	10029514	Squamous Cell Lung Carcinoma 	254730000	Lung	Adenosquamous Carcinoma	Squamous Cell Carcinoma	Stage IIIA	Borderline malignancy	
diagnosis	CTDC-SUBJECT-980511	CTDC-DIAGNOSIS-172424	Adenocarcinoma of the gastroesophageal junction	Melanoma	10033159	Nodular Melanoma 	109989006	Epidermis	Melanoma	Acute Myeloid Leukemia - M3 eosinophilic variant	Stage IV	Borderline malignancy	
diagnosis	CTDC-SUBJECT-922456	CTDC-DIAGNOSIS-969426	Colorectal cancer, NOS	Plasma Cell Myeloma	10033159	Superficial Spreading Melanoma 	254582000	Gastroesophageal Junction	Multiple Myeloma	Multiple Myeloma	Stage IVC	Borderline malignancy	
diagnosis	CTDC-SUBJECT-969430	CTDC-DIAGNOSIS-419952	Non-small cell lung cancer, NOS	Ovarian Carcinoma	10033159	Adenocarcinoma 	254838004	Lymph Node	Acute Myeloid Leukemia - poorly-differentiated M1 variant	Adenosquamous Carcinoma	Stage IIIA	Borderline malignancy	
diagnosis	CTDC-SUBJECT-924034	CTDC-DIAGNOSIS-914986	Non-small cell lung cancer, NOS	Acute Myeloid Leukemia Not Otherwise Specified	10041071	Melanoma	276803003	Rectum	Adenosquamous Carcinoma	Squamous Cell Carcinoma	Stage IIIB	Borderline malignancy	
diagnosis	CTDC-SUBJECT-741080	CTDC-DIAGNOSIS-141525	Prostate cancer, NOS	Small Cell Lung Carcinoma	10036910	Adenocarcinoma	399730005	Prostate	Prostate Carcinoma	Large Cell Carcinoma	Stage III	Borderline malignancy	
diagnosis	CTDC-SUBJECT-221047	CTDC-DIAGNOSIS-808000	Invasive breast carcinoma	Prostate Carcinoma	10036910	Breast Carcinoma	254632001	Colon	Plasma Cell Myeloma	Large Cell Carcinoma	Stage IIIA	Grade cannot be assessed	
diagnosis	CTDC-SUBJECT-480486	CTDC-DIAGNOSIS-885988	Primary peritoneal carcinoma	Melanoma	10033159	Neuroendocrine Carcinoma	402815007	Gastroesophageal Junction	Adenosquamous Carcinoma	Squamous Cell Carcinoma	Stage IVA	Borderline malignancy	
diagnosis	CTDC-SUBJECT-247208	CTDC-DIAGNOSIS-615162	Acute myeloid leukemia, NOS	Adenocarcinoma of the Gastroesophageal Junction	10010029	Rectal Carcinoma	74364000	Prostate	High-grade Carcinoma	Non-Small Cell Carcinoma	Stage IVC	Undifferentiated grade	
diagnosis	CTDC-SUBJECT-390087	CTDC-DIAGNOSIS-880944	Colorectal cancer, NOS	Melanoma	10000884	Gastric Adenocarcinoma	443961001	Colon	Adenocarcinoma	Adenocarcinoma	Stage IIIC	Undifferentiated grade	
diagnosis	CTDC-SUBJECT-316498	CTDC-DIAGNOSIS-753465	Colorectal cancer, NOS	Non-Small Cell Lung Carcinoma	10036910	Epithelioid Cell Melanoma	399490008	Lung	Large Cell Carcinoma	Prostate Carcinoma	Stage III	Well Differentiated	
diagnosis	CTDC-SUBJECT-144844	CTDC-DIAGNOSIS-760134	Esophageal cancer, NOS	Adenocarcinoma of the Gastroesophageal Junction	10041071	Superficial Spreading Melanoma	74364000	Prostate	Large Cell Carcinoma	Adenocarcinoma	Stage IIIA	Undifferentiated grade	
diagnosis	CTDC-SUBJECT-956257	CTDC-DIAGNOSIS-232724	Colorectal cancer, NOS	Adenocarcinoma of the Gastroesophageal Junction	10041071	Colon Carcinoma	128922003	Lymph Node	Acute Myeloid Leukemia - M3 eosinophilic variant	Acute Myeloid Leukemia - M5 granulocytic variant	Stage IVB	Moderately Differentiated	
diagnosis	CTDC-SUBJECT-880100	CTDC-DIAGNOSIS-495530	Colorectal cancer, NOS	Plasma Cell Myeloma	10066354	Melanoma	276803003	Colon	Adenocarcinoma	Acute Myeloid Leukemia - M3 eosinophilic variant	Stage IIIC	Poorly Differentiated	
diagnosis	CTDC-SUBJECT-241144	CTDC-DIAGNOSIS-807386	Esophageal cancer, NOS	Melanoma	10028566	Plasma Cell Myeloma	408645001	Lymph Node	High-grade Carcinoma	Plasma Cell Myeloma	Stage IVA	Borderline malignancy	
diagnosis	CTDC-SUBJECT-649082	CTDC-DIAGNOSIS-547371	Melanoma	Melanoma	10000884	Breast Carcinoma	402815007	Lymph Node	Plasma Cell Myeloma	Invasive Adenocarcinoma	Stage IIIC	Undifferentiated grade	
diagnosis	CTDC-SUBJECT-818301	CTDC-DIAGNOSIS-174310	Ovarian epithelial cancer	Acute Myeloid Leukemia Not Otherwise Specified	10000884	Colon Carcinoma	254637007	Prostate	Plasma Cell Myeloma	Melanoma	Stage IIIB	Undifferentiated grade	
diagnosis	CTDC-SUBJECT-348141	CTDC-DIAGNOSIS-293623	Acute myeloid leukemia, NOS	Invasive Breast Carcinoma	10028566	Plasma Cell Leukemia	372244006	Prostate	Multiple Myeloma	Small Cell Carcinoma	Stage IVA	Borderline malignancy	
diagnosis	CTDC-SUBJECT-123051	CTDC-DIAGNOSIS-150491	Colorectal cancer, NOS	Acute Myeloid Leukemia Not Otherwise Specified	10006190	Non-Small Cell Lung Carcinoma	109989006	Bone Marrow	High-grade Carcinoma	Melanoma	Stage IVB	Well Differentiated	
diagnosis	CTDC-SUBJECT-926826	CTDC-DIAGNOSIS-454235	Fallopian tube carcinoma	Melanoma	10006190	Mucinous Adenocarcinoma 	254582000	Gastroesophageal Junction	Melanoma	Adenocarcinoma	Stage IIIB	Grade cannot be assessed	
diagnosis	CTDC-SUBJECT-580164	CTDC-DIAGNOSIS-484754	Small cell lung cancer	Ovarian Carcinoma	10041071	Lung Carcinoma 	276803003	Gastroesophageal Junction	Prostate Carcinoma	Adenosquamous Carcinoma	Stage IIIA	Poorly Differentiated	
diagnosis	CTDC-SUBJECT-848158	CTDC-DIAGNOSIS-906323	Prostate cancer, NOS	Ovarian Carcinoma	10033159	Cutaneous Melanoma 	254730000	Lung	Non-Small Cell Carcinoma	Small Cell Carcinoma	Stage IIIA	Poorly Differentiated	
diagnosis	CTDC-SUBJECT-362134	CTDC-DIAGNOSIS-290839	Myeloma, NOS	Prostate Carcinoma	10010029	Rectal Carcinoma 	276803003	Rectum	Melanoma	Melanoma	Stage IIIC	Well Differentiated	
diagnosis	CTDC-SUBJECT-406843	CTDC-DIAGNOSIS-678130	Fallopian tube carcinoma	Colorectal Carcinoma	10006190	Plasma Cell Leukemia 	254637007	Lung	Adenosquamous Carcinoma	Large Cell Carcinoma	Stage IIIA	Poorly Differentiated	
diagnosis	CTDC-SUBJECT-107225	CTDC-DIAGNOSIS-457313	Invasive breast carcinoma	Non-Small Cell Lung Carcinoma	10033159	Prostate Carcinoma 	408647009	Lung	Acute Myeloid Leukemia - M3 eosinophilic variant	Melanoma	Stage IIIC	Borderline malignancy	
diagnosis	CTDC-SUBJECT-453504	CTDC-DIAGNOSIS-135637	Fallopian tube carcinoma	Prostate Carcinoma	10028566	Gastric Adenocarcinoma 	28899001	Lymph Node	Large Cell Carcinoma	Small Cell Carcinoma	Stage IIIB	Undifferentiated grade	
diagnosis	CTDC-SUBJECT-375632	CTDC-DIAGNOSIS-184840	Fallopian tube carcinoma	Colorectal Carcinoma	10041071	Neuroendocrine Carcinoma 	128922003	Lymph Node	Non-Small Cell Carcinoma	Prostate Carcinoma	Stage III	Borderline malignancy	
diagnosis	CTDC-SUBJECT-484915	CTDC-DIAGNOSIS-942142	Gastric cancer, NOS	Colorectal Carcinoma	10010029	Non-Small Cell Lung Carcinoma 	254633006	Colon	Plasma Cell Myeloma	Non-Small Cell Carcinoma	Stage IV	Well Differentiated	
diagnosis	CTDC-SUBJECT-196654	CTDC-DIAGNOSIS-815861	Non-small cell lung cancer, NOS	Small Cell Lung Carcinoma	10029514	Neuroendocrine Carcinoma 	254632001	Colon	High-grade Carcinoma	Invasive Adenocarcinoma	Stage IVB	Well Differentiated	
diagnosis	CTDC-SUBJECT-947001	CTDC-DIAGNOSIS-234143	Esophageal cancer, NOS	Non-Small Cell Lung Carcinoma	10010029	Prostate Carcinoma 	254900004	Epidermis	Invasive Adenocarcinoma	High-grade Carcinoma	Stage IIIA	Well Differentiated	
diagnosis	CTDC-SUBJECT-811589	CTDC-DIAGNOSIS-242164	Acute myeloid leukemia, NOS	Adenocarcinoma of the Gastroesophageal Junction	10036910	Mucinous Adenocarcinoma 	254900004	Rectum	Adenosquamous Carcinoma	Plasma Cell Myeloma	Stage IVB	Borderline malignancy	
diagnosis	CTDC-SUBJECT-169598	CTDC-DIAGNOSIS-211593	Invasive breast carcinoma	Acute Myeloid Leukemia Not Otherwise Specified	10029514	Small Cell Carcinoma 	35917007	Rectum	Non-Small Cell Carcinoma	Prostate Carcinoma	Stage IVC	Well Differentiated	
diagnosis	CTDC-SUBJECT-346190	CTDC-DIAGNOSIS-197718	Prostate cancer, NOS	Prostate Carcinoma	10000884	Nodular Melanoma 	188717001	Lung	Acute Myeloid Leukemia - poorly-differentiated M1 variant	Acute Myeloid Leukemia - poorly-differentiated M1 variant	Stage IVA	Poorly Differentiated	
diagnosis	CTDC-SUBJECT-589930	CTDC-DIAGNOSIS-335630	Invasive breast carcinoma	Prostate Carcinoma	10029514	Small Cell Lung Carcinoma 	254633006	Lymph Node	High-grade Carcinoma	Melanoma	Stage IV	Grade cannot be assessed	
diagnosis	CTDC-SUBJECT-341676	CTDC-DIAGNOSIS-707724	Fallopian tube carcinoma	Adenocarcinoma of the Gastroesophageal Junction	10028566	Plasma Cell Myeloma	254838004	Rectum	Multiple Myeloma	Adenocarcinoma	Stage III	Poorly Differentiated	
diagnosis	CTDC-SUBJECT-147802	CTDC-DIAGNOSIS-694844	Acute myeloid leukemia, NOS	Adenocarcinoma of the Gastroesophageal Junction	10006190	Squamous Cell Lung Carcinoma	254900004	Lung	Adenocarcinoma	Multiple Myeloma	Stage IVB	Well Differentiated	
diagnosis	CTDC-SUBJECT-588312	CTDC-DIAGNOSIS-903148	Gastric cancer, NOS	Adenocarcinoma of the Gastroesophageal Junction	10010029	Neuroendocrine Carcinoma	55921005a	Colon	Plasma Cell Myeloma	Invasive Adenocarcinoma	Stage III	Grade cannot be assessed	
diagnosis	CTDC-SUBJECT-718208	CTDC-DIAGNOSIS-306112	Melanoma	Small Cell Lung Carcinoma	10010029	Esophageal Adenocarcinoma	448993007	Lung	Large Cell Carcinoma	Small Cell Carcinoma	Stage IV	Well Differentiated	
diagnosis	CTDC-SUBJECT-581720	CTDC-DIAGNOSIS-448785	Gastric cancer, NOS	Small Cell Lung Carcinoma	10041071	Rectal Carcinoma	17788007	Gastroesophageal Junction	Melanoma	Acute Myeloid Leukemia - M5 granulocytic variant	Stage IIIB	Borderline malignancy	
													
													
													
													
													
													
													
													
													
													
													
													
													
													
													
													
													
													
													
													
													
													
													
													
													
													
													
													
													
													
													
													
													
													
													
													
													
													
													
													
													
													
													
													
													
													
													
													
													
													
													
													
													
													
													
													
													
													
													
													
													
													
													
													
													
													
													
													
													
													
													
													
													
													
													
													
													
													
													
													
													
													
													
													
													
													
													
													
													
													
													
													
													
													
													
													
													
													
													
													
													
													
													
													
													
													
													
													
													
													
													
													
													
													
													
													
													
													
													
													
													
													
													
													
													
													
													
													
													
													
													
													
													
													
													
													
													
													
													
