type	participant.participant_id	data_file_uuid	data_file_name	data_file_type	data_file_description	data_file_format	data_file_size	data_file_checksum_value	data_file_checksum_type	data_file_compression_status
data_file	CTDC-SUBJECT-105359	2676C4D8-67BE-460B-A1B3-B63A6BD26186	CTDC_files-example-097	Clinical Report	Details about the contents of the file	pdf	197.96	61959bc5c2b131b30ec6cd34acd497d105	md5sum	Uncompressed
data_file	CTDC-SUBJECT-105359	24DA7E54-966E-46F9-8AD8-A14CDE1FE85B	CTDC_files-example-098	File Collection	Details about the contents of the file	docx	806.25	61959bc5c2b131b30ec6cd34acd497d106	md5sum	Unknown
data_file	CTDC-SUBJECT-115563	7ED1B3AA-CB30-46A4-94FD-730B59D0C40F	CTDC_files-example-117	File Collection	Details about the contents of the file	pdf	235.19	61959bc5c2b131b30ec6cd34acd497d125	md5sum	Uncompressed
data_file	CTDC-SUBJECT-115563	3EE39190-A7D9-4D54-997F-A5700F0049BD	CTDC_files-example-118	Variant Call File	Details about the contents of the file	gz	913.89	61959bc5c2b131b30ec6cd34acd497d126	md5sum	Uncompressed
data_file	CTDC-SUBJECT-116372	9B7C31B7-006B-4077-97B9-0C48E4D91261	CTDC_files-example-127	Variant Call File	Details about the contents of the file	zip	34.02	61959bc5c2b131b30ec6cd34acd497d135	md5sum	Unknown
data_file	CTDC-SUBJECT-116372	06D8D37A-2450-4E11-B792-14BFDAADD62D	CTDC_files-example-128	File Collection	Details about the contents of the file	gz	919.2	61959bc5c2b131b30ec6cd34acd497d136	md5sum	Uncompressed
data_file	CTDC-SUBJECT-144313	3ADA2EBB-39F1-4AF0-AE02-5A79FBA4718A	CTDC_files-example-121	Variant Call File	Details about the contents of the file	pdf	274.47	61959bc5c2b131b30ec6cd34acd497d129	md5sum	Compressed
data_file	CTDC-SUBJECT-144313	27A05946-7BDF-4105-9D45-2EC11FFC305D	CTDC_files-example-122	File Collection	Details about the contents of the file	pdf	639.21	61959bc5c2b131b30ec6cd34acd497d130	md5sum	Unknown
data_file	CTDC-SUBJECT-159850	67B5EAF5-FD60-4CDD-92B1-86F24C3C28C8	CTDC_files-example-093	File Collection	Details about the contents of the file	gz	580.38	61959bc5c2b131b30ec6cd34acd497d101	md5sum	Unknown
data_file	CTDC-SUBJECT-159850	D361CA8C-080B-4E9E-9B59-AF85CB894D52	CTDC_files-example-094	Variant Call File	Details about the contents of the file	docx	204.65	61959bc5c2b131b30ec6cd34acd497d102	md5sum	Compressed
data_file	CTDC-SUBJECT-161315	927026D4-DC75-4E26-B196-EBE4F375100E	CTDC_files-example-079	Variant Report	Details about the contents of the file	docx	601.79	61959bc5c2b131b30ec6cd34acd497d87	md5sum	Unknown
data_file	CTDC-SUBJECT-163620	3201805C-BDA9-4EF1-BDE0-2554668D6983	CTDC_files-example-018	Variant Report	Details about the contents of the file	gz	821.26	61959bc5c2b131b30ec6cd34acd497d26	md5sum	Uncompressed
data_file	CTDC-SUBJECT-165330	4B872778-284C-42FC-80FD-06B41D72E8F8	CTDC_files-example-007	Variant Report	Details about the contents of the file	docx	461.14	61959bc5c2b131b30ec6cd34acd497d15	md5sum	Unknown
data_file	CTDC-SUBJECT-180549	6C785B6A-775D-42EB-AE43-3457DEFE1743	CTDC_files-example-068	Clinical Report	Details about the contents of the file	gz	155.72	61959bc5c2b131b30ec6cd34acd497d76	md5sum	Uncompressed
data_file	CTDC-SUBJECT-189635	D9A10D5C-ECB3-4F52-A2A5-93EA4AC7CEFA	CTDC_files-example-133	File Collection	Details about the contents of the file	gz	670.84	61959bc5c2b131b30ec6cd34acd497d141	md5sum	Compressed
data_file	CTDC-SUBJECT-189635	C855ABE9-008B-4829-8A8A-5E832D5D8C6C	CTDC_files-example-134	Variant Call File	Details about the contents of the file	vcf	347.09	61959bc5c2b131b30ec6cd34acd497d142	md5sum	Uncompressed
data_file	CTDC-SUBJECT-192223	9CF447E7-5AFE-4048-AE61-02155C2714DA	CTDC_files-example-025	File Collection	Details about the contents of the file	gz	820.08	61959bc5c2b131b30ec6cd34acd497d33	md5sum	Uncompressed
data_file	CTDC-SUBJECT-202893	6A44D0FA-C973-4229-9DE7-1678E3E4F3FF	CTDC_files-example-087	File Collection	Details about the contents of the file	pdf	896.8	61959bc5c2b131b30ec6cd34acd497d95	md5sum	Uncompressed
data_file	CTDC-SUBJECT-206266	B131041C-25CA-48F3-B642-EA04D049803C	CTDC_files-example-078	File Collection	Details about the contents of the file	zip	928.93	61959bc5c2b131b30ec6cd34acd497d86	md5sum	Unknown
data_file	CTDC-SUBJECT-210323	5ECAC818-9127-4B46-B11A-6D6030D2FA0B	CTDC_files-example-042	Variant Report	Details about the contents of the file	vcf	557.65	61959bc5c2b131b30ec6cd34acd497d50	md5sum	Unknown
data_file	CTDC-SUBJECT-211748	27C3DBDD-4CC6-4BD1-828C-1C14D6C0436B	CTDC_files-example-105	File Collection	Details about the contents of the file	pdf	746.9	61959bc5c2b131b30ec6cd34acd497d113	md5sum	Compressed
data_file	CTDC-SUBJECT-211748	5E7A37AF-5D49-4E37-8FE3-3C3E48A21676	CTDC_files-example-106	File Collection	Details about the contents of the file	pdf	570.14	61959bc5c2b131b30ec6cd34acd497d114	md5sum	Compressed
data_file	CTDC-SUBJECT-221047	E3FC1B01-F60B-4A5E-BE3C-4EA55C651AAB	CTDC_files-example-145	Clinical Report	Details about the contents of the file	gz	305.91	61959bc5c2b131b30ec6cd34acd497d153	md5sum	Compressed
data_file	CTDC-SUBJECT-221047	C40631F3-34DC-47ED-817E-3F8FD9887326	CTDC_files-example-146	Variant Report	Details about the contents of the file	vcf	436.85	61959bc5c2b131b30ec6cd34acd497d154	md5sum	Compressed
data_file	CTDC-SUBJECT-221942	2DF6C29D-B714-4807-85CE-342EB1DFE11D	CTDC_files-example-089	Clinical Report	Details about the contents of the file	pdf	832.56	61959bc5c2b131b30ec6cd34acd497d97	md5sum	Compressed
data_file	CTDC-SUBJECT-247208	B96A6F7A-BC5E-4F7C-BD4C-2D90515DC287	CTDC_files-example-149	Variant Call File	Details about the contents of the file	docx	619.03	61959bc5c2b131b30ec6cd34acd497d157	md5sum	Compressed
data_file	CTDC-SUBJECT-247208	88C2F7B0-1A49-49E7-A669-FCACC818807A	CTDC_files-example-150	Variant Call File	Details about the contents of the file	pdf	507.55	61959bc5c2b131b30ec6cd34acd497d158	md5sum	Unknown
data_file	CTDC-SUBJECT-249982	9DAED7C4-566F-441D-8460-4D109F24C0B0	CTDC_files-example-062	Variant Report	Details about the contents of the file	gz	441.37	61959bc5c2b131b30ec6cd34acd497d70	md5sum	Unknown
data_file	CTDC-SUBJECT-252950	12908BA6-0A1E-45EF-8D7B-75A2CAD9A52F	CTDC_files-example-075	Variant Call File	Details about the contents of the file	vcf	213.7	61959bc5c2b131b30ec6cd34acd497d83	md5sum	Uncompressed
data_file	CTDC-SUBJECT-254053	5884B111-2307-480F-8A7E-66611167B3D2	CTDC_files-example-057	File Collection	Details about the contents of the file	gz	405.13	61959bc5c2b131b30ec6cd34acd497d65	md5sum	Unknown
data_file	CTDC-SUBJECT-254303	24F01D03-D07A-4E98-B95E-DD01C88746BA	CTDC_files-example-043	Variant Report	Details about the contents of the file	gz	552.92	61959bc5c2b131b30ec6cd34acd497d51	md5sum	Uncompressed
data_file	CTDC-SUBJECT-262510	E8297B26-4F3F-4AC8-8B04-F0DB518726F4	CTDC_files-example-071	Clinical Report	Details about the contents of the file	zip	746.86	61959bc5c2b131b30ec6cd34acd497d79	md5sum	Uncompressed
data_file	CTDC-SUBJECT-265741	ED8025FE-327B-4B15-A4B7-CBDCCF7E3504	CTDC_files-example-065	Clinical Report	Details about the contents of the file	zip	230.39	61959bc5c2b131b30ec6cd34acd497d73	md5sum	Compressed
data_file	CTDC-SUBJECT-273839	EB3EC7B8-EA5A-45A4-9024-41FC102B2994	CTDC_files-example-049	File Collection	Details about the contents of the file	docx	635.42	61959bc5c2b131b30ec6cd34acd497d57	md5sum	Compressed
data_file	CTDC-SUBJECT-288185	593C4AFE-3061-412A-93BE-08FA56EC8BC2	CTDC_files-example-005	Variant Call File	Details about the contents of the file	pdf	728.89	61959bc5c2b131b30ec6cd34acd497d13	md5sum	Uncompressed
data_file	CTDC-SUBJECT-293993	9AAC1C26-D43D-45B2-AB37-6081039C28D4	CTDC_files-example-051	Variant Report	Details about the contents of the file	docx	25.18	61959bc5c2b131b30ec6cd34acd497d59	md5sum	Compressed
data_file	CTDC-SUBJECT-296184	B70E927E-2202-4DF7-B066-6D761C7274C4	CTDC_files-example-052	Variant Call File	Details about the contents of the file	pdf	453.48	61959bc5c2b131b30ec6cd34acd497d60	md5sum	Compressed
data_file	CTDC-SUBJECT-301806	1A36B701-A98B-4EFC-9E7F-ACFDC1D38BAF	CTDC_files-example-091	Clinical Report	Details about the contents of the file	gz	499.22	61959bc5c2b131b30ec6cd34acd497d99	md5sum	Uncompressed
data_file	CTDC-SUBJECT-301806	79072591-5639-432D-9D77-AD29787ECD35	CTDC_files-example-092	Clinical Report	Details about the contents of the file	docx	78.32	61959bc5c2b131b30ec6cd34acd497d100	md5sum	Unknown
data_file	CTDC-SUBJECT-310021	9A41A5E9-BA7B-4F76-9B0A-9A7DF3358855	CTDC_files-example-021	Variant Call File	Details about the contents of the file	vcf	401.29	61959bc5c2b131b30ec6cd34acd497d29	md5sum	Uncompressed
data_file	CTDC-SUBJECT-323772	4E7941D3-5073-4D7C-9FEE-672DE1745ACE	CTDC_files-example-099	Variant Call File	Details about the contents of the file	pdf	53.82	61959bc5c2b131b30ec6cd34acd497d107	md5sum	Uncompressed
data_file	CTDC-SUBJECT-323772	C5FF2FF5-B279-4CF2-B967-197B649B1D65	CTDC_files-example-100	Variant Call File	Details about the contents of the file	pdf	379.39	61959bc5c2b131b30ec6cd34acd497d108	md5sum	Unknown
data_file	CTDC-SUBJECT-328245	E2F105A8-1C05-408D-89CB-B75024000B03	CTDC_files-example-019	Clinical Report	Details about the contents of the file	vcf	992.48	61959bc5c2b131b30ec6cd34acd497d27	md5sum	Uncompressed
data_file	CTDC-SUBJECT-328307	B9BE163C-D016-4020-B145-D5CE0AA200D4	CTDC_files-example-029	File Collection	Details about the contents of the file	vcf	898.94	61959bc5c2b131b30ec6cd34acd497d37	md5sum	Compressed
data_file	CTDC-SUBJECT-336076	A8632A20-CA75-412D-AE0B-0A74451AB18A	CTDC_files-example-048	Variant Report	Details about the contents of the file	docx	885.75	61959bc5c2b131b30ec6cd34acd497d56	md5sum	Uncompressed
data_file	CTDC-SUBJECT-343157	4270A28C-3E10-4F14-9F39-BF7853161391	CTDC_files-example-001	Variant Report	Details about the contents of the file	zip	850.6	61959bc5c2b131b30ec6cd34acd497d9	md5sum	Compressed
data_file	CTDC-SUBJECT-379968	801FC0AF-2560-4348-9063-CCD90FE109EA	CTDC_files-example-084	File Collection	Details about the contents of the file	zip	238.04	61959bc5c2b131b30ec6cd34acd497d92	md5sum	Unknown
data_file	CTDC-SUBJECT-386686	7AFFFA60-2DF6-4276-8A79-D5AB0050A729	CTDC_files-example-070	File Collection	Details about the contents of the file	vcf	700.64	61959bc5c2b131b30ec6cd34acd497d78	md5sum	Compressed
data_file	CTDC-SUBJECT-387207	72C5F337-7D52-40C2-81CE-762CE6180522	CTDC_files-example-053	Variant Report	Details about the contents of the file	gz	843.26	61959bc5c2b131b30ec6cd34acd497d61	md5sum	Unknown
data_file	CTDC-SUBJECT-389624	B6F05809-63C7-4789-B4C4-E4C8D2D24B15	CTDC_files-example-103	Variant Report	Details about the contents of the file	zip	197.85	61959bc5c2b131b30ec6cd34acd497d111	md5sum	Compressed
data_file	CTDC-SUBJECT-389624	951664A9-C567-4F03-B04F-221E15425163	CTDC_files-example-104	File Collection	Details about the contents of the file	pdf	60.31	61959bc5c2b131b30ec6cd34acd497d112	md5sum	Uncompressed
data_file	CTDC-SUBJECT-390783	C941155C-E404-4EAE-ABE9-E4E60B6E3B31	CTDC_files-example-067	File Collection	Details about the contents of the file	gz	286.61	61959bc5c2b131b30ec6cd34acd497d75	md5sum	Uncompressed
data_file	CTDC-SUBJECT-405624	69F12F7D-1D3E-4A96-B67A-A447EFB4057E	CTDC_files-example-037	Variant Report	Details about the contents of the file	docx	363.69	61959bc5c2b131b30ec6cd34acd497d45	md5sum	Compressed
data_file	CTDC-SUBJECT-408313	EBE318F1-8394-4C9E-8DED-3D611C78CFE7	CTDC_files-example-085	Clinical Report	Details about the contents of the file	docx	827.42	61959bc5c2b131b30ec6cd34acd497d93	md5sum	Unknown
data_file	CTDC-SUBJECT-408391	E2D687F3-90A4-4A21-A566-3B039B0A21D5	CTDC_files-example-003	Variant Call File	Details about the contents of the file	pdf	90.4	61959bc5c2b131b30ec6cd34acd497d11	md5sum	Uncompressed
data_file	CTDC-SUBJECT-417394	F6951D71-EAEB-4BB8-B73C-080E2022CAC7	CTDC_files-example-081	File Collection	Details about the contents of the file	zip	913.32	61959bc5c2b131b30ec6cd34acd497d89	md5sum	Unknown
data_file	CTDC-SUBJECT-423309	B1905EDB-BAD2-4FFA-B6C4-9F49512FF2A5	CTDC_files-example-055	Clinical Report	Details about the contents of the file	pdf	757.3	61959bc5c2b131b30ec6cd34acd497d63	md5sum	Uncompressed
data_file	CTDC-SUBJECT-433750	4B0032B6-1817-4413-A4EF-A93FF0B4F48D	CTDC_files-example-119	Clinical Report	Details about the contents of the file	gz	33.56	61959bc5c2b131b30ec6cd34acd497d127	md5sum	Unknown
data_file	CTDC-SUBJECT-433750	8877E57A-CCA1-4D11-9347-F79EC1D94C06	CTDC_files-example-120	Clinical Report	Details about the contents of the file	pdf	896.92	61959bc5c2b131b30ec6cd34acd497d128	md5sum	Uncompressed
data_file	CTDC-SUBJECT-436957	D314A728-3A6A-4289-8FDD-67846C751795	CTDC_files-example-125	Variant Call File	Details about the contents of the file	pdf	328.15	61959bc5c2b131b30ec6cd34acd497d133	md5sum	Unknown
data_file	CTDC-SUBJECT-436957	446FB1AF-818B-4713-B22C-2E643D952713	CTDC_files-example-126	File Collection	Details about the contents of the file	zip	808.9	61959bc5c2b131b30ec6cd34acd497d134	md5sum	Unknown
data_file	CTDC-SUBJECT-443429	A05C41AF-9AA1-4951-ACA2-B3151A11FF9F	CTDC_files-example-032	File Collection	Details about the contents of the file	zip	978.69	61959bc5c2b131b30ec6cd34acd497d40	md5sum	Compressed
data_file	CTDC-SUBJECT-445414	23C36125-1CB0-4D49-8660-C2BD5A2A6F5B	CTDC_files-example-020	Variant Call File	Details about the contents of the file	pdf	622.87	61959bc5c2b131b30ec6cd34acd497d28	md5sum	Unknown
data_file	CTDC-SUBJECT-447893	4086164B-EEBE-4B9D-B777-057C57661907	CTDC_files-example-095	Variant Report	Details about the contents of the file	gz	91.84	61959bc5c2b131b30ec6cd34acd497d103	md5sum	Compressed
data_file	CTDC-SUBJECT-447893	4BFE8FFC-921E-4CC8-BCA9-A0D0744FB7BD	CTDC_files-example-096	Clinical Report	Details about the contents of the file	pdf	495.81	61959bc5c2b131b30ec6cd34acd497d104	md5sum	Uncompressed
data_file	CTDC-SUBJECT-456180	2EA0726B-5216-4733-990C-87EB02223C83	CTDC_files-example-045	Clinical Report	Details about the contents of the file	pdf	315.81	61959bc5c2b131b30ec6cd34acd497d53	md5sum	Uncompressed
data_file	CTDC-SUBJECT-456210	C813C81E-B8D3-4969-A420-F004424DE297	CTDC_files-example-002	File Collection	Details about the contents of the file	pdf	343.41	61959bc5c2b131b30ec6cd34acd497d10	md5sum	Unknown
data_file	CTDC-SUBJECT-459688	511A8FD2-587F-49A0-B55E-60456B225E23	CTDC_files-example-015	File Collection	Details about the contents of the file	zip	849.86	61959bc5c2b131b30ec6cd34acd497d23	md5sum	Compressed
data_file	CTDC-SUBJECT-463006	165CA289-1BBD-4164-811F-BF87DC31C38E	CTDC_files-example-066	Variant Call File	Details about the contents of the file	vcf	617.48	61959bc5c2b131b30ec6cd34acd497d74	md5sum	Compressed
data_file	CTDC-SUBJECT-476464	05F82E7C-7C46-4FE6-87D1-7E6C6480480F	CTDC_files-example-111	Clinical Report	Details about the contents of the file	docx	601.67	61959bc5c2b131b30ec6cd34acd497d119	md5sum	Compressed
data_file	CTDC-SUBJECT-476464	A81B37CB-50F4-4E76-80A3-391DF64C1786	CTDC_files-example-112	Clinical Report	Details about the contents of the file	vcf	769.21	61959bc5c2b131b30ec6cd34acd497d120	md5sum	Uncompressed
data_file	CTDC-SUBJECT-480486	8AAE6F18-AA40-487F-ABF7-21CA2A88C39B	CTDC_files-example-147	Variant Call File	Details about the contents of the file	docx	801.88	61959bc5c2b131b30ec6cd34acd497d155	md5sum	Uncompressed
data_file	CTDC-SUBJECT-480486	77D891B0-327F-4772-9E8E-2C8AC1BD102F	CTDC_files-example-148	File Collection	Details about the contents of the file	docx	319.28	61959bc5c2b131b30ec6cd34acd497d156	md5sum	Uncompressed
data_file	CTDC-SUBJECT-489761	3B463553-258D-4D28-AA3D-AEAD721D16AC	CTDC_files-example-131	Clinical Report	Details about the contents of the file	pdf	141.09	61959bc5c2b131b30ec6cd34acd497d139	md5sum	Unknown
data_file	CTDC-SUBJECT-489761	D4B358B4-5630-4D8B-AF38-7AF560E87B30	CTDC_files-example-132	Variant Call File	Details about the contents of the file	gz	937.89	61959bc5c2b131b30ec6cd34acd497d140	md5sum	Compressed
data_file	CTDC-SUBJECT-496827	E2E99250-C664-4B77-9264-148E5F6B3FD1	CTDC_files-example-073	Clinical Report	Details about the contents of the file	vcf	293.32	61959bc5c2b131b30ec6cd34acd497d81	md5sum	Unknown
data_file	CTDC-SUBJECT-498683	4A5ADFB2-84D8-4AE7-879F-D58CEEB2836D	CTDC_files-example-083	File Collection	Details about the contents of the file	docx	242.64	61959bc5c2b131b30ec6cd34acd497d91	md5sum	Unknown
data_file	CTDC-SUBJECT-499991	2D700002-DCFB-408F-981A-76F6CFED45C9	CTDC_files-example-024	Variant Report	Details about the contents of the file	vcf	343.69	61959bc5c2b131b30ec6cd34acd497d32	md5sum	Uncompressed
data_file	CTDC-SUBJECT-506259	E5610E68-23FC-4D9F-B4E0-94069B832C42	CTDC_files-example-030	File Collection	Details about the contents of the file	vcf	672.5	61959bc5c2b131b30ec6cd34acd497d38	md5sum	Uncompressed
data_file	CTDC-SUBJECT-506858	AEBE1EB8-ED3B-4346-9D24-015B55A1F667	CTDC_files-example-039	Variant Call File	Details about the contents of the file	pdf	152.65	61959bc5c2b131b30ec6cd34acd497d47	md5sum	Uncompressed
data_file	CTDC-SUBJECT-508659	EB11E60A-5678-491F-8AD3-C224E4B720DA	CTDC_files-example-036	Clinical Report	Details about the contents of the file	gz	664.5	61959bc5c2b131b30ec6cd34acd497d44	md5sum	Uncompressed
data_file	CTDC-SUBJECT-519269	57B70BE8-0A32-4091-84B3-070A2C1CAF01	CTDC_files-example-012	Variant Report	Details about the contents of the file	pdf	907.87	61959bc5c2b131b30ec6cd34acd497d20	md5sum	Compressed
data_file	CTDC-SUBJECT-527319	A10D003E-5FE3-4ED2-B96D-B81C0350CA13	CTDC_files-example-004	File Collection	Details about the contents of the file	zip	512.38	61959bc5c2b131b30ec6cd34acd497d12	md5sum	Compressed
data_file	CTDC-SUBJECT-550851	44C1F030-F5A9-455D-8BF6-19B0E38AB31F	CTDC_files-example-061	Clinical Report	Details about the contents of the file	gz	221.48	61959bc5c2b131b30ec6cd34acd497d69	md5sum	Compressed
data_file	CTDC-SUBJECT-554104	7805FC92-921E-4531-B75D-2829C6B39BEC	CTDC_files-example-063	File Collection	Details about the contents of the file	gz	805.95	61959bc5c2b131b30ec6cd34acd497d71	md5sum	Compressed
data_file	CTDC-SUBJECT-575176	3DF0F9EA-B16E-4EC2-9F74-E3E96D8248DD	CTDC_files-example-033	Variant Call File	Details about the contents of the file	pdf	18.3	61959bc5c2b131b30ec6cd34acd497d41	md5sum	Unknown
data_file	CTDC-SUBJECT-593393	2B4CAD62-C145-4449-9392-7F6BC007B9F8	CTDC_files-example-123	Clinical Report	Details about the contents of the file	vcf	417.74	61959bc5c2b131b30ec6cd34acd497d131	md5sum	Compressed
data_file	CTDC-SUBJECT-593393	C85A840D-AFEC-4A6A-939A-AA6C89F971AB	CTDC_files-example-124	Clinical Report	Details about the contents of the file	gz	54.42	61959bc5c2b131b30ec6cd34acd497d132	md5sum	Unknown
data_file	CTDC-SUBJECT-622335	BB1BCFA9-E142-4A6A-A3DB-095D934B86EA	CTDC_files-example-072	Clinical Report	Details about the contents of the file	zip	538.5	61959bc5c2b131b30ec6cd34acd497d80	md5sum	Uncompressed
data_file	CTDC-SUBJECT-628752	DFDE0089-3420-480C-875D-A410ED15E36A	CTDC_files-example-014	File Collection	Details about the contents of the file	zip	22.53	61959bc5c2b131b30ec6cd34acd497d22	md5sum	Uncompressed
data_file	CTDC-SUBJECT-636260	2BF96BEE-CF9A-4FCA-A776-7D48BE2B7411	CTDC_files-example-016	Variant Call File	Details about the contents of the file	gz	279.22	61959bc5c2b131b30ec6cd34acd497d24	md5sum	Uncompressed
data_file	CTDC-SUBJECT-639280	8EDEF5E6-A1CC-4A9A-8029-F26FE62AEDF6	CTDC_files-example-054	Clinical Report	Details about the contents of the file	docx	47.57	61959bc5c2b131b30ec6cd34acd497d62	md5sum	Compressed
data_file	CTDC-SUBJECT-640748	2CC00A39-ED0F-40E4-98BF-3573995E264D	CTDC_files-example-028	Clinical Report	Details about the contents of the file	vcf	877.64	61959bc5c2b131b30ec6cd34acd497d36	md5sum	Compressed
data_file	CTDC-SUBJECT-640943	6A0FFE61-9041-4D0B-B809-CFE3D33871D8	CTDC_files-example-009	File Collection	Details about the contents of the file	zip	333.69	61959bc5c2b131b30ec6cd34acd497d17	md5sum	Compressed
data_file	CTDC-SUBJECT-646347	3BD6303E-732F-4649-9B7D-9F2F8547134B	CTDC_files-example-090	File Collection	Details about the contents of the file	vcf	415.94	61959bc5c2b131b30ec6cd34acd497d98	md5sum	Unknown
data_file	CTDC-SUBJECT-648259	0DA54FF7-D944-4713-A394-0880320DB9FF	CTDC_files-example-113	File Collection	Details about the contents of the file	zip	786.37	61959bc5c2b131b30ec6cd34acd497d121	md5sum	Compressed
data_file	CTDC-SUBJECT-648259	E62D79F6-AFDA-4C6F-ACF3-2AAE4284D12C	CTDC_files-example-114	Clinical Report	Details about the contents of the file	zip	550.16	61959bc5c2b131b30ec6cd34acd497d122	md5sum	Compressed
data_file	CTDC-SUBJECT-660757	38BB1F70-DD84-4815-8DCB-E37829D3820D	CTDC_files-example-006	Clinical Report	Details about the contents of the file	gz	298.02	61959bc5c2b131b30ec6cd34acd497d14	md5sum	Unknown
data_file	CTDC-SUBJECT-668537	30B85F21-2556-4C5E-B406-79E47E01B13E	CTDC_files-example-101	Variant Report	Details about the contents of the file	vcf	264.75	61959bc5c2b131b30ec6cd34acd497d109	md5sum	Compressed
data_file	CTDC-SUBJECT-668537	5CA3312D-F957-4FF8-A6AF-1BB61D98E3E5	CTDC_files-example-102	Variant Call File	Details about the contents of the file	zip	406.37	61959bc5c2b131b30ec6cd34acd497d110	md5sum	Compressed
data_file	CTDC-SUBJECT-681212	06BC9E92-8674-402D-8A02-2B9F7438D649	CTDC_files-example-088	File Collection	Details about the contents of the file	docx	657.24	61959bc5c2b131b30ec6cd34acd497d96	md5sum	Compressed
data_file	CTDC-SUBJECT-687307	64EAC17E-6640-4BD9-BF28-77403CB1E3F3	CTDC_files-example-064	File Collection	Details about the contents of the file	zip	512.85	61959bc5c2b131b30ec6cd34acd497d72	md5sum	Uncompressed
data_file	CTDC-SUBJECT-701270	7BF35BF4-73C6-4430-9877-ACC001F4B244	CTDC_files-example-047	Variant Report	Details about the contents of the file	pdf	367.62	61959bc5c2b131b30ec6cd34acd497d55	md5sum	Unknown
data_file	CTDC-SUBJECT-702420	C8EC64D4-E45E-4A4A-AD97-472FE02625CA	CTDC_files-example-076	Variant Report	Details about the contents of the file	gz	454.95	61959bc5c2b131b30ec6cd34acd497d84	md5sum	Compressed
data_file	CTDC-SUBJECT-714422	9150F30A-9DEB-4373-8B47-F86686051867	CTDC_files-example-026	Variant Report	Details about the contents of the file	gz	982.75	61959bc5c2b131b30ec6cd34acd497d34	md5sum	Uncompressed
data_file	CTDC-SUBJECT-718374	A76BF022-903E-4AF7-BBEF-32B8A916604A	CTDC_files-example-040	Variant Report	Details about the contents of the file	zip	474.74	61959bc5c2b131b30ec6cd34acd497d48	md5sum	Uncompressed
data_file	CTDC-SUBJECT-719750	56FA7FD1-054D-450C-AC58-CD0A93C42041	CTDC_files-example-129	File Collection	Details about the contents of the file	vcf	931.46	61959bc5c2b131b30ec6cd34acd497d137	md5sum	Uncompressed
data_file	CTDC-SUBJECT-719750	456FE0BD-4FC2-4A43-B5FE-8F87F6EAEB60	CTDC_files-example-130	File Collection	Details about the contents of the file	vcf	78.74	61959bc5c2b131b30ec6cd34acd497d138	md5sum	Compressed
data_file	CTDC-SUBJECT-724275	1090A66A-BB2E-4B28-8837-42A2FA730840	CTDC_files-example-080	Clinical Report	Details about the contents of the file	gz	676.83	61959bc5c2b131b30ec6cd34acd497d88	md5sum	Unknown
data_file	CTDC-SUBJECT-724373	1A233946-2A08-4422-BB5C-4A7572971724	CTDC_files-example-056	Clinical Report	Details about the contents of the file	gz	719.44	61959bc5c2b131b30ec6cd34acd497d64	md5sum	Unknown
data_file	CTDC-SUBJECT-725631	6EC5AE47-0709-4145-92E2-AE1B9F522914	CTDC_files-example-023	Variant Call File	Details about the contents of the file	gz	812.66	61959bc5c2b131b30ec6cd34acd497d31	md5sum	Unknown
data_file	CTDC-SUBJECT-741080	4F9BBD3A-5808-4A8F-AAF2-3DBF4B6542FA	CTDC_files-example-143	Variant Call File	Details about the contents of the file	docx	592.98	61959bc5c2b131b30ec6cd34acd497d151	md5sum	Unknown
data_file	CTDC-SUBJECT-741080	B7F06AB0-9CFE-4CA0-86C9-BCB7EBABCA54	CTDC_files-example-144	Variant Report	Details about the contents of the file	pdf	207.68	61959bc5c2b131b30ec6cd34acd497d152	md5sum	Uncompressed
data_file	CTDC-SUBJECT-743178	D2C23D99-2178-41D0-94F4-450DEDFD0867	CTDC_files-example-077	Variant Report	Details about the contents of the file	gz	104.88	61959bc5c2b131b30ec6cd34acd497d85	md5sum	Uncompressed
data_file	CTDC-SUBJECT-774908	F4C5C3A8-0FD5-492B-A8FC-8C98227790E1	CTDC_files-example-060	File Collection	Details about the contents of the file	pdf	647.15	61959bc5c2b131b30ec6cd34acd497d68	md5sum	Compressed
data_file	CTDC-SUBJECT-777459	A7EFA381-822F-4F9F-B8DA-693E06E0C3AA	CTDC_files-example-041	Variant Report	Details about the contents of the file	pdf	909.91	61959bc5c2b131b30ec6cd34acd497d49	md5sum	Unknown
data_file	CTDC-SUBJECT-786247	635EF20F-A819-40EE-9371-43B931BB0A81	CTDC_files-example-035	Clinical Report	Details about the contents of the file	vcf	374.1	61959bc5c2b131b30ec6cd34acd497d43	md5sum	Compressed
data_file	CTDC-SUBJECT-809540	26B3782A-4A26-4912-AE68-2115C7029140	CTDC_files-example-034	Clinical Report	Details about the contents of the file	vcf	934.36	61959bc5c2b131b30ec6cd34acd497d42	md5sum	Compressed
data_file	CTDC-SUBJECT-821817	FB50798D-3223-447C-8888-C6C612919528	CTDC_files-example-107	Clinical Report	Details about the contents of the file	gz	669.07	61959bc5c2b131b30ec6cd34acd497d115	md5sum	Uncompressed
data_file	CTDC-SUBJECT-821817	5C795F75-AAA9-4F1E-B175-7ACC1898BDAA	CTDC_files-example-108	Clinical Report	Details about the contents of the file	gz	513.65	61959bc5c2b131b30ec6cd34acd497d116	md5sum	Compressed
data_file	CTDC-SUBJECT-826378	EDBDBAF4-86DD-4819-B567-6F94F7AE0D06	CTDC_files-example-058	Variant Report	Details about the contents of the file	vcf	179.83	61959bc5c2b131b30ec6cd34acd497d66	md5sum	Unknown
data_file	CTDC-SUBJECT-836180	3422CF26-5FE8-4921-AEA6-B6E6A40CD73A	CTDC_files-example-044	Variant Report	Details about the contents of the file	docx	383.87	61959bc5c2b131b30ec6cd34acd497d52	md5sum	Compressed
data_file	CTDC-SUBJECT-837376	41422183-234A-4F03-AF48-4859109EB9E8	CTDC_files-example-008	File Collection	Details about the contents of the file	vcf	663.18	61959bc5c2b131b30ec6cd34acd497d16	md5sum	Unknown
data_file	CTDC-SUBJECT-839702	732D34BB-6EE9-4925-B559-BE611AD41250	CTDC_files-example-086	Variant Report	Details about the contents of the file	gz	34.88	61959bc5c2b131b30ec6cd34acd497d94	md5sum	Uncompressed
data_file	CTDC-SUBJECT-846264	5C13E674-BCB2-4F0E-AC19-1FFEA0964445	CTDC_files-example-038	File Collection	Details about the contents of the file	pdf	949.46	61959bc5c2b131b30ec6cd34acd497d46	md5sum	Unknown
data_file	CTDC-SUBJECT-850225	B7EA75F2-7F3B-41DB-A7ED-4F43D82EBDF9	CTDC_files-example-031	Variant Report	Details about the contents of the file	pdf	273.04	61959bc5c2b131b30ec6cd34acd497d39	md5sum	Unknown
data_file	CTDC-SUBJECT-852840	C02036EE-0D5B-4BAC-AB6E-1957964EC527	CTDC_files-example-027	Variant Call File	Details about the contents of the file	vcf	290.25	61959bc5c2b131b30ec6cd34acd497d35	md5sum	Uncompressed
data_file	CTDC-SUBJECT-860750	4C789F32-2AB4-4994-AA00-2DF8EE64633C	CTDC_files-example-013	File Collection	Details about the contents of the file	pdf	906.77	61959bc5c2b131b30ec6cd34acd497d21	md5sum	Compressed
data_file	CTDC-SUBJECT-865958	17ADAC40-6353-4D49-A222-7BC4F4648AD3	CTDC_files-example-059	Clinical Report	Details about the contents of the file	gz	533.59	61959bc5c2b131b30ec6cd34acd497d67	md5sum	Uncompressed
data_file	CTDC-SUBJECT-880446	2A67B067-02CE-46D0-AE2D-73199DB4D7FE	CTDC_files-example-082	File Collection	Details about the contents of the file	docx	105.16	61959bc5c2b131b30ec6cd34acd497d90	md5sum	Uncompressed
data_file	CTDC-SUBJECT-894501	21937C79-6C55-40C8-9621-FD3820F976AE	CTDC_files-example-115	Variant Call File	Details about the contents of the file	docx	753.53	61959bc5c2b131b30ec6cd34acd497d123	md5sum	Uncompressed
data_file	CTDC-SUBJECT-894501	5F86E796-E722-427B-895A-F8BB8C08F764	CTDC_files-example-116	File Collection	Details about the contents of the file	docx	872.87	61959bc5c2b131b30ec6cd34acd497d124	md5sum	Compressed
data_file	CTDC-SUBJECT-895243	C806C3F6-97C3-4663-9995-E25C065F463C	CTDC_files-example-046	File Collection	Details about the contents of the file	vcf	817.89	61959bc5c2b131b30ec6cd34acd497d54	md5sum	Unknown
data_file	CTDC-SUBJECT-906674	5A2341B8-BDF6-4F98-AB64-289E8C4EB48D	CTDC_files-example-011	File Collection	Details about the contents of the file	zip	528.67	61959bc5c2b131b30ec6cd34acd497d19	md5sum	Uncompressed
data_file	CTDC-SUBJECT-908831	24459363-C4AF-413F-8D43-F94EAF14CC25	CTDC_files-example-017	Variant Call File	Details about the contents of the file	zip	930.5	61959bc5c2b131b30ec6cd34acd497d25	md5sum	Unknown
data_file	CTDC-SUBJECT-922456	D1498413-9360-4287-A28E-F87BD58D460C	CTDC_files-example-137	Variant Report	Details about the contents of the file	gz	932.43	61959bc5c2b131b30ec6cd34acd497d145	md5sum	Unknown
data_file	CTDC-SUBJECT-922456	39E24C34-F041-48EE-997D-24964DE68CB1	CTDC_files-example-138	Variant Call File	Details about the contents of the file	zip	331.24	61959bc5c2b131b30ec6cd34acd497d146	md5sum	Uncompressed
data_file	CTDC-SUBJECT-924034	2236A8E4-B350-41D9-874D-ED0C45821690	CTDC_files-example-141	Variant Call File	Details about the contents of the file	docx	940.7	61959bc5c2b131b30ec6cd34acd497d149	md5sum	Uncompressed
data_file	CTDC-SUBJECT-924034	96D77966-1700-4DD0-9298-CF34361164FF	CTDC_files-example-142	Clinical Report	Details about the contents of the file	vcf	498.53	61959bc5c2b131b30ec6cd34acd497d150	md5sum	Compressed
data_file	CTDC-SUBJECT-946167	B69F9B2A-2087-412C-A630-65C01BCE8DE9	CTDC_files-example-074	Variant Call File	Details about the contents of the file	gz	475.15	61959bc5c2b131b30ec6cd34acd497d82	md5sum	Compressed
data_file	CTDC-SUBJECT-954089	C55A1A64-D7B1-48A5-892E-9CC09329B04F	CTDC_files-example-022	Variant Call File	Details about the contents of the file	vcf	448.51	61959bc5c2b131b30ec6cd34acd497d30	md5sum	Uncompressed
data_file	CTDC-SUBJECT-956705	0058CBAD-4673-4F2A-AB95-785984784583	CTDC_files-example-010	Variant Report	Details about the contents of the file	vcf	414.04	61959bc5c2b131b30ec6cd34acd497d18	md5sum	Unknown
data_file	CTDC-SUBJECT-959503	5114597C-9093-4D0C-A258-BFB2BEB3A443	CTDC_files-example-109	Variant Report	Details about the contents of the file	docx	315.33	61959bc5c2b131b30ec6cd34acd497d117	md5sum	Unknown
data_file	CTDC-SUBJECT-959503	E4B8D7A7-B452-424B-89E6-C5B8E43EF5AB	CTDC_files-example-110	Clinical Report	Details about the contents of the file	pdf	257.47	61959bc5c2b131b30ec6cd34acd497d118	md5sum	Compressed
data_file	CTDC-SUBJECT-959628	471598D3-8F3E-42DF-A8BF-F3E87FEDFD27	CTDC_files-example-050	Variant Report	Details about the contents of the file	pdf	139.16	61959bc5c2b131b30ec6cd34acd497d58	md5sum	Unknown
data_file	CTDC-SUBJECT-969430	B1AB0514-88CA-4BB3-BDF9-E5EB382745E5	CTDC_files-example-139	File Collection	Details about the contents of the file	gz	635.48	61959bc5c2b131b30ec6cd34acd497d147	md5sum	Unknown
data_file	CTDC-SUBJECT-969430	6880FA2D-0B8D-41B6-8927-E5F41F297868	CTDC_files-example-140	Variant Call File	Details about the contents of the file	vcf	469.22	61959bc5c2b131b30ec6cd34acd497d148	md5sum	Unknown
data_file	CTDC-SUBJECT-980511	41A6A26E-022D-4703-8B52-151F9ADCD551	CTDC_files-example-135	Variant Call File	Details about the contents of the file	pdf	479.79	61959bc5c2b131b30ec6cd34acd497d143	md5sum	Compressed
data_file	CTDC-SUBJECT-980511	AF5FAD2A-2535-4498-BAC7-921714D80A72	CTDC_files-example-136	Variant Call File	Details about the contents of the file	vcf	685.8	61959bc5c2b131b30ec6cd34acd497d144	md5sum	Compressed
data_file	CTDC-SUBJECT-995809	2F6768AB-1EA6-4052-BBBD-0129C66F3932	CTDC_files-example-069	Variant Call File	Details about the contents of the file	zip	881.48	61959bc5c2b131b30ec6cd34acd497d77	md5sum	Compressed
