type	study.study_short_name	participant_id	biomarker_results_available	radiology_report_available	radiology_images_available	histology_images_available
subject	CMB	CTDC-SUBJECT-343157	Unknown	Yes	Unknown	No
subject	CMB	CTDC-SUBJECT-456210	Unknown	Unknown	Yes	Yes
subject	CMB	CTDC-SUBJECT-408391	No	Unknown	No	Yes
subject	CMB	CTDC-SUBJECT-527319	Yes	Unknown	No	No
subject	CMB	CTDC-SUBJECT-288185	No	Yes	Unknown	No
subject	CMB	CTDC-SUBJECT-660757	Yes	Yes	No	Yes
subject	CMB	CTDC-SUBJECT-165330	No	Yes	Unknown	Unknown
subject	CMB	CTDC-SUBJECT-837376	No	No	No	No
subject	CMB	CTDC-SUBJECT-640943	No	Unknown	Unknown	No
subject	CMB	CTDC-SUBJECT-956705	Unknown	Unknown	No	No
subject	CMB	CTDC-SUBJECT-906674	Unknown	Yes	Unknown	No
subject	CMB	CTDC-SUBJECT-519269	Yes	Yes	No	Unknown
subject	CMB	CTDC-SUBJECT-860750	Yes	Yes	Yes	Unknown
subject	CMB	CTDC-SUBJECT-628752	Unknown	Yes	Yes	Yes
subject	CMB	CTDC-SUBJECT-459688	Unknown	Yes	Unknown	Unknown
subject	CMB	CTDC-SUBJECT-636260	Unknown	Unknown	No	Yes
subject	CMB	CTDC-SUBJECT-908831	No	No	No	No
subject	CMB	CTDC-SUBJECT-163620	Yes	No	No	No
subject	CMB	CTDC-SUBJECT-328245	No	No	Unknown	No
subject	CMB	CTDC-SUBJECT-445414	Yes	Yes	Unknown	Yes
subject	CMB	CTDC-SUBJECT-310021	Unknown	No	Unknown	No
subject	CMB	CTDC-SUBJECT-954089	No	Unknown	No	No
subject	CMB	CTDC-SUBJECT-725631	Unknown	Yes	Unknown	Yes
subject	CMB	CTDC-SUBJECT-499991	No	Yes	Unknown	Yes
subject	CMB	CTDC-SUBJECT-192223	No	No	Yes	No
subject	CMB	CTDC-SUBJECT-714422	Yes	Yes	Unknown	No
subject	CMB	CTDC-SUBJECT-852840	Unknown	Unknown	No	No
subject	CMB	CTDC-SUBJECT-640748	No	Unknown	Yes	Yes
subject	CMB	CTDC-SUBJECT-328307	No	Unknown	Unknown	Unknown
subject	CMB	CTDC-SUBJECT-506259	Yes	Unknown	No	Unknown
subject	CMB	CTDC-SUBJECT-850225	Unknown	No	Yes	Yes
subject	CMB	CTDC-SUBJECT-443429	Unknown	Unknown	No	Unknown
subject	CMB	CTDC-SUBJECT-575176	Yes	No	No	No
subject	CMB	CTDC-SUBJECT-809540	No	No	No	Yes
subject	CMB	CTDC-SUBJECT-786247	No	Unknown	No	No
subject	CMB	CTDC-SUBJECT-508659	Unknown	Unknown	Yes	Yes
subject	CMB	CTDC-SUBJECT-405624	No	Unknown	Yes	Unknown
subject	CMB	CTDC-SUBJECT-846264	Unknown	Yes	Unknown	Unknown
subject	CMB	CTDC-SUBJECT-506858	No	Yes	No	Unknown
subject	CMB	CTDC-SUBJECT-718374	Unknown	No	Unknown	No
subject	CMB	CTDC-SUBJECT-777459	Yes	No	Yes	No
subject	CMB	CTDC-SUBJECT-210323	No	Unknown	Unknown	No
subject	CMB	CTDC-SUBJECT-254303	Unknown	No	Unknown	No
subject	CMB	CTDC-SUBJECT-836180	Unknown	Unknown	Unknown	Unknown
subject	CMB	CTDC-SUBJECT-456180	Yes	Yes	No	Yes
subject	CMB	CTDC-SUBJECT-895243	No	Unknown	Yes	Unknown
subject	CMB	CTDC-SUBJECT-701270	Unknown	Unknown	No	Yes
subject	CMB	CTDC-SUBJECT-336076	Unknown	Yes	Yes	Unknown
subject	CMB	CTDC-SUBJECT-273839	Yes	No	No	Unknown
subject	CMB	CTDC-SUBJECT-959628	Unknown	No	Yes	No
subject	CMB	CTDC-SUBJECT-293993	Yes	Unknown	Yes	Unknown
subject	CMB	CTDC-SUBJECT-296184	No	No	Unknown	Unknown
subject	CMB	CTDC-SUBJECT-387207	Yes	No	Unknown	Unknown
subject	CMB	CTDC-SUBJECT-639280	Yes	Yes	No	Unknown
subject	CMB	CTDC-SUBJECT-423309	No	Unknown	Yes	Yes
subject	CMB	CTDC-SUBJECT-724373	Unknown	No	Unknown	No
subject	CMB	CTDC-SUBJECT-254053	Unknown	No	Yes	Unknown
subject	CMB	CTDC-SUBJECT-826378	Yes	No	No	Yes
subject	CMB	CTDC-SUBJECT-865958	Unknown	No	Unknown	No
subject	CMB	CTDC-SUBJECT-774908	No	Yes	Unknown	Yes
subject	CMB	CTDC-SUBJECT-550851	No	No	Unknown	Yes
subject	CMB	CTDC-SUBJECT-249982	No	Unknown	No	No
subject	CMB	CTDC-SUBJECT-554104	Yes	No	Yes	Unknown
subject	CMB	CTDC-SUBJECT-687307	Yes	Unknown	Yes	Yes
subject	CMB	CTDC-SUBJECT-265741	No	Yes	No	Yes
subject	CMB	CTDC-SUBJECT-463006	Unknown	Yes	Unknown	Unknown
subject	CMB	CTDC-SUBJECT-390783	No	Yes	Unknown	Yes
subject	CMB	CTDC-SUBJECT-180549	Yes	Unknown	No	Unknown
subject	CMB	CTDC-SUBJECT-995809	Yes	Unknown	No	Yes
subject	CMB	CTDC-SUBJECT-386686	Unknown	No	Unknown	No
subject	CMB	CTDC-SUBJECT-262510	Yes	Yes	No	Yes
subject	CMB	CTDC-SUBJECT-622335	Yes	Yes	Yes	No
subject	CMB	CTDC-SUBJECT-496827	Yes	No	Unknown	Unknown
subject	CMB	CTDC-SUBJECT-946167	Yes	Yes	Yes	Unknown
subject	CMB	CTDC-SUBJECT-252950	Yes	No	Unknown	No
subject	CMB	CTDC-SUBJECT-702420	Yes	Unknown	No	No
subject	CMB	CTDC-SUBJECT-743178	Yes	Yes	Unknown	Yes
subject	CMB	CTDC-SUBJECT-206266	Yes	Yes	No	No
subject	CMB	CTDC-SUBJECT-161315	Yes	No	Yes	Unknown
subject	CMB	CTDC-SUBJECT-724275	Unknown	Unknown	No	Yes
subject	CMB	CTDC-SUBJECT-417394	No	Yes	Unknown	No
subject	CMB	CTDC-SUBJECT-880446	Yes	Unknown	No	No
subject	CMB	CTDC-SUBJECT-498683	No	No	Unknown	Yes
subject	CMB	CTDC-SUBJECT-379968	No	Yes	Yes	Unknown
subject	CMB	CTDC-SUBJECT-408313	Yes	No	Yes	Unknown
subject	CMB	CTDC-SUBJECT-839702	Yes	Yes	Unknown	Unknown
subject	CMB	CTDC-SUBJECT-202893	No	No	No	Yes
subject	CMB	CTDC-SUBJECT-681212	No	Unknown	Yes	Yes
subject	CMB	CTDC-SUBJECT-221942	Yes	No	Yes	Unknown
subject	CMB	CTDC-SUBJECT-646347	Unknown	Unknown	Unknown	No
subject	CMB	CTDC-SUBJECT-301806	Yes	No	Unknown	Yes
subject	CMB	CTDC-SUBJECT-159850	Unknown	Yes	Yes	Yes
subject	CMB	CTDC-SUBJECT-447893	Yes	Yes	No	Yes
subject	CMB	CTDC-SUBJECT-105359	No	Unknown	Yes	No
subject	CMB	CTDC-SUBJECT-323772	Yes	Yes	No	No
subject	CMB	CTDC-SUBJECT-668537	No	Unknown	No	No
subject	CMB	CTDC-SUBJECT-389624	Unknown	Unknown	No	Yes
subject	CMB	CTDC-SUBJECT-211748	Yes	Yes	Yes	No
subject	CMB	CTDC-SUBJECT-821817	No	Yes	Unknown	No
subject	CMB	CTDC-SUBJECT-959503	Yes	Unknown	Yes	Unknown
subject	CMB	CTDC-SUBJECT-476464	Yes	Unknown	Yes	Unknown
subject	CMB	CTDC-SUBJECT-648259	Unknown	No	Yes	Yes
subject	CMB	CTDC-SUBJECT-894501	No	Unknown	Unknown	No
subject	CMB	CTDC-SUBJECT-115563	No	No	Yes	No
subject	CMB	CTDC-SUBJECT-433750	Unknown	No	Yes	No
subject	CMB	CTDC-SUBJECT-144313	Yes	Unknown	Unknown	Yes
subject	CMB	CTDC-SUBJECT-593393	Unknown	Yes	Yes	No
subject	CMB	CTDC-SUBJECT-436957	Yes	Yes	No	Unknown
subject	CMB	CTDC-SUBJECT-116372	No	Unknown	Unknown	No
subject	CMB	CTDC-SUBJECT-719750	No	Unknown	Unknown	No
subject	CMB	CTDC-SUBJECT-489761	Unknown	Unknown	Unknown	Unknown
subject	CMB	CTDC-SUBJECT-189635	Yes	No	Unknown	Unknown
subject	CMB	CTDC-SUBJECT-980511	No	No	Unknown	Yes
subject	CMB	CTDC-SUBJECT-922456	Yes	No	Yes	Unknown
subject	CMB	CTDC-SUBJECT-969430	No	Yes	Yes	Unknown
subject	CMB	CTDC-SUBJECT-924034	No	No	Unknown	No
subject	CMB	CTDC-SUBJECT-741080	Yes	Yes	No	Unknown
subject	CMB	CTDC-SUBJECT-221047	Unknown	Unknown	Unknown	Unknown
subject	CMB	CTDC-SUBJECT-480486	Unknown	No	No	Yes
subject	CMB	CTDC-SUBJECT-247208	Yes	No	No	Unknown
subject	CMB	CTDC-SUBJECT-390087	Yes	No	Unknown	Unknown
subject	CMB	CTDC-SUBJECT-316498	No	Yes	No	Unknown
subject	CMB	CTDC-SUBJECT-144844	Unknown	Yes	Unknown	Yes
subject	CMB	CTDC-SUBJECT-956257	Yes	No	Unknown	No
subject	CMB	CTDC-SUBJECT-880100	No	Unknown	No	No
subject	CMB	CTDC-SUBJECT-241144	Unknown	Yes	No	Unknown
subject	CMB	CTDC-SUBJECT-649082	No	Unknown	Unknown	Unknown
subject	CMB	CTDC-SUBJECT-818301	Yes	Unknown	Unknown	No
subject	CMB	CTDC-SUBJECT-348141	Unknown	Unknown	Unknown	No
subject	CMB	CTDC-SUBJECT-123051	Yes	Unknown	Unknown	Unknown
subject	CMB	CTDC-SUBJECT-926826	Unknown	Yes	Yes	Yes
subject	CMB	CTDC-SUBJECT-580164	Yes	Unknown	Unknown	No
subject	CMB	CTDC-SUBJECT-848158	No	Yes	Yes	Yes
subject	CMB	CTDC-SUBJECT-362134	No	No	No	No
subject	CMB	CTDC-SUBJECT-406843	Yes	Unknown	No	Yes
subject	CMB	CTDC-SUBJECT-107225	No	Yes	Yes	No
subject	CMB	CTDC-SUBJECT-453504	Unknown	Unknown	Yes	No
subject	CMB	CTDC-SUBJECT-375632	Yes	No	Yes	Unknown
subject	CMB	CTDC-SUBJECT-484915	Unknown	Yes	Unknown	No
subject	CMB	CTDC-SUBJECT-196654	Unknown	Yes	Yes	No
subject	CMB	CTDC-SUBJECT-947001	Unknown	No	Unknown	No
subject	CMB	CTDC-SUBJECT-811589	No	No	Yes	Yes
subject	CMB	CTDC-SUBJECT-169598	No	No	No	Yes
subject	CMB	CTDC-SUBJECT-346190	Unknown	Unknown	Unknown	Unknown
subject	CMB	CTDC-SUBJECT-589930	Yes	Unknown	No	Unknown
subject	CMB	CTDC-SUBJECT-341676	No	Unknown	Unknown	No
subject	CMB	CTDC-SUBJECT-147802	Yes	Yes	No	Yes
subject	CMB	CTDC-SUBJECT-588312	Yes	Yes	No	Yes
subject	CMB	CTDC-SUBJECT-718208	Unknown	No	Unknown	Unknown
subject	CMB	CTDC-SUBJECT-581720	No	Unknown	Yes	Yes
