type	subject.subject_id	subject_status_record_id	survival_status	off_study	off_study_reason
subject_status	CTDC-SUBJECT-343157	CTDC-SUBJECT-STATUS-261347	Alive with No Evidence of Disease	No	TECHNICAL PROBLEMS
subject_status	CTDC-SUBJECT-456210	CTDC-SUBJECT-STATUS-971893	Alive with No Evidence of Disease	Yes	SPONSOR REQUEST
subject_status	CTDC-SUBJECT-408391	CTDC-SUBJECT-STATUS-444265	Alive with Disease	Yes	SCREEN FAILURE
subject_status	CTDC-SUBJECT-527319	CTDC-SUBJECT-STATUS-142491	Dead	Yes	NON-COMPLIANCE WITH STUDY DEVICE
subject_status	CTDC-SUBJECT-288185	CTDC-SUBJECT-STATUS-399725	Dead	Unknown	RANDOMIZED BY MISTAKE WITH STUDY TREATMENT
subject_status	CTDC-SUBJECT-660757	CTDC-SUBJECT-STATUS-855271	Dead	No	PHYSICIAN DECISION
subject_status	CTDC-SUBJECT-165330	CTDC-SUBJECT-STATUS-118214	Alive with Disease	Unknown	TECHNICAL PROBLEMS
subject_status	CTDC-SUBJECT-837376	CTDC-SUBJECT-STATUS-748187	Dead	Yes	SPONSOR REQUEST
subject_status	CTDC-SUBJECT-640943	CTDC-SUBJECT-STATUS-920695	Dead	Unknown	OTHER
subject_status	CTDC-SUBJECT-956705	CTDC-SUBJECT-STATUS-599605	Alive, Disease Status Unknown	Yes	MET ELIGIBILITY CRITERIA BUT NOT NEEDED
subject_status	CTDC-SUBJECT-906674	CTDC-SUBJECT-STATUS-768805	Alive with No Evidence of Disease	Unknown	NON-COMPLIANCE WITH STUDY SCHEDULE
subject_status	CTDC-SUBJECT-519269	CTDC-SUBJECT-STATUS-803814	Alive with No Evidence of Disease	Yes	NO LONGER CLINICALLY BENEFITING
subject_status	CTDC-SUBJECT-860750	CTDC-SUBJECT-STATUS-523496	Dead	Yes	PROTOCOL VIOLATION
subject_status	CTDC-SUBJECT-628752	CTDC-SUBJECT-STATUS-996705	Alive with No Evidence of Disease	No	PHYSICIAN DECISION
subject_status	CTDC-SUBJECT-459688	CTDC-SUBJECT-STATUS-226935	Dead	Unknown	FAILURE TO MEET CONTINUATION CRITERIA
subject_status	CTDC-SUBJECT-636260	CTDC-SUBJECT-STATUS-942185	Dead	No	RANDOMIZED BY MISTAKE WITH STUDY TREATMENT
subject_status	CTDC-SUBJECT-908831	CTDC-SUBJECT-STATUS-715185	Dead	Yes	NO LONGER CLINICALLY BENEFITING
subject_status	CTDC-SUBJECT-163620	CTDC-SUBJECT-STATUS-448989	Alive with Disease	Yes	OTHER
subject_status	CTDC-SUBJECT-328245	CTDC-SUBJECT-STATUS-346317	Alive with Disease	No	MET ELIGIBILITY CRITERIA BUT NOT NEEDED
subject_status	CTDC-SUBJECT-445414	CTDC-SUBJECT-STATUS-906687	Alive, Disease Status Unknown	Yes	REQUIRES PROHIBITED MEDICATION
subject_status	CTDC-SUBJECT-310021	CTDC-SUBJECT-STATUS-232011	Dead	Unknown	WITHDRAWAL OF CONSENT
subject_status	CTDC-SUBJECT-954089	CTDC-SUBJECT-STATUS-862493	Dead	No	SITE TERMINATED BY SPONSOR
subject_status	CTDC-SUBJECT-725631	CTDC-SUBJECT-STATUS-683282	Alive with Disease	No	RECOVERY
subject_status	CTDC-SUBJECT-499991	CTDC-SUBJECT-STATUS-339428	Alive with Disease	Unknown	COMPLETED
subject_status	CTDC-SUBJECT-192223	CTDC-SUBJECT-STATUS-176944	Alive with Disease	Yes	SPONSOR REQUEST
subject_status	CTDC-SUBJECT-714422	CTDC-SUBJECT-STATUS-616138	Alive with Disease	No	NEVER DOSED
subject_status	CTDC-SUBJECT-852840	CTDC-SUBJECT-STATUS-522758	Alive, Disease Status Unknown	Yes	NON-COMPLIANCE WITH NON-STUDY DEVICE
subject_status	CTDC-SUBJECT-640748	CTDC-SUBJECT-STATUS-110100	Dead	Unknown	COMPLETED
subject_status	CTDC-SUBJECT-328307	CTDC-SUBJECT-STATUS-578435	Alive with Disease	No	RANDOMIZED BY MISTAKE WITHOUT STUDY TREATMENT
subject_status	CTDC-SUBJECT-506259	CTDC-SUBJECT-STATUS-810000	Alive with No Evidence of Disease	Unknown	PHYSICIAN DECISION
subject_status	CTDC-SUBJECT-850225	CTDC-SUBJECT-STATUS-576345	Dead	Yes	COMPLETED
subject_status	CTDC-SUBJECT-443429	CTDC-SUBJECT-STATUS-350959	Alive, Disease Status Unknown	No	STUDY TERMINATED BY SPONSOR
subject_status	CTDC-SUBJECT-575176	CTDC-SUBJECT-STATUS-667842	Alive with Disease	Yes	SPONSOR REQUEST
subject_status	CTDC-SUBJECT-809540	CTDC-SUBJECT-STATUS-676925	Alive with Disease	No	PHYSICIAN DECISION
subject_status	CTDC-SUBJECT-786247	CTDC-SUBJECT-STATUS-530521	Alive, Disease Status Unknown	Yes	SITE TERMINATED BY SPONSOR
subject_status	CTDC-SUBJECT-508659	CTDC-SUBJECT-STATUS-916013	Alive with No Evidence of Disease	No	WITHDRAWAL BY PARENT/GUARDIAN
subject_status	CTDC-SUBJECT-405624	CTDC-SUBJECT-STATUS-356728	Dead	Yes	REQUIRES PROHIBITED MEDICATION
subject_status	CTDC-SUBJECT-846264	CTDC-SUBJECT-STATUS-326510	Alive, Disease Status Unknown	Unknown	REQUIRES PROHIBITED MEDICATION
subject_status	CTDC-SUBJECT-506858	CTDC-SUBJECT-STATUS-236624	Alive with No Evidence of Disease	No	FAILURE TO MEET CONTINUATION CRITERIA
subject_status	CTDC-SUBJECT-718374	CTDC-SUBJECT-STATUS-201623	Alive with Disease	Unknown	RANDOMIZED BY MISTAKE WITHOUT STUDY TREATMENT
subject_status	CTDC-SUBJECT-777459	CTDC-SUBJECT-STATUS-159485	Alive with Disease	No	NON-COMPLIANCE WITH STUDY SCHEDULE
subject_status	CTDC-SUBJECT-210323	CTDC-SUBJECT-STATUS-593218	Alive with No Evidence of Disease	Yes	NON-COMPLIANCE WITH STUDY DRUG
subject_status	CTDC-SUBJECT-254303	CTDC-SUBJECT-STATUS-641733	Alive with No Evidence of Disease	No	WITHDRAWAL BY PARENT/GUARDIAN
subject_status	CTDC-SUBJECT-836180	CTDC-SUBJECT-STATUS-751567	Dead	Unknown	TECHNICAL PROBLEMS
subject_status	CTDC-SUBJECT-456180	CTDC-SUBJECT-STATUS-180192	Alive, Disease Status Unknown	No	RANDOMIZED BY MISTAKE
subject_status	CTDC-SUBJECT-895243	CTDC-SUBJECT-STATUS-724643	Alive with No Evidence of Disease	Unknown	PROTOCOL DEVIATION
subject_status	CTDC-SUBJECT-701270	CTDC-SUBJECT-STATUS-270887	Alive with No Evidence of Disease	Yes	ADVERSE EVENT
subject_status	CTDC-SUBJECT-336076	CTDC-SUBJECT-STATUS-940460	Dead	No	LOST TO FOLLOW-UP
subject_status	CTDC-SUBJECT-273839	CTDC-SUBJECT-STATUS-324672	Alive, Disease Status Unknown	Unknown	COMPLETED
subject_status	CTDC-SUBJECT-959628	CTDC-SUBJECT-STATUS-661849	Alive, Disease Status Unknown	No	PROTOCOL VIOLATION
subject_status	CTDC-SUBJECT-293993	CTDC-SUBJECT-STATUS-281932	Dead	Unknown	WITHDRAWAL OF CONSENT
subject_status	CTDC-SUBJECT-296184	CTDC-SUBJECT-STATUS-526815	Alive with No Evidence of Disease	No	DEATH
subject_status	CTDC-SUBJECT-387207	CTDC-SUBJECT-STATUS-917252	Alive, Disease Status Unknown	No	WITHDRAWAL OF ASSENT
subject_status	CTDC-SUBJECT-639280	CTDC-SUBJECT-STATUS-174288	Alive with Disease	Unknown	PHYSICIAN DECISION
subject_status	CTDC-SUBJECT-423309	CTDC-SUBJECT-STATUS-455653	Alive, Disease Status Unknown	Unknown	PROTOCOL-SPECIFIED WITHDRAWAL CRITERION MET
subject_status	CTDC-SUBJECT-724373	CTDC-SUBJECT-STATUS-203914	Dead	Unknown	MET ELIGIBILITY CRITERIA BUT NOT NEEDED
subject_status	CTDC-SUBJECT-254053	CTDC-SUBJECT-STATUS-892214	Alive with No Evidence of Disease	No	PREGNANCY
subject_status	CTDC-SUBJECT-826378	CTDC-SUBJECT-STATUS-290811	Dead	Yes	REQUIRES PROHIBITED MEDICATION
subject_status	CTDC-SUBJECT-865958	CTDC-SUBJECT-STATUS-301176	Alive with No Evidence of Disease	Unknown	LOST TO FOLLOW-UP
subject_status	CTDC-SUBJECT-774908	CTDC-SUBJECT-STATUS-794111	Alive, Disease Status Unknown	Unknown	PROGRESSIVE DISEASE
subject_status	CTDC-SUBJECT-550851	CTDC-SUBJECT-STATUS-652589	Alive, Disease Status Unknown	No	RANDOMIZED BY MISTAKE WITHOUT STUDY TREATMENT
subject_status	CTDC-SUBJECT-249982	CTDC-SUBJECT-STATUS-228280	Alive with Disease	Yes	PHYSICIAN DECISION
subject_status	CTDC-SUBJECT-554104	CTDC-SUBJECT-STATUS-970608	Dead	Yes	WITHDRAWAL BY SUBJECT
subject_status	CTDC-SUBJECT-687307	CTDC-SUBJECT-STATUS-329747	Alive with Disease	Yes	LACK OF EFFICACY
subject_status	CTDC-SUBJECT-265741	CTDC-SUBJECT-STATUS-393717	Dead	Unknown	SITE TERMINATED BY SPONSOR
subject_status	CTDC-SUBJECT-463006	CTDC-SUBJECT-STATUS-332678	Dead	No	NON-COMPLIANCE WITH STUDY DEVICE
subject_status	CTDC-SUBJECT-390783	CTDC-SUBJECT-STATUS-262712	Dead	No	PROGRESSIVE DISEASE
subject_status	CTDC-SUBJECT-180549	CTDC-SUBJECT-STATUS-704665	Alive with No Evidence of Disease	Unknown	PARTNER PREGNANCY
subject_status	CTDC-SUBJECT-995809	CTDC-SUBJECT-STATUS-674550	Alive with Disease	Unknown	WITHDRAWAL BY SUBJECT
subject_status	CTDC-SUBJECT-386686	CTDC-SUBJECT-STATUS-990530	Dead	No	PROTOCOL-SPECIFIED WITHDRAWAL CRITERION MET
subject_status	CTDC-SUBJECT-262510	CTDC-SUBJECT-STATUS-483000	Alive with No Evidence of Disease	Unknown	WITHDRAWAL BY SUBJECT
subject_status	CTDC-SUBJECT-622335	CTDC-SUBJECT-STATUS-131818	Alive with Disease	Yes	PREGNANCY
subject_status	CTDC-SUBJECT-496827	CTDC-SUBJECT-STATUS-571754	Alive with Disease	Unknown	APPROVED DRUG AVAILABLE FOR INDICATION
subject_status	CTDC-SUBJECT-946167	CTDC-SUBJECT-STATUS-602409	Alive, Disease Status Unknown	Unknown	RECOVERY
subject_status	CTDC-SUBJECT-252950	CTDC-SUBJECT-STATUS-910626	Alive, Disease Status Unknown	Unknown	NO LONGER CLINICALLY BENEFITING
subject_status	CTDC-SUBJECT-702420	CTDC-SUBJECT-STATUS-410591	Alive, Disease Status Unknown	Yes	PROTOCOL VIOLATION
subject_status	CTDC-SUBJECT-743178	CTDC-SUBJECT-STATUS-856486	Alive with Disease	Yes	SCREENING NOT COMPLETED
subject_status	CTDC-SUBJECT-206266	CTDC-SUBJECT-STATUS-751045	Alive with Disease	No	STUDY TERMINATED BY SPONSOR
subject_status	CTDC-SUBJECT-161315	CTDC-SUBJECT-STATUS-414663	Alive, Disease Status Unknown	Yes	LACK OF EFFICACY
subject_status	CTDC-SUBJECT-724275	CTDC-SUBJECT-STATUS-157420	Alive with No Evidence of Disease	Yes	COMPLETED
subject_status	CTDC-SUBJECT-417394	CTDC-SUBJECT-STATUS-933793	Alive with Disease	No	ADVERSE EVENT
subject_status	CTDC-SUBJECT-880446	CTDC-SUBJECT-STATUS-709940	Alive with No Evidence of Disease	No	STUDY TERMINATED BY SPONSOR
subject_status	CTDC-SUBJECT-498683	CTDC-SUBJECT-STATUS-760423	Alive with No Evidence of Disease	Unknown	RANDOMIZED BY MISTAKE WITHOUT STUDY TREATMENT
subject_status	CTDC-SUBJECT-379968	CTDC-SUBJECT-STATUS-768848	Alive, Disease Status Unknown	Yes	WITHDRAWAL OF ASSENT
subject_status	CTDC-SUBJECT-408313	CTDC-SUBJECT-STATUS-668127	Dead	Unknown	WITHDRAWAL BY PARENT/GUARDIAN
subject_status	CTDC-SUBJECT-839702	CTDC-SUBJECT-STATUS-552318	Alive with Disease	No	SPONSOR REQUEST
subject_status	CTDC-SUBJECT-202893	CTDC-SUBJECT-STATUS-340880	Alive, Disease Status Unknown	No	LACK OF EFFICACY
subject_status	CTDC-SUBJECT-681212	CTDC-SUBJECT-STATUS-242248	Alive with No Evidence of Disease	Yes	DEATH
subject_status	CTDC-SUBJECT-221942	CTDC-SUBJECT-STATUS-985162	Dead	Unknown	SITE TERMINATED BY SPONSOR
subject_status	CTDC-SUBJECT-646347	CTDC-SUBJECT-STATUS-433542	Alive with No Evidence of Disease	No	SCREENING NOT COMPLETED
subject_status	CTDC-SUBJECT-301806	CTDC-SUBJECT-STATUS-964571	Alive, Disease Status Unknown	No	RANDOMIZED BY MISTAKE
subject_status	CTDC-SUBJECT-159850	CTDC-SUBJECT-STATUS-267805	Alive with Disease	No	TECHNICAL PROBLEMS
subject_status	CTDC-SUBJECT-447893	CTDC-SUBJECT-STATUS-604182	Alive, Disease Status Unknown	Yes	WITHDRAWAL BY SUBJECT
subject_status	CTDC-SUBJECT-105359	CTDC-SUBJECT-STATUS-310856	Alive with No Evidence of Disease	No	STUDY TERMINATED BY SPONSOR
subject_status	CTDC-SUBJECT-323772	CTDC-SUBJECT-STATUS-685368	Alive with No Evidence of Disease	No	PROTOCOL-SPECIFIED WITHDRAWAL CRITERION MET
subject_status	CTDC-SUBJECT-668537	CTDC-SUBJECT-STATUS-312561	Alive, Disease Status Unknown	Unknown	RECOVERY
subject_status	CTDC-SUBJECT-389624	CTDC-SUBJECT-STATUS-788475	Alive, Disease Status Unknown	Unknown	DISEASE RELAPSE
subject_status	CTDC-SUBJECT-211748	CTDC-SUBJECT-STATUS-573861	Alive with Disease	Unknown	SPONSOR REQUEST
subject_status	CTDC-SUBJECT-821817	CTDC-SUBJECT-STATUS-920802	Alive, Disease Status Unknown	No	RANDOMIZED BY MISTAKE WITH STUDY TREATMENT
subject_status	CTDC-SUBJECT-959503	CTDC-SUBJECT-STATUS-916034	Alive with No Evidence of Disease	No	PROTOCOL VIOLATION
subject_status	CTDC-SUBJECT-476464	CTDC-SUBJECT-STATUS-675647	Alive with Disease	No	RANDOMIZED BY MISTAKE WITHOUT STUDY TREATMENT
subject_status	CTDC-SUBJECT-648259	CTDC-SUBJECT-STATUS-973959	Alive with No Evidence of Disease	Yes	PHYSICIAN DECISION
subject_status	CTDC-SUBJECT-894501	CTDC-SUBJECT-STATUS-989158	Alive, Disease Status Unknown	Yes	REQUIRES PROHIBITED MEDICATION
subject_status	CTDC-SUBJECT-115563	CTDC-SUBJECT-STATUS-969284	Dead	No	PARTNER PREGNANCY
subject_status	CTDC-SUBJECT-433750	CTDC-SUBJECT-STATUS-737132	Alive with No Evidence of Disease	Yes	APPROVED DRUG AVAILABLE FOR INDICATION
subject_status	CTDC-SUBJECT-144313	CTDC-SUBJECT-STATUS-800643	Alive with No Evidence of Disease	Unknown	SPONSOR REQUEST
subject_status	CTDC-SUBJECT-593393	CTDC-SUBJECT-STATUS-452383	Dead	Unknown	DEATH
subject_status	CTDC-SUBJECT-436957	CTDC-SUBJECT-STATUS-342480	Alive with Disease	Unknown	NON-COMPLIANCE WITH STUDY DEVICE
subject_status	CTDC-SUBJECT-116372	CTDC-SUBJECT-STATUS-934666	Alive with Disease	Yes	TECHNICAL PROBLEMS
subject_status	CTDC-SUBJECT-719750	CTDC-SUBJECT-STATUS-919000	Dead	Unknown	RANDOMIZED BY MISTAKE WITHOUT STUDY TREATMENT
subject_status	CTDC-SUBJECT-489761	CTDC-SUBJECT-STATUS-961125	Alive with Disease	No	SPONSOR REQUEST
subject_status	CTDC-SUBJECT-189635	CTDC-SUBJECT-STATUS-241837	Alive, Disease Status Unknown	Unknown	LACK OF EFFICACY
subject_status	CTDC-SUBJECT-980511	CTDC-SUBJECT-STATUS-539449	Alive with Disease	No	STUDY TERMINATED BY SPONSOR
subject_status	CTDC-SUBJECT-922456	CTDC-SUBJECT-STATUS-962172	Alive with No Evidence of Disease	Unknown	ADVERSE EVENT
subject_status	CTDC-SUBJECT-969430	CTDC-SUBJECT-STATUS-555560	Alive with Disease	Yes	SCREEN FAILURE
subject_status	CTDC-SUBJECT-924034	CTDC-SUBJECT-STATUS-557902	Dead	Unknown	RECOVERY
subject_status	CTDC-SUBJECT-741080	CTDC-SUBJECT-STATUS-453378	Dead	Yes	FAILURE TO MEET RANDOMIZATION CRITERIA
subject_status	CTDC-SUBJECT-221047	CTDC-SUBJECT-STATUS-291331	Alive with No Evidence of Disease	Unknown	APPROVED DRUG AVAILABLE FOR INDICATION
subject_status	CTDC-SUBJECT-480486	CTDC-SUBJECT-STATUS-988216	Alive with Disease	Unknown	WITHDRAWAL BY PARENT/GUARDIAN
subject_status	CTDC-SUBJECT-247208	CTDC-SUBJECT-STATUS-303882	Alive with Disease	Yes	REQUIRES PROHIBITED MEDICATION
subject_status	CTDC-SUBJECT-390087	CTDC-SUBJECT-STATUS-599741	Dead	Unknown	DEATH
subject_status	CTDC-SUBJECT-316498	CTDC-SUBJECT-STATUS-236794	Alive, Disease Status Unknown	No	WITHDRAWAL OF ASSENT
subject_status	CTDC-SUBJECT-144844	CTDC-SUBJECT-STATUS-493121	Alive with Disease	No	PARTNER PREGNANCY
subject_status	CTDC-SUBJECT-956257	CTDC-SUBJECT-STATUS-664958	Dead	No	PARTNER PREGNANCY
subject_status	CTDC-SUBJECT-880100	CTDC-SUBJECT-STATUS-762859	Alive, Disease Status Unknown	Yes	PHYSICIAN DECISION
subject_status	CTDC-SUBJECT-241144	CTDC-SUBJECT-STATUS-637699	Alive, Disease Status Unknown	Yes	REQUIRES PROHIBITED MEDICATION
subject_status	CTDC-SUBJECT-649082	CTDC-SUBJECT-STATUS-172872	Alive with No Evidence of Disease	Yes	RANDOMIZED BY MISTAKE WITHOUT STUDY TREATMENT
subject_status	CTDC-SUBJECT-818301	CTDC-SUBJECT-STATUS-629053	Alive with Disease	Unknown	REQUIRES PROHIBITED MEDICATION
subject_status	CTDC-SUBJECT-348141	CTDC-SUBJECT-STATUS-807712	Alive with No Evidence of Disease	No	PROTOCOL DEVIATION
subject_status	CTDC-SUBJECT-123051	CTDC-SUBJECT-STATUS-888320	Dead	Unknown	PARTNER PREGNANCY
subject_status	CTDC-SUBJECT-926826	CTDC-SUBJECT-STATUS-290789	Alive with Disease	No	NON-COMPLIANCE WITH STUDY DEVICE
subject_status	CTDC-SUBJECT-580164	CTDC-SUBJECT-STATUS-944612	Alive with Disease	No	DISEASE RELAPSE
subject_status	CTDC-SUBJECT-848158	CTDC-SUBJECT-STATUS-811541	Alive, Disease Status Unknown	Yes	PROTOCOL-SPECIFIED WITHDRAWAL CRITERION MET
subject_status	CTDC-SUBJECT-362134	CTDC-SUBJECT-STATUS-327978	Alive with Disease	Unknown	PREGNANCY
subject_status	CTDC-SUBJECT-406843	CTDC-SUBJECT-STATUS-676278	Dead	Unknown	PROGRESSIVE DISEASE
subject_status	CTDC-SUBJECT-107225	CTDC-SUBJECT-STATUS-373026	Alive with Disease	No	NON-COMPLIANCE WITH STUDY DRUG
subject_status	CTDC-SUBJECT-453504	CTDC-SUBJECT-STATUS-474082	Alive, Disease Status Unknown	Unknown	TECHNICAL PROBLEMS
subject_status	CTDC-SUBJECT-375632	CTDC-SUBJECT-STATUS-448303	Dead	Unknown	SCREEN FAILURE
subject_status	CTDC-SUBJECT-484915	CTDC-SUBJECT-STATUS-629008	Alive with Disease	Unknown	LOGISTICAL PROBLEM
subject_status	CTDC-SUBJECT-196654	CTDC-SUBJECT-STATUS-468469	Alive, Disease Status Unknown	Unknown	PROTOCOL-SPECIFIED WITHDRAWAL CRITERION MET
subject_status	CTDC-SUBJECT-947001	CTDC-SUBJECT-STATUS-278371	Dead	Yes	NO LONGER CLINICALLY BENEFITING
subject_status	CTDC-SUBJECT-811589	CTDC-SUBJECT-STATUS-152474	Alive, Disease Status Unknown	Unknown	APPROVED DRUG AVAILABLE FOR INDICATION
subject_status	CTDC-SUBJECT-169598	CTDC-SUBJECT-STATUS-547323	Alive with Disease	Unknown	REQUIRES PROHIBITED MEDICATION
subject_status	CTDC-SUBJECT-346190	CTDC-SUBJECT-STATUS-898653	Dead	Yes	NON-COMPLIANCE WITH NON-STUDY DEVICE
subject_status	CTDC-SUBJECT-589930	CTDC-SUBJECT-STATUS-105651	Alive with No Evidence of Disease	No	WITHDRAWAL BY PARENT/GUARDIAN
subject_status	CTDC-SUBJECT-341676	CTDC-SUBJECT-STATUS-552858	Dead	Yes	RECOVERY
subject_status	CTDC-SUBJECT-147802	CTDC-SUBJECT-STATUS-374619	Alive with Disease	Yes	SITE TERMINATED BY SPONSOR
subject_status	CTDC-SUBJECT-588312	CTDC-SUBJECT-STATUS-846328	Alive with Disease	Unknown	SCREENING NOT COMPLETED
subject_status	CTDC-SUBJECT-718208	CTDC-SUBJECT-STATUS-748606	Alive with No Evidence of Disease	Yes	NO LONGER CLINICALLY BENEFITING
subject_status	CTDC-SUBJECT-581720	CTDC-SUBJECT-STATUS-968044	Alive with Disease	Yes	DEATH
